prompt_index,prompt_text,step,rate,seed,ssim
0,A domestic cat sitting on a wooden floor,2,0.0,42,0.9968
0,A domestic cat sitting on a wooden floor,2,0.0,43,0.9975
0,A domestic cat sitting on a wooden floor,2,0.0,44,0.9966
0,A domestic cat sitting on a wooden floor,2,0.0,45,0.9978
0,A domestic cat sitting on a wooden floor,2,0.0,46,0.9973
0,A domestic cat sitting on a wooden floor,2,0.25,42,0.9973
0,A domestic cat sitting on a wooden floor,2,0.25,43,0.9977
0,A domestic cat sitting on a wooden floor,2,0.25,44,0.9974
0,A domestic cat sitting on a wooden floor,2,0.25,45,0.9971
0,A domestic cat sitting on a wooden floor,2,0.25,46,0.997
0,A domestic cat sitting on a wooden floor,2,0.375,42,0.9959
0,A domestic cat sitting on a wooden floor,2,0.375,43,0.9974
0,A domestic cat sitting on a wooden floor,2,0.375,44,0.9965
0,A domestic cat sitting on a wooden floor,2,0.375,45,0.9929
0,A domestic cat sitting on a wooden floor,2,0.375,46,0.9944
0,A domestic cat sitting on a wooden floor,2,0.5,42,0.9914
0,A domestic cat sitting on a wooden floor,2,0.5,43,0.9969
0,A domestic cat sitting on a wooden floor,2,0.5,44,0.9965
0,A domestic cat sitting on a wooden floor,2,0.5,45,0.9942
0,A domestic cat sitting on a wooden floor,2,0.5,46,0.9859
0,A domestic cat sitting on a wooden floor,2,0.625,42,0.9674
0,A domestic cat sitting on a wooden floor,2,0.625,43,0.9896
0,A domestic cat sitting on a wooden floor,2,0.625,44,0.9916
0,A domestic cat sitting on a wooden floor,2,0.625,45,0.9879
0,A domestic cat sitting on a wooden floor,2,0.625,46,0.9789
0,A domestic cat sitting on a wooden floor,2,0.6875,42,0.9467
0,A domestic cat sitting on a wooden floor,2,0.6875,43,0.9799
0,A domestic cat sitting on a wooden floor,2,0.6875,44,0.9753
0,A domestic cat sitting on a wooden floor,2,0.6875,45,0.978
0,A domestic cat sitting on a wooden floor,2,0.6875,46,0.9664
0,A domestic cat sitting on a wooden floor,2,0.75,42,0.9109
0,A domestic cat sitting on a wooden floor,2,0.75,43,0.9486
0,A domestic cat sitting on a wooden floor,2,0.75,44,0.9502
0,A domestic cat sitting on a wooden floor,2,0.75,45,0.9203
0,A domestic cat sitting on a wooden floor,2,0.75,46,0.9291
0,A domestic cat sitting on a wooden floor,2,0.8125,42,0.7612
0,A domestic cat sitting on a wooden floor,2,0.8125,43,0.8166
0,A domestic cat sitting on a wooden floor,2,0.8125,44,0.8645
0,A domestic cat sitting on a wooden floor,2,0.8125,45,0.8014
0,A domestic cat sitting on a wooden floor,2,0.8125,46,0.7836
0,A domestic cat sitting on a wooden floor,2,0.875,42,0.2779
0,A domestic cat sitting on a wooden floor,2,0.875,43,0.2891
0,A domestic cat sitting on a wooden floor,2,0.875,44,0.4005
0,A domestic cat sitting on a wooden floor,2,0.875,45,0.3638
0,A domestic cat sitting on a wooden floor,2,0.875,46,0.2481
0,A domestic cat sitting on a wooden floor,4,0.0,42,0.9953
0,A domestic cat sitting on a wooden floor,4,0.0,43,0.998
0,A domestic cat sitting on a wooden floor,4,0.0,44,0.998
0,A domestic cat sitting on a wooden floor,4,0.0,45,0.9984
0,A domestic cat sitting on a wooden floor,4,0.0,46,0.9947
0,A domestic cat sitting on a wooden floor,4,0.25,42,0.9978
0,A domestic cat sitting on a wooden floor,4,0.25,43,0.9979
0,A domestic cat sitting on a wooden floor,4,0.25,44,0.9977
0,A domestic cat sitting on a wooden floor,4,0.25,45,0.9985
0,A domestic cat sitting on a wooden floor,4,0.25,46,0.9962
0,A domestic cat sitting on a wooden floor,4,0.375,42,0.9957
0,A domestic cat sitting on a wooden floor,4,0.375,43,0.9977
0,A domestic cat sitting on a wooden floor,4,0.375,44,0.9974
0,A domestic cat sitting on a wooden floor,4,0.375,45,0.9985
0,A domestic cat sitting on a wooden floor,4,0.375,46,0.9957
0,A domestic cat sitting on a wooden floor,4,0.5,42,0.9939
0,A domestic cat sitting on a wooden floor,4,0.5,43,0.9968
0,A domestic cat sitting on a wooden floor,4,0.5,44,0.9968
0,A domestic cat sitting on a wooden floor,4,0.5,45,0.9971
0,A domestic cat sitting on a wooden floor,4,0.5,46,0.9971
0,A domestic cat sitting on a wooden floor,4,0.625,42,0.9928
0,A domestic cat sitting on a wooden floor,4,0.625,43,0.9937
0,A domestic cat sitting on a wooden floor,4,0.625,44,0.994
0,A domestic cat sitting on a wooden floor,4,0.625,45,0.9959
0,A domestic cat sitting on a wooden floor,4,0.625,46,0.9874
0,A domestic cat sitting on a wooden floor,4,0.6875,42,0.9757
0,A domestic cat sitting on a wooden floor,4,0.6875,43,0.9845
0,A domestic cat sitting on a wooden floor,4,0.6875,44,0.9834
0,A domestic cat sitting on a wooden floor,4,0.6875,45,0.971
0,A domestic cat sitting on a wooden floor,4,0.6875,46,0.9714
0,A domestic cat sitting on a wooden floor,4,0.75,42,0.9397
0,A domestic cat sitting on a wooden floor,4,0.75,43,0.9602
0,A domestic cat sitting on a wooden floor,4,0.75,44,0.9751
0,A domestic cat sitting on a wooden floor,4,0.75,45,0.9486
0,A domestic cat sitting on a wooden floor,4,0.75,46,0.9205
0,A domestic cat sitting on a wooden floor,4,0.8125,42,0.8017
0,A domestic cat sitting on a wooden floor,4,0.8125,43,0.8654
0,A domestic cat sitting on a wooden floor,4,0.8125,44,0.9216
0,A domestic cat sitting on a wooden floor,4,0.8125,45,0.8469
0,A domestic cat sitting on a wooden floor,4,0.8125,46,0.8363
0,A domestic cat sitting on a wooden floor,4,0.875,42,0.3023
0,A domestic cat sitting on a wooden floor,4,0.875,43,0.3169
0,A domestic cat sitting on a wooden floor,4,0.875,44,0.4798
0,A domestic cat sitting on a wooden floor,4,0.875,45,0.4142
0,A domestic cat sitting on a wooden floor,4,0.875,46,0.2966
0,A domestic cat sitting on a wooden floor,6,0.0,42,0.9965
0,A domestic cat sitting on a wooden floor,6,0.0,43,0.9984
0,A domestic cat sitting on a wooden floor,6,0.0,44,0.998
0,A domestic cat sitting on a wooden floor,6,0.0,45,0.9985
0,A domestic cat sitting on a wooden floor,6,0.0,46,0.9964
0,A domestic cat sitting on a wooden floor,6,0.25,42,0.9981
0,A domestic cat sitting on a wooden floor,6,0.25,43,0.9983
0,A domestic cat sitting on a wooden floor,6,0.25,44,0.9977
0,A domestic cat sitting on a wooden floor,6,0.25,45,0.9986
0,A domestic cat sitting on a wooden floor,6,0.25,46,0.9961
0,A domestic cat sitting on a wooden floor,6,0.375,42,0.9977
0,A domestic cat sitting on a wooden floor,6,0.375,43,0.9982
0,A domestic cat sitting on a wooden floor,6,0.375,44,0.9977
0,A domestic cat sitting on a wooden floor,6,0.375,45,0.9985
0,A domestic cat sitting on a wooden floor,6,0.375,46,0.996
0,A domestic cat sitting on a wooden floor,6,0.5,42,0.995
0,A domestic cat sitting on a wooden floor,6,0.5,43,0.9974
0,A domestic cat sitting on a wooden floor,6,0.5,44,0.9979
0,A domestic cat sitting on a wooden floor,6,0.5,45,0.9979
0,A domestic cat sitting on a wooden floor,6,0.5,46,0.9973
0,A domestic cat sitting on a wooden floor,6,0.625,42,0.9921
0,A domestic cat sitting on a wooden floor,6,0.625,43,0.9925
0,A domestic cat sitting on a wooden floor,6,0.625,44,0.9953
0,A domestic cat sitting on a wooden floor,6,0.625,45,0.9902
0,A domestic cat sitting on a wooden floor,6,0.625,46,0.9933
0,A domestic cat sitting on a wooden floor,6,0.6875,42,0.9847
0,A domestic cat sitting on a wooden floor,6,0.6875,43,0.9885
0,A domestic cat sitting on a wooden floor,6,0.6875,44,0.9931
0,A domestic cat sitting on a wooden floor,6,0.6875,45,0.9845
0,A domestic cat sitting on a wooden floor,6,0.6875,46,0.9885
0,A domestic cat sitting on a wooden floor,6,0.75,42,0.954
0,A domestic cat sitting on a wooden floor,6,0.75,43,0.9714
0,A domestic cat sitting on a wooden floor,6,0.75,44,0.9796
0,A domestic cat sitting on a wooden floor,6,0.75,45,0.9557
0,A domestic cat sitting on a wooden floor,6,0.75,46,0.9555
0,A domestic cat sitting on a wooden floor,6,0.8125,42,0.8219
0,A domestic cat sitting on a wooden floor,6,0.8125,43,0.9075
0,A domestic cat sitting on a wooden floor,6,0.8125,44,0.9365
0,A domestic cat sitting on a wooden floor,6,0.8125,45,0.8785
0,A domestic cat sitting on a wooden floor,6,0.8125,46,0.8787
0,A domestic cat sitting on a wooden floor,6,0.875,42,0.4038
0,A domestic cat sitting on a wooden floor,6,0.875,43,0.3504
0,A domestic cat sitting on a wooden floor,6,0.875,44,0.5068
0,A domestic cat sitting on a wooden floor,6,0.875,45,0.4759
0,A domestic cat sitting on a wooden floor,6,0.875,46,0.3483
0,A domestic cat sitting on a wooden floor,8,0.0,42,0.9983
0,A domestic cat sitting on a wooden floor,8,0.0,43,0.9984
0,A domestic cat sitting on a wooden floor,8,0.0,44,0.9983
0,A domestic cat sitting on a wooden floor,8,0.0,45,0.9987
0,A domestic cat sitting on a wooden floor,8,0.0,46,0.998
0,A domestic cat sitting on a wooden floor,8,0.25,42,0.9984
0,A domestic cat sitting on a wooden floor,8,0.25,43,0.9982
0,A domestic cat sitting on a wooden floor,8,0.25,44,0.9983
0,A domestic cat sitting on a wooden floor,8,0.25,45,0.9987
0,A domestic cat sitting on a wooden floor,8,0.25,46,0.9983
0,A domestic cat sitting on a wooden floor,8,0.375,42,0.9982
0,A domestic cat sitting on a wooden floor,8,0.375,43,0.9983
0,A domestic cat sitting on a wooden floor,8,0.375,44,0.9982
0,A domestic cat sitting on a wooden floor,8,0.375,45,0.9987
0,A domestic cat sitting on a wooden floor,8,0.375,46,0.9982
0,A domestic cat sitting on a wooden floor,8,0.5,42,0.9977
0,A domestic cat sitting on a wooden floor,8,0.5,43,0.9979
0,A domestic cat sitting on a wooden floor,8,0.5,44,0.9979
0,A domestic cat sitting on a wooden floor,8,0.5,45,0.9984
0,A domestic cat sitting on a wooden floor,8,0.5,46,0.9964
0,A domestic cat sitting on a wooden floor,8,0.625,42,0.9943
0,A domestic cat sitting on a wooden floor,8,0.625,43,0.9956
0,A domestic cat sitting on a wooden floor,8,0.625,44,0.996
0,A domestic cat sitting on a wooden floor,8,0.625,45,0.9953
0,A domestic cat sitting on a wooden floor,8,0.625,46,0.9939
0,A domestic cat sitting on a wooden floor,8,0.6875,42,0.9904
0,A domestic cat sitting on a wooden floor,8,0.6875,43,0.9898
0,A domestic cat sitting on a wooden floor,8,0.6875,44,0.9924
0,A domestic cat sitting on a wooden floor,8,0.6875,45,0.9899
0,A domestic cat sitting on a wooden floor,8,0.6875,46,0.9881
0,A domestic cat sitting on a wooden floor,8,0.75,42,0.9746
0,A domestic cat sitting on a wooden floor,8,0.75,43,0.9748
0,A domestic cat sitting on a wooden floor,8,0.75,44,0.9789
0,A domestic cat sitting on a wooden floor,8,0.75,45,0.9752
0,A domestic cat sitting on a wooden floor,8,0.75,46,0.9759
0,A domestic cat sitting on a wooden floor,8,0.8125,42,0.8663
0,A domestic cat sitting on a wooden floor,8,0.8125,43,0.9191
0,A domestic cat sitting on a wooden floor,8,0.8125,44,0.9324
0,A domestic cat sitting on a wooden floor,8,0.8125,45,0.8928
0,A domestic cat sitting on a wooden floor,8,0.8125,46,0.8902
0,A domestic cat sitting on a wooden floor,8,0.875,42,0.4173
0,A domestic cat sitting on a wooden floor,8,0.875,43,0.3951
0,A domestic cat sitting on a wooden floor,8,0.875,44,0.5404
0,A domestic cat sitting on a wooden floor,8,0.875,45,0.4969
0,A domestic cat sitting on a wooden floor,8,0.875,46,0.3831
0,A domestic cat sitting on a wooden floor,10,0.0,42,0.9984
0,A domestic cat sitting on a wooden floor,10,0.0,43,0.9985
0,A domestic cat sitting on a wooden floor,10,0.0,44,0.9986
0,A domestic cat sitting on a wooden floor,10,0.0,45,0.9987
0,A domestic cat sitting on a wooden floor,10,0.0,46,0.9977
0,A domestic cat sitting on a wooden floor,10,0.25,42,0.9985
0,A domestic cat sitting on a wooden floor,10,0.25,43,0.9985
0,A domestic cat sitting on a wooden floor,10,0.25,44,0.9985
0,A domestic cat sitting on a wooden floor,10,0.25,45,0.9987
0,A domestic cat sitting on a wooden floor,10,0.25,46,0.9981
0,A domestic cat sitting on a wooden floor,10,0.375,42,0.9984
0,A domestic cat sitting on a wooden floor,10,0.375,43,0.9983
0,A domestic cat sitting on a wooden floor,10,0.375,44,0.9985
0,A domestic cat sitting on a wooden floor,10,0.375,45,0.9987
0,A domestic cat sitting on a wooden floor,10,0.375,46,0.9974
0,A domestic cat sitting on a wooden floor,10,0.5,42,0.9978
0,A domestic cat sitting on a wooden floor,10,0.5,43,0.9982
0,A domestic cat sitting on a wooden floor,10,0.5,44,0.9977
0,A domestic cat sitting on a wooden floor,10,0.5,45,0.9985
0,A domestic cat sitting on a wooden floor,10,0.5,46,0.9974
0,A domestic cat sitting on a wooden floor,10,0.625,42,0.995
0,A domestic cat sitting on a wooden floor,10,0.625,43,0.9959
0,A domestic cat sitting on a wooden floor,10,0.625,44,0.9968
0,A domestic cat sitting on a wooden floor,10,0.625,45,0.9971
0,A domestic cat sitting on a wooden floor,10,0.625,46,0.996
0,A domestic cat sitting on a wooden floor,10,0.6875,42,0.99
0,A domestic cat sitting on a wooden floor,10,0.6875,43,0.9912
0,A domestic cat sitting on a wooden floor,10,0.6875,44,0.9941
0,A domestic cat sitting on a wooden floor,10,0.6875,45,0.9933
0,A domestic cat sitting on a wooden floor,10,0.6875,46,0.9934
0,A domestic cat sitting on a wooden floor,10,0.75,42,0.9755
0,A domestic cat sitting on a wooden floor,10,0.75,43,0.9768
0,A domestic cat sitting on a wooden floor,10,0.75,44,0.9833
0,A domestic cat sitting on a wooden floor,10,0.75,45,0.9781
0,A domestic cat sitting on a wooden floor,10,0.75,46,0.9806
0,A domestic cat sitting on a wooden floor,10,0.8125,42,0.8938
0,A domestic cat sitting on a wooden floor,10,0.8125,43,0.9219
0,A domestic cat sitting on a wooden floor,10,0.8125,44,0.9368
0,A domestic cat sitting on a wooden floor,10,0.8125,45,0.9143
0,A domestic cat sitting on a wooden floor,10,0.8125,46,0.9058
0,A domestic cat sitting on a wooden floor,10,0.875,42,0.4705
0,A domestic cat sitting on a wooden floor,10,0.875,43,0.4539
0,A domestic cat sitting on a wooden floor,10,0.875,44,0.5564
0,A domestic cat sitting on a wooden floor,10,0.875,45,0.5421
0,A domestic cat sitting on a wooden floor,10,0.875,46,0.4728
0,A domestic cat sitting on a wooden floor,12,0.0,42,0.9986
0,A domestic cat sitting on a wooden floor,12,0.0,43,0.9986
0,A domestic cat sitting on a wooden floor,12,0.0,44,0.9985
0,A domestic cat sitting on a wooden floor,12,0.0,45,0.9988
0,A domestic cat sitting on a wooden floor,12,0.0,46,0.9986
0,A domestic cat sitting on a wooden floor,12,0.25,42,0.9985
0,A domestic cat sitting on a wooden floor,12,0.25,43,0.9986
0,A domestic cat sitting on a wooden floor,12,0.25,44,0.9985
0,A domestic cat sitting on a wooden floor,12,0.25,45,0.9988
0,A domestic cat sitting on a wooden floor,12,0.25,46,0.9987
0,A domestic cat sitting on a wooden floor,12,0.375,42,0.9985
0,A domestic cat sitting on a wooden floor,12,0.375,43,0.9985
0,A domestic cat sitting on a wooden floor,12,0.375,44,0.998
0,A domestic cat sitting on a wooden floor,12,0.375,45,0.9988
0,A domestic cat sitting on a wooden floor,12,0.375,46,0.9985
0,A domestic cat sitting on a wooden floor,12,0.5,42,0.9983
0,A domestic cat sitting on a wooden floor,12,0.5,43,0.9983
0,A domestic cat sitting on a wooden floor,12,0.5,44,0.998
0,A domestic cat sitting on a wooden floor,12,0.5,45,0.9985
0,A domestic cat sitting on a wooden floor,12,0.5,46,0.9981
0,A domestic cat sitting on a wooden floor,12,0.625,42,0.9966
0,A domestic cat sitting on a wooden floor,12,0.625,43,0.9968
0,A domestic cat sitting on a wooden floor,12,0.625,44,0.9975
0,A domestic cat sitting on a wooden floor,12,0.625,45,0.9974
0,A domestic cat sitting on a wooden floor,12,0.625,46,0.9971
0,A domestic cat sitting on a wooden floor,12,0.6875,42,0.993
0,A domestic cat sitting on a wooden floor,12,0.6875,43,0.994
0,A domestic cat sitting on a wooden floor,12,0.6875,44,0.9951
0,A domestic cat sitting on a wooden floor,12,0.6875,45,0.9937
0,A domestic cat sitting on a wooden floor,12,0.6875,46,0.9933
0,A domestic cat sitting on a wooden floor,12,0.75,42,0.9782
0,A domestic cat sitting on a wooden floor,12,0.75,43,0.9827
0,A domestic cat sitting on a wooden floor,12,0.75,44,0.9852
0,A domestic cat sitting on a wooden floor,12,0.75,45,0.9831
0,A domestic cat sitting on a wooden floor,12,0.75,46,0.9854
0,A domestic cat sitting on a wooden floor,12,0.8125,42,0.9073
0,A domestic cat sitting on a wooden floor,12,0.8125,43,0.9339
0,A domestic cat sitting on a wooden floor,12,0.8125,44,0.9476
0,A domestic cat sitting on a wooden floor,12,0.8125,45,0.9222
0,A domestic cat sitting on a wooden floor,12,0.8125,46,0.9215
0,A domestic cat sitting on a wooden floor,12,0.875,42,0.5141
0,A domestic cat sitting on a wooden floor,12,0.875,43,0.5005
0,A domestic cat sitting on a wooden floor,12,0.875,44,0.5475
0,A domestic cat sitting on a wooden floor,12,0.875,45,0.504
0,A domestic cat sitting on a wooden floor,12,0.875,46,0.5114
0,A domestic cat sitting on a wooden floor,14,0.0,42,0.9986
0,A domestic cat sitting on a wooden floor,14,0.0,43,0.9987
0,A domestic cat sitting on a wooden floor,14,0.0,44,0.9987
0,A domestic cat sitting on a wooden floor,14,0.0,45,0.9989
0,A domestic cat sitting on a wooden floor,14,0.0,46,0.9987
0,A domestic cat sitting on a wooden floor,14,0.25,42,0.9986
0,A domestic cat sitting on a wooden floor,14,0.25,43,0.9986
0,A domestic cat sitting on a wooden floor,14,0.25,44,0.9985
0,A domestic cat sitting on a wooden floor,14,0.25,45,0.9989
0,A domestic cat sitting on a wooden floor,14,0.25,46,0.9987
0,A domestic cat sitting on a wooden floor,14,0.375,42,0.9986
0,A domestic cat sitting on a wooden floor,14,0.375,43,0.9987
0,A domestic cat sitting on a wooden floor,14,0.375,44,0.9982
0,A domestic cat sitting on a wooden floor,14,0.375,45,0.9988
0,A domestic cat sitting on a wooden floor,14,0.375,46,0.9986
0,A domestic cat sitting on a wooden floor,14,0.5,42,0.9983
0,A domestic cat sitting on a wooden floor,14,0.5,43,0.9985
0,A domestic cat sitting on a wooden floor,14,0.5,44,0.9979
0,A domestic cat sitting on a wooden floor,14,0.5,45,0.9987
0,A domestic cat sitting on a wooden floor,14,0.5,46,0.9984
0,A domestic cat sitting on a wooden floor,14,0.625,42,0.9972
0,A domestic cat sitting on a wooden floor,14,0.625,43,0.9975
0,A domestic cat sitting on a wooden floor,14,0.625,44,0.9971
0,A domestic cat sitting on a wooden floor,14,0.625,45,0.9975
0,A domestic cat sitting on a wooden floor,14,0.625,46,0.9971
0,A domestic cat sitting on a wooden floor,14,0.6875,42,0.9937
0,A domestic cat sitting on a wooden floor,14,0.6875,43,0.9949
0,A domestic cat sitting on a wooden floor,14,0.6875,44,0.9953
0,A domestic cat sitting on a wooden floor,14,0.6875,45,0.994
0,A domestic cat sitting on a wooden floor,14,0.6875,46,0.9946
0,A domestic cat sitting on a wooden floor,14,0.75,42,0.9812
0,A domestic cat sitting on a wooden floor,14,0.75,43,0.9847
0,A domestic cat sitting on a wooden floor,14,0.75,44,0.9869
0,A domestic cat sitting on a wooden floor,14,0.75,45,0.9839
0,A domestic cat sitting on a wooden floor,14,0.75,46,0.9866
0,A domestic cat sitting on a wooden floor,14,0.8125,42,0.908
0,A domestic cat sitting on a wooden floor,14,0.8125,43,0.9477
0,A domestic cat sitting on a wooden floor,14,0.8125,44,0.9489
0,A domestic cat sitting on a wooden floor,14,0.8125,45,0.9272
0,A domestic cat sitting on a wooden floor,14,0.8125,46,0.9257
0,A domestic cat sitting on a wooden floor,14,0.875,42,0.4898
0,A domestic cat sitting on a wooden floor,14,0.875,43,0.52
0,A domestic cat sitting on a wooden floor,14,0.875,44,0.5436
0,A domestic cat sitting on a wooden floor,14,0.875,45,0.5022
0,A domestic cat sitting on a wooden floor,14,0.875,46,0.539
0,A domestic cat sitting on a wooden floor,16,0.0,42,0.9987
0,A domestic cat sitting on a wooden floor,16,0.0,43,0.9988
0,A domestic cat sitting on a wooden floor,16,0.0,44,0.9988
0,A domestic cat sitting on a wooden floor,16,0.0,45,0.9989
0,A domestic cat sitting on a wooden floor,16,0.0,46,0.9988
0,A domestic cat sitting on a wooden floor,16,0.25,42,0.9987
0,A domestic cat sitting on a wooden floor,16,0.25,43,0.9987
0,A domestic cat sitting on a wooden floor,16,0.25,44,0.9988
0,A domestic cat sitting on a wooden floor,16,0.25,45,0.9989
0,A domestic cat sitting on a wooden floor,16,0.25,46,0.9988
0,A domestic cat sitting on a wooden floor,16,0.375,42,0.9987
0,A domestic cat sitting on a wooden floor,16,0.375,43,0.9987
0,A domestic cat sitting on a wooden floor,16,0.375,44,0.9987
0,A domestic cat sitting on a wooden floor,16,0.375,45,0.9989
0,A domestic cat sitting on a wooden floor,16,0.375,46,0.9988
0,A domestic cat sitting on a wooden floor,16,0.5,42,0.9985
0,A domestic cat sitting on a wooden floor,16,0.5,43,0.9985
0,A domestic cat sitting on a wooden floor,16,0.5,44,0.9984
0,A domestic cat sitting on a wooden floor,16,0.5,45,0.9987
0,A domestic cat sitting on a wooden floor,16,0.5,46,0.9986
0,A domestic cat sitting on a wooden floor,16,0.625,42,0.9972
0,A domestic cat sitting on a wooden floor,16,0.625,43,0.9975
0,A domestic cat sitting on a wooden floor,16,0.625,44,0.9976
0,A domestic cat sitting on a wooden floor,16,0.625,45,0.9976
0,A domestic cat sitting on a wooden floor,16,0.625,46,0.9975
0,A domestic cat sitting on a wooden floor,16,0.6875,42,0.9943
0,A domestic cat sitting on a wooden floor,16,0.6875,43,0.9953
0,A domestic cat sitting on a wooden floor,16,0.6875,44,0.9956
0,A domestic cat sitting on a wooden floor,16,0.6875,45,0.9945
0,A domestic cat sitting on a wooden floor,16,0.6875,46,0.9954
0,A domestic cat sitting on a wooden floor,16,0.75,42,0.9818
0,A domestic cat sitting on a wooden floor,16,0.75,43,0.9875
0,A domestic cat sitting on a wooden floor,16,0.75,44,0.9887
0,A domestic cat sitting on a wooden floor,16,0.75,45,0.9838
0,A domestic cat sitting on a wooden floor,16,0.75,46,0.9876
0,A domestic cat sitting on a wooden floor,16,0.8125,42,0.9047
0,A domestic cat sitting on a wooden floor,16,0.8125,43,0.9489
0,A domestic cat sitting on a wooden floor,16,0.8125,44,0.9477
0,A domestic cat sitting on a wooden floor,16,0.8125,45,0.9275
0,A domestic cat sitting on a wooden floor,16,0.8125,46,0.9431
0,A domestic cat sitting on a wooden floor,16,0.875,42,0.4903
0,A domestic cat sitting on a wooden floor,16,0.875,43,0.5562
0,A domestic cat sitting on a wooden floor,16,0.875,44,0.5484
0,A domestic cat sitting on a wooden floor,16,0.875,45,0.5274
0,A domestic cat sitting on a wooden floor,16,0.875,46,0.516
0,A domestic cat sitting on a wooden floor,18,0.0,42,0.9989
0,A domestic cat sitting on a wooden floor,18,0.0,43,0.9989
0,A domestic cat sitting on a wooden floor,18,0.0,44,0.9988
0,A domestic cat sitting on a wooden floor,18,0.0,45,0.9989
0,A domestic cat sitting on a wooden floor,18,0.0,46,0.9988
0,A domestic cat sitting on a wooden floor,18,0.25,42,0.9988
0,A domestic cat sitting on a wooden floor,18,0.25,43,0.9988
0,A domestic cat sitting on a wooden floor,18,0.25,44,0.9988
0,A domestic cat sitting on a wooden floor,18,0.25,45,0.9989
0,A domestic cat sitting on a wooden floor,18,0.25,46,0.9988
0,A domestic cat sitting on a wooden floor,18,0.375,42,0.9988
0,A domestic cat sitting on a wooden floor,18,0.375,43,0.9988
0,A domestic cat sitting on a wooden floor,18,0.375,44,0.9988
0,A domestic cat sitting on a wooden floor,18,0.375,45,0.9989
0,A domestic cat sitting on a wooden floor,18,0.375,46,0.9988
0,A domestic cat sitting on a wooden floor,18,0.5,42,0.9986
0,A domestic cat sitting on a wooden floor,18,0.5,43,0.9987
0,A domestic cat sitting on a wooden floor,18,0.5,44,0.9987
0,A domestic cat sitting on a wooden floor,18,0.5,45,0.9988
0,A domestic cat sitting on a wooden floor,18,0.5,46,0.9987
0,A domestic cat sitting on a wooden floor,18,0.625,42,0.9972
0,A domestic cat sitting on a wooden floor,18,0.625,43,0.9977
0,A domestic cat sitting on a wooden floor,18,0.625,44,0.9977
0,A domestic cat sitting on a wooden floor,18,0.625,45,0.9977
0,A domestic cat sitting on a wooden floor,18,0.625,46,0.9976
0,A domestic cat sitting on a wooden floor,18,0.6875,42,0.9941
0,A domestic cat sitting on a wooden floor,18,0.6875,43,0.996
0,A domestic cat sitting on a wooden floor,18,0.6875,44,0.9954
0,A domestic cat sitting on a wooden floor,18,0.6875,45,0.9951
0,A domestic cat sitting on a wooden floor,18,0.6875,46,0.9957
0,A domestic cat sitting on a wooden floor,18,0.75,42,0.9813
0,A domestic cat sitting on a wooden floor,18,0.75,43,0.9885
0,A domestic cat sitting on a wooden floor,18,0.75,44,0.9884
0,A domestic cat sitting on a wooden floor,18,0.75,45,0.9844
0,A domestic cat sitting on a wooden floor,18,0.75,46,0.9888
0,A domestic cat sitting on a wooden floor,18,0.8125,42,0.8924
0,A domestic cat sitting on a wooden floor,18,0.8125,43,0.951
0,A domestic cat sitting on a wooden floor,18,0.8125,44,0.9414
0,A domestic cat sitting on a wooden floor,18,0.8125,45,0.928
0,A domestic cat sitting on a wooden floor,18,0.8125,46,0.9466
0,A domestic cat sitting on a wooden floor,18,0.875,42,0.4648
0,A domestic cat sitting on a wooden floor,18,0.875,43,0.6093
0,A domestic cat sitting on a wooden floor,18,0.875,44,0.5539
0,A domestic cat sitting on a wooden floor,18,0.875,45,0.5447
0,A domestic cat sitting on a wooden floor,18,0.875,46,0.5074
0,A domestic cat sitting on a wooden floor,20,0.0,42,0.9989
0,A domestic cat sitting on a wooden floor,20,0.0,43,0.9989
0,A domestic cat sitting on a wooden floor,20,0.0,44,0.9989
0,A domestic cat sitting on a wooden floor,20,0.0,45,0.999
0,A domestic cat sitting on a wooden floor,20,0.0,46,0.9989
0,A domestic cat sitting on a wooden floor,20,0.25,42,0.9989
0,A domestic cat sitting on a wooden floor,20,0.25,43,0.9989
0,A domestic cat sitting on a wooden floor,20,0.25,44,0.9989
0,A domestic cat sitting on a wooden floor,20,0.25,45,0.999
0,A domestic cat sitting on a wooden floor,20,0.25,46,0.9989
0,A domestic cat sitting on a wooden floor,20,0.375,42,0.9988
0,A domestic cat sitting on a wooden floor,20,0.375,43,0.9989
0,A domestic cat sitting on a wooden floor,20,0.375,44,0.9989
0,A domestic cat sitting on a wooden floor,20,0.375,45,0.999
0,A domestic cat sitting on a wooden floor,20,0.375,46,0.9989
0,A domestic cat sitting on a wooden floor,20,0.5,42,0.9987
0,A domestic cat sitting on a wooden floor,20,0.5,43,0.9987
0,A domestic cat sitting on a wooden floor,20,0.5,44,0.9987
0,A domestic cat sitting on a wooden floor,20,0.5,45,0.9988
0,A domestic cat sitting on a wooden floor,20,0.5,46,0.9987
0,A domestic cat sitting on a wooden floor,20,0.625,42,0.9972
0,A domestic cat sitting on a wooden floor,20,0.625,43,0.9976
0,A domestic cat sitting on a wooden floor,20,0.625,44,0.9978
0,A domestic cat sitting on a wooden floor,20,0.625,45,0.9976
0,A domestic cat sitting on a wooden floor,20,0.625,46,0.9976
0,A domestic cat sitting on a wooden floor,20,0.6875,42,0.994
0,A domestic cat sitting on a wooden floor,20,0.6875,43,0.9957
0,A domestic cat sitting on a wooden floor,20,0.6875,44,0.9955
0,A domestic cat sitting on a wooden floor,20,0.6875,45,0.9946
0,A domestic cat sitting on a wooden floor,20,0.6875,46,0.9954
0,A domestic cat sitting on a wooden floor,20,0.75,42,0.98
0,A domestic cat sitting on a wooden floor,20,0.75,43,0.9888
0,A domestic cat sitting on a wooden floor,20,0.75,44,0.9878
0,A domestic cat sitting on a wooden floor,20,0.75,45,0.9827
0,A domestic cat sitting on a wooden floor,20,0.75,46,0.9879
0,A domestic cat sitting on a wooden floor,20,0.8125,42,0.8875
0,A domestic cat sitting on a wooden floor,20,0.8125,43,0.9516
0,A domestic cat sitting on a wooden floor,20,0.8125,44,0.9384
0,A domestic cat sitting on a wooden floor,20,0.8125,45,0.9151
0,A domestic cat sitting on a wooden floor,20,0.8125,46,0.9334
0,A domestic cat sitting on a wooden floor,20,0.875,42,0.461
0,A domestic cat sitting on a wooden floor,20,0.875,43,0.6649
0,A domestic cat sitting on a wooden floor,20,0.875,44,0.5675
0,A domestic cat sitting on a wooden floor,20,0.875,45,0.544
0,A domestic cat sitting on a wooden floor,20,0.875,46,0.5128
0,A domestic cat sitting on a wooden floor,22,0.0,42,0.999
0,A domestic cat sitting on a wooden floor,22,0.0,43,0.999
0,A domestic cat sitting on a wooden floor,22,0.0,44,0.999
0,A domestic cat sitting on a wooden floor,22,0.0,45,0.999
0,A domestic cat sitting on a wooden floor,22,0.0,46,0.999
0,A domestic cat sitting on a wooden floor,22,0.25,42,0.999
0,A domestic cat sitting on a wooden floor,22,0.25,43,0.999
0,A domestic cat sitting on a wooden floor,22,0.25,44,0.999
0,A domestic cat sitting on a wooden floor,22,0.25,45,0.999
0,A domestic cat sitting on a wooden floor,22,0.25,46,0.999
0,A domestic cat sitting on a wooden floor,22,0.375,42,0.999
0,A domestic cat sitting on a wooden floor,22,0.375,43,0.9989
0,A domestic cat sitting on a wooden floor,22,0.375,44,0.9989
0,A domestic cat sitting on a wooden floor,22,0.375,45,0.999
0,A domestic cat sitting on a wooden floor,22,0.375,46,0.9989
0,A domestic cat sitting on a wooden floor,22,0.5,42,0.9987
0,A domestic cat sitting on a wooden floor,22,0.5,43,0.9988
0,A domestic cat sitting on a wooden floor,22,0.5,44,0.9988
0,A domestic cat sitting on a wooden floor,22,0.5,45,0.9988
0,A domestic cat sitting on a wooden floor,22,0.5,46,0.9987
0,A domestic cat sitting on a wooden floor,22,0.625,42,0.9971
0,A domestic cat sitting on a wooden floor,22,0.625,43,0.9976
0,A domestic cat sitting on a wooden floor,22,0.625,44,0.9976
0,A domestic cat sitting on a wooden floor,22,0.625,45,0.9974
0,A domestic cat sitting on a wooden floor,22,0.625,46,0.9973
0,A domestic cat sitting on a wooden floor,22,0.6875,42,0.9933
0,A domestic cat sitting on a wooden floor,22,0.6875,43,0.9954
0,A domestic cat sitting on a wooden floor,22,0.6875,44,0.9954
0,A domestic cat sitting on a wooden floor,22,0.6875,45,0.9936
0,A domestic cat sitting on a wooden floor,22,0.6875,46,0.9948
0,A domestic cat sitting on a wooden floor,22,0.75,42,0.9767
0,A domestic cat sitting on a wooden floor,22,0.75,43,0.9872
0,A domestic cat sitting on a wooden floor,22,0.75,44,0.9863
0,A domestic cat sitting on a wooden floor,22,0.75,45,0.9792
0,A domestic cat sitting on a wooden floor,22,0.75,46,0.9847
0,A domestic cat sitting on a wooden floor,22,0.8125,42,0.8651
0,A domestic cat sitting on a wooden floor,22,0.8125,43,0.9317
0,A domestic cat sitting on a wooden floor,22,0.8125,44,0.9253
0,A domestic cat sitting on a wooden floor,22,0.8125,45,0.8985
0,A domestic cat sitting on a wooden floor,22,0.8125,46,0.9102
0,A domestic cat sitting on a wooden floor,22,0.875,42,0.4812
0,A domestic cat sitting on a wooden floor,22,0.875,43,0.6722
0,A domestic cat sitting on a wooden floor,22,0.875,44,0.6046
0,A domestic cat sitting on a wooden floor,22,0.875,45,0.5574
0,A domestic cat sitting on a wooden floor,22,0.875,46,0.5516
0,A domestic cat sitting on a wooden floor,24,0.0,42,0.9992
0,A domestic cat sitting on a wooden floor,24,0.0,43,0.9992
0,A domestic cat sitting on a wooden floor,24,0.0,44,0.9991
0,A domestic cat sitting on a wooden floor,24,0.0,45,0.9992
0,A domestic cat sitting on a wooden floor,24,0.0,46,0.9991
0,A domestic cat sitting on a wooden floor,24,0.25,42,0.9991
0,A domestic cat sitting on a wooden floor,24,0.25,43,0.9991
0,A domestic cat sitting on a wooden floor,24,0.25,44,0.9991
0,A domestic cat sitting on a wooden floor,24,0.25,45,0.9991
0,A domestic cat sitting on a wooden floor,24,0.25,46,0.9991
0,A domestic cat sitting on a wooden floor,24,0.375,42,0.9991
0,A domestic cat sitting on a wooden floor,24,0.375,43,0.9991
0,A domestic cat sitting on a wooden floor,24,0.375,44,0.999
0,A domestic cat sitting on a wooden floor,24,0.375,45,0.9991
0,A domestic cat sitting on a wooden floor,24,0.375,46,0.999
0,A domestic cat sitting on a wooden floor,24,0.5,42,0.9987
0,A domestic cat sitting on a wooden floor,24,0.5,43,0.9988
0,A domestic cat sitting on a wooden floor,24,0.5,44,0.9988
0,A domestic cat sitting on a wooden floor,24,0.5,45,0.9988
0,A domestic cat sitting on a wooden floor,24,0.5,46,0.9987
0,A domestic cat sitting on a wooden floor,24,0.625,42,0.9964
0,A domestic cat sitting on a wooden floor,24,0.625,43,0.9973
0,A domestic cat sitting on a wooden floor,24,0.625,44,0.9973
0,A domestic cat sitting on a wooden floor,24,0.625,45,0.9964
0,A domestic cat sitting on a wooden floor,24,0.625,46,0.9968
0,A domestic cat sitting on a wooden floor,24,0.6875,42,0.9907
0,A domestic cat sitting on a wooden floor,24,0.6875,43,0.9944
0,A domestic cat sitting on a wooden floor,24,0.6875,44,0.9941
0,A domestic cat sitting on a wooden floor,24,0.6875,45,0.9898
0,A domestic cat sitting on a wooden floor,24,0.6875,46,0.9926
0,A domestic cat sitting on a wooden floor,24,0.75,42,0.9656
0,A domestic cat sitting on a wooden floor,24,0.75,43,0.9819
0,A domestic cat sitting on a wooden floor,24,0.75,44,0.9811
0,A domestic cat sitting on a wooden floor,24,0.75,45,0.9638
0,A domestic cat sitting on a wooden floor,24,0.75,46,0.9748
0,A domestic cat sitting on a wooden floor,24,0.8125,42,0.8446
0,A domestic cat sitting on a wooden floor,24,0.8125,43,0.9023
0,A domestic cat sitting on a wooden floor,24,0.8125,44,0.8995
0,A domestic cat sitting on a wooden floor,24,0.8125,45,0.8548
0,A domestic cat sitting on a wooden floor,24,0.8125,46,0.867
0,A domestic cat sitting on a wooden floor,24,0.875,42,0.5384
0,A domestic cat sitting on a wooden floor,24,0.875,43,0.7038
0,A domestic cat sitting on a wooden floor,24,0.875,44,0.6834
0,A domestic cat sitting on a wooden floor,24,0.875,45,0.5924
0,A domestic cat sitting on a wooden floor,24,0.875,46,0.5734
0,A domestic cat sitting on a wooden floor,26,0.0,42,0.9997
0,A domestic cat sitting on a wooden floor,26,0.0,43,0.9997
0,A domestic cat sitting on a wooden floor,26,0.0,44,0.9997
0,A domestic cat sitting on a wooden floor,26,0.0,45,0.9997
0,A domestic cat sitting on a wooden floor,26,0.0,46,0.9997
0,A domestic cat sitting on a wooden floor,26,0.25,42,0.9997
0,A domestic cat sitting on a wooden floor,26,0.25,43,0.9997
0,A domestic cat sitting on a wooden floor,26,0.25,44,0.9997
0,A domestic cat sitting on a wooden floor,26,0.25,45,0.9997
0,A domestic cat sitting on a wooden floor,26,0.25,46,0.9997
0,A domestic cat sitting on a wooden floor,26,0.375,42,0.9995
0,A domestic cat sitting on a wooden floor,26,0.375,43,0.9995
0,A domestic cat sitting on a wooden floor,26,0.375,44,0.9995
0,A domestic cat sitting on a wooden floor,26,0.375,45,0.9995
0,A domestic cat sitting on a wooden floor,26,0.375,46,0.9995
0,A domestic cat sitting on a wooden floor,26,0.5,42,0.9983
0,A domestic cat sitting on a wooden floor,26,0.5,43,0.9986
0,A domestic cat sitting on a wooden floor,26,0.5,44,0.9986
0,A domestic cat sitting on a wooden floor,26,0.5,45,0.9985
0,A domestic cat sitting on a wooden floor,26,0.5,46,0.9984
0,A domestic cat sitting on a wooden floor,26,0.625,42,0.9921
0,A domestic cat sitting on a wooden floor,26,0.625,43,0.9947
0,A domestic cat sitting on a wooden floor,26,0.625,44,0.9946
0,A domestic cat sitting on a wooden floor,26,0.625,45,0.9913
0,A domestic cat sitting on a wooden floor,26,0.625,46,0.9936
0,A domestic cat sitting on a wooden floor,26,0.6875,42,0.9766
0,A domestic cat sitting on a wooden floor,26,0.6875,43,0.9858
0,A domestic cat sitting on a wooden floor,26,0.6875,44,0.9858
0,A domestic cat sitting on a wooden floor,26,0.6875,45,0.9743
0,A domestic cat sitting on a wooden floor,26,0.6875,46,0.9825
0,A domestic cat sitting on a wooden floor,26,0.75,42,0.93
0,A domestic cat sitting on a wooden floor,26,0.75,43,0.9594
0,A domestic cat sitting on a wooden floor,26,0.75,44,0.9579
0,A domestic cat sitting on a wooden floor,26,0.75,45,0.9292
0,A domestic cat sitting on a wooden floor,26,0.75,46,0.947
0,A domestic cat sitting on a wooden floor,26,0.8125,42,0.8197
0,A domestic cat sitting on a wooden floor,26,0.8125,43,0.8859
0,A domestic cat sitting on a wooden floor,26,0.8125,44,0.8885
0,A domestic cat sitting on a wooden floor,26,0.8125,45,0.8357
0,A domestic cat sitting on a wooden floor,26,0.8125,46,0.8455
0,A domestic cat sitting on a wooden floor,26,0.875,42,0.5755
0,A domestic cat sitting on a wooden floor,26,0.875,43,0.7354
0,A domestic cat sitting on a wooden floor,26,0.875,44,0.7222
0,A domestic cat sitting on a wooden floor,26,0.875,45,0.6321
0,A domestic cat sitting on a wooden floor,26,0.875,46,0.6195
1,A golden retriever standing on grass,2,0.0,42,0.9958
1,A golden retriever standing on grass,2,0.0,43,0.9961
1,A golden retriever standing on grass,2,0.0,44,0.9986
1,A golden retriever standing on grass,2,0.0,45,0.9986
1,A golden retriever standing on grass,2,0.0,46,0.9984
1,A golden retriever standing on grass,2,0.25,42,0.9984
1,A golden retriever standing on grass,2,0.25,43,0.9975
1,A golden retriever standing on grass,2,0.25,44,0.9985
1,A golden retriever standing on grass,2,0.25,45,0.9986
1,A golden retriever standing on grass,2,0.25,46,0.998
1,A golden retriever standing on grass,2,0.375,42,0.9971
1,A golden retriever standing on grass,2,0.375,43,0.9942
1,A golden retriever standing on grass,2,0.375,44,0.9984
1,A golden retriever standing on grass,2,0.375,45,0.9985
1,A golden retriever standing on grass,2,0.375,46,0.9979
1,A golden retriever standing on grass,2,0.5,42,0.9961
1,A golden retriever standing on grass,2,0.5,43,0.9942
1,A golden retriever standing on grass,2,0.5,44,0.9983
1,A golden retriever standing on grass,2,0.5,45,0.9982
1,A golden retriever standing on grass,2,0.5,46,0.9968
1,A golden retriever standing on grass,2,0.625,42,0.9639
1,A golden retriever standing on grass,2,0.625,43,0.9721
1,A golden retriever standing on grass,2,0.625,44,0.9932
1,A golden retriever standing on grass,2,0.625,45,0.996
1,A golden retriever standing on grass,2,0.625,46,0.9906
1,A golden retriever standing on grass,2,0.6875,42,0.9616
1,A golden retriever standing on grass,2,0.6875,43,0.9838
1,A golden retriever standing on grass,2,0.6875,44,0.9915
1,A golden retriever standing on grass,2,0.6875,45,0.9862
1,A golden retriever standing on grass,2,0.6875,46,0.9799
1,A golden retriever standing on grass,2,0.75,42,0.917
1,A golden retriever standing on grass,2,0.75,43,0.9537
1,A golden retriever standing on grass,2,0.75,44,0.9477
1,A golden retriever standing on grass,2,0.75,45,0.9458
1,A golden retriever standing on grass,2,0.75,46,0.9518
1,A golden retriever standing on grass,2,0.8125,42,0.8003
1,A golden retriever standing on grass,2,0.8125,43,0.7734
1,A golden retriever standing on grass,2,0.8125,44,0.8501
1,A golden retriever standing on grass,2,0.8125,45,0.7586
1,A golden retriever standing on grass,2,0.8125,46,0.8075
1,A golden retriever standing on grass,2,0.875,42,0.2668
1,A golden retriever standing on grass,2,0.875,43,0.3178
1,A golden retriever standing on grass,2,0.875,44,0.3199
1,A golden retriever standing on grass,2,0.875,45,0.2437
1,A golden retriever standing on grass,2,0.875,46,0.2311
1,A golden retriever standing on grass,4,0.0,42,0.9985
1,A golden retriever standing on grass,4,0.0,43,0.9953
1,A golden retriever standing on grass,4,0.0,44,0.9988
1,A golden retriever standing on grass,4,0.0,45,0.9987
1,A golden retriever standing on grass,4,0.0,46,0.9981
1,A golden retriever standing on grass,4,0.25,42,0.9985
1,A golden retriever standing on grass,4,0.25,43,0.995
1,A golden retriever standing on grass,4,0.25,44,0.9987
1,A golden retriever standing on grass,4,0.25,45,0.9987
1,A golden retriever standing on grass,4,0.25,46,0.9984
1,A golden retriever standing on grass,4,0.375,42,0.9988
1,A golden retriever standing on grass,4,0.375,43,0.9975
1,A golden retriever standing on grass,4,0.375,44,0.9987
1,A golden retriever standing on grass,4,0.375,45,0.9987
1,A golden retriever standing on grass,4,0.375,46,0.9974
1,A golden retriever standing on grass,4,0.5,42,0.9981
1,A golden retriever standing on grass,4,0.5,43,0.9974
1,A golden retriever standing on grass,4,0.5,44,0.9984
1,A golden retriever standing on grass,4,0.5,45,0.9984
1,A golden retriever standing on grass,4,0.5,46,0.9977
1,A golden retriever standing on grass,4,0.625,42,0.9925
1,A golden retriever standing on grass,4,0.625,43,0.9914
1,A golden retriever standing on grass,4,0.625,44,0.9967
1,A golden retriever standing on grass,4,0.625,45,0.9954
1,A golden retriever standing on grass,4,0.625,46,0.9961
1,A golden retriever standing on grass,4,0.6875,42,0.9891
1,A golden retriever standing on grass,4,0.6875,43,0.9668
1,A golden retriever standing on grass,4,0.6875,44,0.993
1,A golden retriever standing on grass,4,0.6875,45,0.9891
1,A golden retriever standing on grass,4,0.6875,46,0.9835
1,A golden retriever standing on grass,4,0.75,42,0.9559
1,A golden retriever standing on grass,4,0.75,43,0.9422
1,A golden retriever standing on grass,4,0.75,44,0.9785
1,A golden retriever standing on grass,4,0.75,45,0.9614
1,A golden retriever standing on grass,4,0.75,46,0.9577
1,A golden retriever standing on grass,4,0.8125,42,0.8369
1,A golden retriever standing on grass,4,0.8125,43,0.8226
1,A golden retriever standing on grass,4,0.8125,44,0.8575
1,A golden retriever standing on grass,4,0.8125,45,0.7751
1,A golden retriever standing on grass,4,0.8125,46,0.8225
1,A golden retriever standing on grass,4,0.875,42,0.2929
1,A golden retriever standing on grass,4,0.875,43,0.3168
1,A golden retriever standing on grass,4,0.875,44,0.3826
1,A golden retriever standing on grass,4,0.875,45,0.2663
1,A golden retriever standing on grass,4,0.875,46,0.2601
1,A golden retriever standing on grass,6,0.0,42,0.9988
1,A golden retriever standing on grass,6,0.0,43,0.9986
1,A golden retriever standing on grass,6,0.0,44,0.9987
1,A golden retriever standing on grass,6,0.0,45,0.9987
1,A golden retriever standing on grass,6,0.0,46,0.9986
1,A golden retriever standing on grass,6,0.25,42,0.9985
1,A golden retriever standing on grass,6,0.25,43,0.9983
1,A golden retriever standing on grass,6,0.25,44,0.9987
1,A golden retriever standing on grass,6,0.25,45,0.9987
1,A golden retriever standing on grass,6,0.25,46,0.9987
1,A golden retriever standing on grass,6,0.375,42,0.9987
1,A golden retriever standing on grass,6,0.375,43,0.9981
1,A golden retriever standing on grass,6,0.375,44,0.9987
1,A golden retriever standing on grass,6,0.375,45,0.9987
1,A golden retriever standing on grass,6,0.375,46,0.9985
1,A golden retriever standing on grass,6,0.5,42,0.9982
1,A golden retriever standing on grass,6,0.5,43,0.9982
1,A golden retriever standing on grass,6,0.5,44,0.9985
1,A golden retriever standing on grass,6,0.5,45,0.9985
1,A golden retriever standing on grass,6,0.5,46,0.9983
1,A golden retriever standing on grass,6,0.625,42,0.9937
1,A golden retriever standing on grass,6,0.625,43,0.9919
1,A golden retriever standing on grass,6,0.625,44,0.9973
1,A golden retriever standing on grass,6,0.625,45,0.9962
1,A golden retriever standing on grass,6,0.625,46,0.9957
1,A golden retriever standing on grass,6,0.6875,42,0.9886
1,A golden retriever standing on grass,6,0.6875,43,0.9874
1,A golden retriever standing on grass,6,0.6875,44,0.9941
1,A golden retriever standing on grass,6,0.6875,45,0.9893
1,A golden retriever standing on grass,6,0.6875,46,0.9898
1,A golden retriever standing on grass,6,0.75,42,0.9681
1,A golden retriever standing on grass,6,0.75,43,0.9691
1,A golden retriever standing on grass,6,0.75,44,0.9785
1,A golden retriever standing on grass,6,0.75,45,0.9628
1,A golden retriever standing on grass,6,0.75,46,0.9669
1,A golden retriever standing on grass,6,0.8125,42,0.8506
1,A golden retriever standing on grass,6,0.8125,43,0.8519
1,A golden retriever standing on grass,6,0.8125,44,0.8829
1,A golden retriever standing on grass,6,0.8125,45,0.7827
1,A golden retriever standing on grass,6,0.8125,46,0.8453
1,A golden retriever standing on grass,6,0.875,42,0.3189
1,A golden retriever standing on grass,6,0.875,43,0.3076
1,A golden retriever standing on grass,6,0.875,44,0.4418
1,A golden retriever standing on grass,6,0.875,45,0.3031
1,A golden retriever standing on grass,6,0.875,46,0.3008
1,A golden retriever standing on grass,8,0.0,42,0.9986
1,A golden retriever standing on grass,8,0.0,43,0.9985
1,A golden retriever standing on grass,8,0.0,44,0.9987
1,A golden retriever standing on grass,8,0.0,45,0.9988
1,A golden retriever standing on grass,8,0.0,46,0.9986
1,A golden retriever standing on grass,8,0.25,42,0.9988
1,A golden retriever standing on grass,8,0.25,43,0.9986
1,A golden retriever standing on grass,8,0.25,44,0.9988
1,A golden retriever standing on grass,8,0.25,45,0.9988
1,A golden retriever standing on grass,8,0.25,46,0.9987
1,A golden retriever standing on grass,8,0.375,42,0.9986
1,A golden retriever standing on grass,8,0.375,43,0.9985
1,A golden retriever standing on grass,8,0.375,44,0.9987
1,A golden retriever standing on grass,8,0.375,45,0.9988
1,A golden retriever standing on grass,8,0.375,46,0.9987
1,A golden retriever standing on grass,8,0.5,42,0.9985
1,A golden retriever standing on grass,8,0.5,43,0.9984
1,A golden retriever standing on grass,8,0.5,44,0.9985
1,A golden retriever standing on grass,8,0.5,45,0.9985
1,A golden retriever standing on grass,8,0.5,46,0.9984
1,A golden retriever standing on grass,8,0.625,42,0.997
1,A golden retriever standing on grass,8,0.625,43,0.9964
1,A golden retriever standing on grass,8,0.625,44,0.9972
1,A golden retriever standing on grass,8,0.625,45,0.9967
1,A golden retriever standing on grass,8,0.625,46,0.9969
1,A golden retriever standing on grass,8,0.6875,42,0.991
1,A golden retriever standing on grass,8,0.6875,43,0.9915
1,A golden retriever standing on grass,8,0.6875,44,0.9938
1,A golden retriever standing on grass,8,0.6875,45,0.9906
1,A golden retriever standing on grass,8,0.6875,46,0.9921
1,A golden retriever standing on grass,8,0.75,42,0.9704
1,A golden retriever standing on grass,8,0.75,43,0.9743
1,A golden retriever standing on grass,8,0.75,44,0.9793
1,A golden retriever standing on grass,8,0.75,45,0.9632
1,A golden retriever standing on grass,8,0.75,46,0.974
1,A golden retriever standing on grass,8,0.8125,42,0.833
1,A golden retriever standing on grass,8,0.8125,43,0.8711
1,A golden retriever standing on grass,8,0.8125,44,0.8962
1,A golden retriever standing on grass,8,0.8125,45,0.7899
1,A golden retriever standing on grass,8,0.8125,46,0.8604
1,A golden retriever standing on grass,8,0.875,42,0.3223
1,A golden retriever standing on grass,8,0.875,43,0.3398
1,A golden retriever standing on grass,8,0.875,44,0.4321
1,A golden retriever standing on grass,8,0.875,45,0.3379
1,A golden retriever standing on grass,8,0.875,46,0.3515
1,A golden retriever standing on grass,10,0.0,42,0.999
1,A golden retriever standing on grass,10,0.0,43,0.9988
1,A golden retriever standing on grass,10,0.0,44,0.9988
1,A golden retriever standing on grass,10,0.0,45,0.9988
1,A golden retriever standing on grass,10,0.0,46,0.9988
1,A golden retriever standing on grass,10,0.25,42,0.999
1,A golden retriever standing on grass,10,0.25,43,0.9987
1,A golden retriever standing on grass,10,0.25,44,0.9988
1,A golden retriever standing on grass,10,0.25,45,0.9988
1,A golden retriever standing on grass,10,0.25,46,0.9988
1,A golden retriever standing on grass,10,0.375,42,0.9989
1,A golden retriever standing on grass,10,0.375,43,0.9987
1,A golden retriever standing on grass,10,0.375,44,0.9987
1,A golden retriever standing on grass,10,0.375,45,0.9988
1,A golden retriever standing on grass,10,0.375,46,0.9987
1,A golden retriever standing on grass,10,0.5,42,0.9988
1,A golden retriever standing on grass,10,0.5,43,0.9984
1,A golden retriever standing on grass,10,0.5,44,0.9986
1,A golden retriever standing on grass,10,0.5,45,0.9985
1,A golden retriever standing on grass,10,0.5,46,0.9984
1,A golden retriever standing on grass,10,0.625,42,0.9966
1,A golden retriever standing on grass,10,0.625,43,0.9966
1,A golden retriever standing on grass,10,0.625,44,0.9972
1,A golden retriever standing on grass,10,0.625,45,0.9964
1,A golden retriever standing on grass,10,0.625,46,0.9969
1,A golden retriever standing on grass,10,0.6875,42,0.9916
1,A golden retriever standing on grass,10,0.6875,43,0.9928
1,A golden retriever standing on grass,10,0.6875,44,0.9941
1,A golden retriever standing on grass,10,0.6875,45,0.9901
1,A golden retriever standing on grass,10,0.6875,46,0.9931
1,A golden retriever standing on grass,10,0.75,42,0.9727
1,A golden retriever standing on grass,10,0.75,43,0.9768
1,A golden retriever standing on grass,10,0.75,44,0.9797
1,A golden retriever standing on grass,10,0.75,45,0.959
1,A golden retriever standing on grass,10,0.75,46,0.9766
1,A golden retriever standing on grass,10,0.8125,42,0.8507
1,A golden retriever standing on grass,10,0.8125,43,0.8762
1,A golden retriever standing on grass,10,0.8125,44,0.9014
1,A golden retriever standing on grass,10,0.8125,45,0.7853
1,A golden retriever standing on grass,10,0.8125,46,0.8738
1,A golden retriever standing on grass,10,0.875,42,0.3367
1,A golden retriever standing on grass,10,0.875,43,0.3406
1,A golden retriever standing on grass,10,0.875,44,0.4454
1,A golden retriever standing on grass,10,0.875,45,0.3445
1,A golden retriever standing on grass,10,0.875,46,0.3599
1,A golden retriever standing on grass,12,0.0,42,0.999
1,A golden retriever standing on grass,12,0.0,43,0.9988
1,A golden retriever standing on grass,12,0.0,44,0.9988
1,A golden retriever standing on grass,12,0.0,45,0.9988
1,A golden retriever standing on grass,12,0.0,46,0.9989
1,A golden retriever standing on grass,12,0.25,42,0.999
1,A golden retriever standing on grass,12,0.25,43,0.9988
1,A golden retriever standing on grass,12,0.25,44,0.9989
1,A golden retriever standing on grass,12,0.25,45,0.9988
1,A golden retriever standing on grass,12,0.25,46,0.9989
1,A golden retriever standing on grass,12,0.375,42,0.999
1,A golden retriever standing on grass,12,0.375,43,0.9987
1,A golden retriever standing on grass,12,0.375,44,0.9988
1,A golden retriever standing on grass,12,0.375,45,0.9988
1,A golden retriever standing on grass,12,0.375,46,0.9988
1,A golden retriever standing on grass,12,0.5,42,0.9988
1,A golden retriever standing on grass,12,0.5,43,0.9985
1,A golden retriever standing on grass,12,0.5,44,0.9986
1,A golden retriever standing on grass,12,0.5,45,0.9986
1,A golden retriever standing on grass,12,0.5,46,0.9986
1,A golden retriever standing on grass,12,0.625,42,0.9972
1,A golden retriever standing on grass,12,0.625,43,0.9969
1,A golden retriever standing on grass,12,0.625,44,0.9974
1,A golden retriever standing on grass,12,0.625,45,0.9966
1,A golden retriever standing on grass,12,0.625,46,0.9972
1,A golden retriever standing on grass,12,0.6875,42,0.9922
1,A golden retriever standing on grass,12,0.6875,43,0.9932
1,A golden retriever standing on grass,12,0.6875,44,0.9942
1,A golden retriever standing on grass,12,0.6875,45,0.9901
1,A golden retriever standing on grass,12,0.6875,46,0.9933
1,A golden retriever standing on grass,12,0.75,42,0.9724
1,A golden retriever standing on grass,12,0.75,43,0.9777
1,A golden retriever standing on grass,12,0.75,44,0.9802
1,A golden retriever standing on grass,12,0.75,45,0.9622
1,A golden retriever standing on grass,12,0.75,46,0.9779
1,A golden retriever standing on grass,12,0.8125,42,0.8352
1,A golden retriever standing on grass,12,0.8125,43,0.8822
1,A golden retriever standing on grass,12,0.8125,44,0.8991
1,A golden retriever standing on grass,12,0.8125,45,0.7731
1,A golden retriever standing on grass,12,0.8125,46,0.8837
1,A golden retriever standing on grass,12,0.875,42,0.3505
1,A golden retriever standing on grass,12,0.875,43,0.3583
1,A golden retriever standing on grass,12,0.875,44,0.4774
1,A golden retriever standing on grass,12,0.875,45,0.3554
1,A golden retriever standing on grass,12,0.875,46,0.4257
1,A golden retriever standing on grass,14,0.0,42,0.999
1,A golden retriever standing on grass,14,0.0,43,0.9988
1,A golden retriever standing on grass,14,0.0,44,0.9988
1,A golden retriever standing on grass,14,0.0,45,0.9989
1,A golden retriever standing on grass,14,0.0,46,0.9989
1,A golden retriever standing on grass,14,0.25,42,0.999
1,A golden retriever standing on grass,14,0.25,43,0.9988
1,A golden retriever standing on grass,14,0.25,44,0.9988
1,A golden retriever standing on grass,14,0.25,45,0.9989
1,A golden retriever standing on grass,14,0.25,46,0.9989
1,A golden retriever standing on grass,14,0.375,42,0.999
1,A golden retriever standing on grass,14,0.375,43,0.9988
1,A golden retriever standing on grass,14,0.375,44,0.9988
1,A golden retriever standing on grass,14,0.375,45,0.9988
1,A golden retriever standing on grass,14,0.375,46,0.9989
1,A golden retriever standing on grass,14,0.5,42,0.9988
1,A golden retriever standing on grass,14,0.5,43,0.9986
1,A golden retriever standing on grass,14,0.5,44,0.9987
1,A golden retriever standing on grass,14,0.5,45,0.9986
1,A golden retriever standing on grass,14,0.5,46,0.9987
1,A golden retriever standing on grass,14,0.625,42,0.9971
1,A golden retriever standing on grass,14,0.625,43,0.997
1,A golden retriever standing on grass,14,0.625,44,0.9974
1,A golden retriever standing on grass,14,0.625,45,0.9964
1,A golden retriever standing on grass,14,0.625,46,0.9971
1,A golden retriever standing on grass,14,0.6875,42,0.9922
1,A golden retriever standing on grass,14,0.6875,43,0.9931
1,A golden retriever standing on grass,14,0.6875,44,0.9943
1,A golden retriever standing on grass,14,0.6875,45,0.9902
1,A golden retriever standing on grass,14,0.6875,46,0.9936
1,A golden retriever standing on grass,14,0.75,42,0.972
1,A golden retriever standing on grass,14,0.75,43,0.9766
1,A golden retriever standing on grass,14,0.75,44,0.9808
1,A golden retriever standing on grass,14,0.75,45,0.9601
1,A golden retriever standing on grass,14,0.75,46,0.9773
1,A golden retriever standing on grass,14,0.8125,42,0.8424
1,A golden retriever standing on grass,14,0.8125,43,0.8789
1,A golden retriever standing on grass,14,0.8125,44,0.9022
1,A golden retriever standing on grass,14,0.8125,45,0.7636
1,A golden retriever standing on grass,14,0.8125,46,0.8817
1,A golden retriever standing on grass,14,0.875,42,0.356
1,A golden retriever standing on grass,14,0.875,43,0.403
1,A golden retriever standing on grass,14,0.875,44,0.523
1,A golden retriever standing on grass,14,0.875,45,0.4055
1,A golden retriever standing on grass,14,0.875,46,0.4267
1,A golden retriever standing on grass,16,0.0,42,0.9991
1,A golden retriever standing on grass,16,0.0,43,0.9988
1,A golden retriever standing on grass,16,0.0,44,0.9989
1,A golden retriever standing on grass,16,0.0,45,0.9989
1,A golden retriever standing on grass,16,0.0,46,0.9989
1,A golden retriever standing on grass,16,0.25,42,0.9991
1,A golden retriever standing on grass,16,0.25,43,0.9988
1,A golden retriever standing on grass,16,0.25,44,0.9989
1,A golden retriever standing on grass,16,0.25,45,0.9989
1,A golden retriever standing on grass,16,0.25,46,0.9989
1,A golden retriever standing on grass,16,0.375,42,0.9991
1,A golden retriever standing on grass,16,0.375,43,0.9988
1,A golden retriever standing on grass,16,0.375,44,0.9989
1,A golden retriever standing on grass,16,0.375,45,0.9988
1,A golden retriever standing on grass,16,0.375,46,0.9988
1,A golden retriever standing on grass,16,0.5,42,0.9988
1,A golden retriever standing on grass,16,0.5,43,0.9986
1,A golden retriever standing on grass,16,0.5,44,0.9986
1,A golden retriever standing on grass,16,0.5,45,0.9986
1,A golden retriever standing on grass,16,0.5,46,0.9987
1,A golden retriever standing on grass,16,0.625,42,0.9971
1,A golden retriever standing on grass,16,0.625,43,0.9971
1,A golden retriever standing on grass,16,0.625,44,0.9974
1,A golden retriever standing on grass,16,0.625,45,0.9963
1,A golden retriever standing on grass,16,0.625,46,0.9971
1,A golden retriever standing on grass,16,0.6875,42,0.9923
1,A golden retriever standing on grass,16,0.6875,43,0.9932
1,A golden retriever standing on grass,16,0.6875,44,0.994
1,A golden retriever standing on grass,16,0.6875,45,0.9895
1,A golden retriever standing on grass,16,0.6875,46,0.9935
1,A golden retriever standing on grass,16,0.75,42,0.9705
1,A golden retriever standing on grass,16,0.75,43,0.9751
1,A golden retriever standing on grass,16,0.75,44,0.9787
1,A golden retriever standing on grass,16,0.75,45,0.9547
1,A golden retriever standing on grass,16,0.75,46,0.9777
1,A golden retriever standing on grass,16,0.8125,42,0.8305
1,A golden retriever standing on grass,16,0.8125,43,0.8819
1,A golden retriever standing on grass,16,0.8125,44,0.8986
1,A golden retriever standing on grass,16,0.8125,45,0.7509
1,A golden retriever standing on grass,16,0.8125,46,0.8831
1,A golden retriever standing on grass,16,0.875,42,0.3506
1,A golden retriever standing on grass,16,0.875,43,0.4526
1,A golden retriever standing on grass,16,0.875,44,0.5391
1,A golden retriever standing on grass,16,0.875,45,0.4278
1,A golden retriever standing on grass,16,0.875,46,0.431
1,A golden retriever standing on grass,18,0.0,42,0.9991
1,A golden retriever standing on grass,18,0.0,43,0.9988
1,A golden retriever standing on grass,18,0.0,44,0.9989
1,A golden retriever standing on grass,18,0.0,45,0.9989
1,A golden retriever standing on grass,18,0.0,46,0.999
1,A golden retriever standing on grass,18,0.25,42,0.9991
1,A golden retriever standing on grass,18,0.25,43,0.9988
1,A golden retriever standing on grass,18,0.25,44,0.9989
1,A golden retriever standing on grass,18,0.25,45,0.9989
1,A golden retriever standing on grass,18,0.25,46,0.999
1,A golden retriever standing on grass,18,0.375,42,0.9991
1,A golden retriever standing on grass,18,0.375,43,0.9988
1,A golden retriever standing on grass,18,0.375,44,0.9989
1,A golden retriever standing on grass,18,0.375,45,0.9989
1,A golden retriever standing on grass,18,0.375,46,0.999
1,A golden retriever standing on grass,18,0.5,42,0.9988
1,A golden retriever standing on grass,18,0.5,43,0.9986
1,A golden retriever standing on grass,18,0.5,44,0.9987
1,A golden retriever standing on grass,18,0.5,45,0.9986
1,A golden retriever standing on grass,18,0.5,46,0.9987
1,A golden retriever standing on grass,18,0.625,42,0.9969
1,A golden retriever standing on grass,18,0.625,43,0.9969
1,A golden retriever standing on grass,18,0.625,44,0.9972
1,A golden retriever standing on grass,18,0.625,45,0.9959
1,A golden retriever standing on grass,18,0.625,46,0.997
1,A golden retriever standing on grass,18,0.6875,42,0.9914
1,A golden retriever standing on grass,18,0.6875,43,0.9927
1,A golden retriever standing on grass,18,0.6875,44,0.9935
1,A golden retriever standing on grass,18,0.6875,45,0.9881
1,A golden retriever standing on grass,18,0.6875,46,0.9931
1,A golden retriever standing on grass,18,0.75,42,0.9667
1,A golden retriever standing on grass,18,0.75,43,0.9757
1,A golden retriever standing on grass,18,0.75,44,0.9768
1,A golden retriever standing on grass,18,0.75,45,0.9468
1,A golden retriever standing on grass,18,0.75,46,0.9762
1,A golden retriever standing on grass,18,0.8125,42,0.8216
1,A golden retriever standing on grass,18,0.8125,43,0.8878
1,A golden retriever standing on grass,18,0.8125,44,0.8942
1,A golden retriever standing on grass,18,0.8125,45,0.757
1,A golden retriever standing on grass,18,0.8125,46,0.8823
1,A golden retriever standing on grass,18,0.875,42,0.37
1,A golden retriever standing on grass,18,0.875,43,0.539
1,A golden retriever standing on grass,18,0.875,44,0.5648
1,A golden retriever standing on grass,18,0.875,45,0.446
1,A golden retriever standing on grass,18,0.875,46,0.4541
1,A golden retriever standing on grass,20,0.0,42,0.9991
1,A golden retriever standing on grass,20,0.0,43,0.9989
1,A golden retriever standing on grass,20,0.0,44,0.999
1,A golden retriever standing on grass,20,0.0,45,0.9989
1,A golden retriever standing on grass,20,0.0,46,0.9991
1,A golden retriever standing on grass,20,0.25,42,0.9991
1,A golden retriever standing on grass,20,0.25,43,0.9989
1,A golden retriever standing on grass,20,0.25,44,0.999
1,A golden retriever standing on grass,20,0.25,45,0.9989
1,A golden retriever standing on grass,20,0.25,46,0.9991
1,A golden retriever standing on grass,20,0.375,42,0.9991
1,A golden retriever standing on grass,20,0.375,43,0.9989
1,A golden retriever standing on grass,20,0.375,44,0.9989
1,A golden retriever standing on grass,20,0.375,45,0.9989
1,A golden retriever standing on grass,20,0.375,46,0.999
1,A golden retriever standing on grass,20,0.5,42,0.9988
1,A golden retriever standing on grass,20,0.5,43,0.9986
1,A golden retriever standing on grass,20,0.5,44,0.9987
1,A golden retriever standing on grass,20,0.5,45,0.9986
1,A golden retriever standing on grass,20,0.5,46,0.9988
1,A golden retriever standing on grass,20,0.625,42,0.9965
1,A golden retriever standing on grass,20,0.625,43,0.9966
1,A golden retriever standing on grass,20,0.625,44,0.9969
1,A golden retriever standing on grass,20,0.625,45,0.9954
1,A golden retriever standing on grass,20,0.625,46,0.9968
1,A golden retriever standing on grass,20,0.6875,42,0.9901
1,A golden retriever standing on grass,20,0.6875,43,0.9917
1,A golden retriever standing on grass,20,0.6875,44,0.9922
1,A golden retriever standing on grass,20,0.6875,45,0.9859
1,A golden retriever standing on grass,20,0.6875,46,0.9922
1,A golden retriever standing on grass,20,0.75,42,0.9619
1,A golden retriever standing on grass,20,0.75,43,0.9709
1,A golden retriever standing on grass,20,0.75,44,0.973
1,A golden retriever standing on grass,20,0.75,45,0.9388
1,A golden retriever standing on grass,20,0.75,46,0.9722
1,A golden retriever standing on grass,20,0.8125,42,0.8131
1,A golden retriever standing on grass,20,0.8125,43,0.8691
1,A golden retriever standing on grass,20,0.8125,44,0.8759
1,A golden retriever standing on grass,20,0.8125,45,0.7516
1,A golden retriever standing on grass,20,0.8125,46,0.8749
1,A golden retriever standing on grass,20,0.875,42,0.3822
1,A golden retriever standing on grass,20,0.875,43,0.5233
1,A golden retriever standing on grass,20,0.875,44,0.5731
1,A golden retriever standing on grass,20,0.875,45,0.451
1,A golden retriever standing on grass,20,0.875,46,0.4696
1,A golden retriever standing on grass,22,0.0,42,0.9992
1,A golden retriever standing on grass,22,0.0,43,0.9989
1,A golden retriever standing on grass,22,0.0,44,0.999
1,A golden retriever standing on grass,22,0.0,45,0.999
1,A golden retriever standing on grass,22,0.0,46,0.9992
1,A golden retriever standing on grass,22,0.25,42,0.9992
1,A golden retriever standing on grass,22,0.25,43,0.9989
1,A golden retriever standing on grass,22,0.25,44,0.999
1,A golden retriever standing on grass,22,0.25,45,0.999
1,A golden retriever standing on grass,22,0.25,46,0.9991
1,A golden retriever standing on grass,22,0.375,42,0.9992
1,A golden retriever standing on grass,22,0.375,43,0.9989
1,A golden retriever standing on grass,22,0.375,44,0.999
1,A golden retriever standing on grass,22,0.375,45,0.9989
1,A golden retriever standing on grass,22,0.375,46,0.9991
1,A golden retriever standing on grass,22,0.5,42,0.9988
1,A golden retriever standing on grass,22,0.5,43,0.9986
1,A golden retriever standing on grass,22,0.5,44,0.9987
1,A golden retriever standing on grass,22,0.5,45,0.9985
1,A golden retriever standing on grass,22,0.5,46,0.9988
1,A golden retriever standing on grass,22,0.625,42,0.9958
1,A golden retriever standing on grass,22,0.625,43,0.996
1,A golden retriever standing on grass,22,0.625,44,0.9964
1,A golden retriever standing on grass,22,0.625,45,0.9942
1,A golden retriever standing on grass,22,0.625,46,0.9964
1,A golden retriever standing on grass,22,0.6875,42,0.9875
1,A golden retriever standing on grass,22,0.6875,43,0.9891
1,A golden retriever standing on grass,22,0.6875,44,0.9904
1,A golden retriever standing on grass,22,0.6875,45,0.9816
1,A golden retriever standing on grass,22,0.6875,46,0.9904
1,A golden retriever standing on grass,22,0.75,42,0.9535
1,A golden retriever standing on grass,22,0.75,43,0.9617
1,A golden retriever standing on grass,22,0.75,44,0.9663
1,A golden retriever standing on grass,22,0.75,45,0.9283
1,A golden retriever standing on grass,22,0.75,46,0.9661
1,A golden retriever standing on grass,22,0.8125,42,0.7918
1,A golden retriever standing on grass,22,0.8125,43,0.8357
1,A golden retriever standing on grass,22,0.8125,44,0.8497
1,A golden retriever standing on grass,22,0.8125,45,0.7467
1,A golden retriever standing on grass,22,0.8125,46,0.8554
1,A golden retriever standing on grass,22,0.875,42,0.3874
1,A golden retriever standing on grass,22,0.875,43,0.4733
1,A golden retriever standing on grass,22,0.875,44,0.5418
1,A golden retriever standing on grass,22,0.875,45,0.4481
1,A golden retriever standing on grass,22,0.875,46,0.4954
1,A golden retriever standing on grass,24,0.0,42,0.9993
1,A golden retriever standing on grass,24,0.0,43,0.9991
1,A golden retriever standing on grass,24,0.0,44,0.9992
1,A golden retriever standing on grass,24,0.0,45,0.9991
1,A golden retriever standing on grass,24,0.0,46,0.9993
1,A golden retriever standing on grass,24,0.25,42,0.9993
1,A golden retriever standing on grass,24,0.25,43,0.999
1,A golden retriever standing on grass,24,0.25,44,0.9991
1,A golden retriever standing on grass,24,0.25,45,0.9991
1,A golden retriever standing on grass,24,0.25,46,0.9993
1,A golden retriever standing on grass,24,0.375,42,0.9992
1,A golden retriever standing on grass,24,0.375,43,0.999
1,A golden retriever standing on grass,24,0.375,44,0.9991
1,A golden retriever standing on grass,24,0.375,45,0.999
1,A golden retriever standing on grass,24,0.375,46,0.9992
1,A golden retriever standing on grass,24,0.5,42,0.9987
1,A golden retriever standing on grass,24,0.5,43,0.9985
1,A golden retriever standing on grass,24,0.5,44,0.9986
1,A golden retriever standing on grass,24,0.5,45,0.9983
1,A golden retriever standing on grass,24,0.5,46,0.9987
1,A golden retriever standing on grass,24,0.625,42,0.9943
1,A golden retriever standing on grass,24,0.625,43,0.9945
1,A golden retriever standing on grass,24,0.625,44,0.9954
1,A golden retriever standing on grass,24,0.625,45,0.9913
1,A golden retriever standing on grass,24,0.625,46,0.9952
1,A golden retriever standing on grass,24,0.6875,42,0.9819
1,A golden retriever standing on grass,24,0.6875,43,0.9841
1,A golden retriever standing on grass,24,0.6875,44,0.9865
1,A golden retriever standing on grass,24,0.6875,45,0.9706
1,A golden retriever standing on grass,24,0.6875,46,0.9861
1,A golden retriever standing on grass,24,0.75,42,0.9337
1,A golden retriever standing on grass,24,0.75,43,0.9435
1,A golden retriever standing on grass,24,0.75,44,0.9526
1,A golden retriever standing on grass,24,0.75,45,0.897
1,A golden retriever standing on grass,24,0.75,46,0.9502
1,A golden retriever standing on grass,24,0.8125,42,0.7516
1,A golden retriever standing on grass,24,0.8125,43,0.7904
1,A golden retriever standing on grass,24,0.8125,44,0.8199
1,A golden retriever standing on grass,24,0.8125,45,0.6925
1,A golden retriever standing on grass,24,0.8125,46,0.8194
1,A golden retriever standing on grass,24,0.875,42,0.3824
1,A golden retriever standing on grass,24,0.875,43,0.4706
1,A golden retriever standing on grass,24,0.875,44,0.5507
1,A golden retriever standing on grass,24,0.875,45,0.4147
1,A golden retriever standing on grass,24,0.875,46,0.4866
1,A golden retriever standing on grass,26,0.0,42,0.9998
1,A golden retriever standing on grass,26,0.0,43,0.9997
1,A golden retriever standing on grass,26,0.0,44,0.9997
1,A golden retriever standing on grass,26,0.0,45,0.9997
1,A golden retriever standing on grass,26,0.0,46,0.9997
1,A golden retriever standing on grass,26,0.25,42,0.9997
1,A golden retriever standing on grass,26,0.25,43,0.9997
1,A golden retriever standing on grass,26,0.25,44,0.9997
1,A golden retriever standing on grass,26,0.25,45,0.9997
1,A golden retriever standing on grass,26,0.25,46,0.9997
1,A golden retriever standing on grass,26,0.375,42,0.9995
1,A golden retriever standing on grass,26,0.375,43,0.9994
1,A golden retriever standing on grass,26,0.375,44,0.9995
1,A golden retriever standing on grass,26,0.375,45,0.9994
1,A golden retriever standing on grass,26,0.375,46,0.9995
1,A golden retriever standing on grass,26,0.5,42,0.9982
1,A golden retriever standing on grass,26,0.5,43,0.9981
1,A golden retriever standing on grass,26,0.5,44,0.9984
1,A golden retriever standing on grass,26,0.5,45,0.9976
1,A golden retriever standing on grass,26,0.5,46,0.9984
1,A golden retriever standing on grass,26,0.625,42,0.9886
1,A golden retriever standing on grass,26,0.625,43,0.9889
1,A golden retriever standing on grass,26,0.625,44,0.9917
1,A golden retriever standing on grass,26,0.625,45,0.9801
1,A golden retriever standing on grass,26,0.625,46,0.9911
1,A golden retriever standing on grass,26,0.6875,42,0.9632
1,A golden retriever standing on grass,26,0.6875,43,0.9658
1,A golden retriever standing on grass,26,0.6875,44,0.975
1,A golden retriever standing on grass,26,0.6875,45,0.9354
1,A golden retriever standing on grass,26,0.6875,46,0.9726
1,A golden retriever standing on grass,26,0.75,42,0.8865
1,A golden retriever standing on grass,26,0.75,43,0.9019
1,A golden retriever standing on grass,26,0.75,44,0.9256
1,A golden retriever standing on grass,26,0.75,45,0.825
1,A golden retriever standing on grass,26,0.75,46,0.9173
1,A golden retriever standing on grass,26,0.8125,42,0.7156
1,A golden retriever standing on grass,26,0.8125,43,0.7617
1,A golden retriever standing on grass,26,0.8125,44,0.8187
1,A golden retriever standing on grass,26,0.8125,45,0.6285
1,A golden retriever standing on grass,26,0.8125,46,0.786
1,A golden retriever standing on grass,26,0.875,42,0.3854
1,A golden retriever standing on grass,26,0.875,43,0.5152
1,A golden retriever standing on grass,26,0.875,44,0.6041
1,A golden retriever standing on grass,26,0.875,45,0.405
1,A golden retriever standing on grass,26,0.875,46,0.5227
2,A sleeping cat lying on a white background,2,0.0,42,0.999
2,A sleeping cat lying on a white background,2,0.0,43,0.9984
2,A sleeping cat lying on a white background,2,0.0,44,0.9988
2,A sleeping cat lying on a white background,2,0.0,45,0.9979
2,A sleeping cat lying on a white background,2,0.0,46,0.9981
2,A sleeping cat lying on a white background,2,0.25,42,0.9985
2,A sleeping cat lying on a white background,2,0.25,43,0.998
2,A sleeping cat lying on a white background,2,0.25,44,0.9989
2,A sleeping cat lying on a white background,2,0.25,45,0.9969
2,A sleeping cat lying on a white background,2,0.25,46,0.9964
2,A sleeping cat lying on a white background,2,0.375,42,0.9987
2,A sleeping cat lying on a white background,2,0.375,43,0.9898
2,A sleeping cat lying on a white background,2,0.375,44,0.9976
2,A sleeping cat lying on a white background,2,0.375,45,0.9916
2,A sleeping cat lying on a white background,2,0.375,46,0.9986
2,A sleeping cat lying on a white background,2,0.5,42,0.9923
2,A sleeping cat lying on a white background,2,0.5,43,0.9971
2,A sleeping cat lying on a white background,2,0.5,44,0.9946
2,A sleeping cat lying on a white background,2,0.5,45,0.9897
2,A sleeping cat lying on a white background,2,0.5,46,0.9933
2,A sleeping cat lying on a white background,2,0.625,42,0.9862
2,A sleeping cat lying on a white background,2,0.625,43,0.967
2,A sleeping cat lying on a white background,2,0.625,44,0.9901
2,A sleeping cat lying on a white background,2,0.625,45,0.9858
2,A sleeping cat lying on a white background,2,0.625,46,0.9875
2,A sleeping cat lying on a white background,2,0.6875,42,0.9456
2,A sleeping cat lying on a white background,2,0.6875,43,0.9508
2,A sleeping cat lying on a white background,2,0.6875,44,0.9812
2,A sleeping cat lying on a white background,2,0.6875,45,0.9593
2,A sleeping cat lying on a white background,2,0.6875,46,0.9741
2,A sleeping cat lying on a white background,2,0.75,42,0.9524
2,A sleeping cat lying on a white background,2,0.75,43,0.9069
2,A sleeping cat lying on a white background,2,0.75,44,0.9321
2,A sleeping cat lying on a white background,2,0.75,45,0.8955
2,A sleeping cat lying on a white background,2,0.75,46,0.9474
2,A sleeping cat lying on a white background,2,0.8125,42,0.8448
2,A sleeping cat lying on a white background,2,0.8125,43,0.7967
2,A sleeping cat lying on a white background,2,0.8125,44,0.8199
2,A sleeping cat lying on a white background,2,0.8125,45,0.8597
2,A sleeping cat lying on a white background,2,0.8125,46,0.8547
2,A sleeping cat lying on a white background,2,0.875,42,0.6029
2,A sleeping cat lying on a white background,2,0.875,43,0.5127
2,A sleeping cat lying on a white background,2,0.875,44,0.5378
2,A sleeping cat lying on a white background,2,0.875,45,0.5015
2,A sleeping cat lying on a white background,2,0.875,46,0.4529
2,A sleeping cat lying on a white background,4,0.0,42,0.9994
2,A sleeping cat lying on a white background,4,0.0,43,0.999
2,A sleeping cat lying on a white background,4,0.0,44,0.9993
2,A sleeping cat lying on a white background,4,0.0,45,0.9994
2,A sleeping cat lying on a white background,4,0.0,46,0.9988
2,A sleeping cat lying on a white background,4,0.25,42,0.9992
2,A sleeping cat lying on a white background,4,0.25,43,0.9992
2,A sleeping cat lying on a white background,4,0.25,44,0.9991
2,A sleeping cat lying on a white background,4,0.25,45,0.9993
2,A sleeping cat lying on a white background,4,0.25,46,0.9985
2,A sleeping cat lying on a white background,4,0.375,42,0.9991
2,A sleeping cat lying on a white background,4,0.375,43,0.9988
2,A sleeping cat lying on a white background,4,0.375,44,0.9993
2,A sleeping cat lying on a white background,4,0.375,45,0.9992
2,A sleeping cat lying on a white background,4,0.375,46,0.9982
2,A sleeping cat lying on a white background,4,0.5,42,0.9982
2,A sleeping cat lying on a white background,4,0.5,43,0.9966
2,A sleeping cat lying on a white background,4,0.5,44,0.9984
2,A sleeping cat lying on a white background,4,0.5,45,0.9964
2,A sleeping cat lying on a white background,4,0.5,46,0.9976
2,A sleeping cat lying on a white background,4,0.625,42,0.988
2,A sleeping cat lying on a white background,4,0.625,43,0.991
2,A sleeping cat lying on a white background,4,0.625,44,0.9912
2,A sleeping cat lying on a white background,4,0.625,45,0.9813
2,A sleeping cat lying on a white background,4,0.625,46,0.9904
2,A sleeping cat lying on a white background,4,0.6875,42,0.9751
2,A sleeping cat lying on a white background,4,0.6875,43,0.9786
2,A sleeping cat lying on a white background,4,0.6875,44,0.981
2,A sleeping cat lying on a white background,4,0.6875,45,0.9772
2,A sleeping cat lying on a white background,4,0.6875,46,0.9789
2,A sleeping cat lying on a white background,4,0.75,42,0.9649
2,A sleeping cat lying on a white background,4,0.75,43,0.9346
2,A sleeping cat lying on a white background,4,0.75,44,0.9551
2,A sleeping cat lying on a white background,4,0.75,45,0.9362
2,A sleeping cat lying on a white background,4,0.75,46,0.946
2,A sleeping cat lying on a white background,4,0.8125,42,0.8833
2,A sleeping cat lying on a white background,4,0.8125,43,0.8222
2,A sleeping cat lying on a white background,4,0.8125,44,0.854
2,A sleeping cat lying on a white background,4,0.8125,45,0.8776
2,A sleeping cat lying on a white background,4,0.8125,46,0.8761
2,A sleeping cat lying on a white background,4,0.875,42,0.6262
2,A sleeping cat lying on a white background,4,0.875,43,0.4736
2,A sleeping cat lying on a white background,4,0.875,44,0.5284
2,A sleeping cat lying on a white background,4,0.875,45,0.5242
2,A sleeping cat lying on a white background,4,0.875,46,0.484
2,A sleeping cat lying on a white background,6,0.0,42,0.9994
2,A sleeping cat lying on a white background,6,0.0,43,0.9992
2,A sleeping cat lying on a white background,6,0.0,44,0.9994
2,A sleeping cat lying on a white background,6,0.0,45,0.9993
2,A sleeping cat lying on a white background,6,0.0,46,0.9989
2,A sleeping cat lying on a white background,6,0.25,42,0.9995
2,A sleeping cat lying on a white background,6,0.25,43,0.9994
2,A sleeping cat lying on a white background,6,0.25,44,0.9993
2,A sleeping cat lying on a white background,6,0.25,45,0.9993
2,A sleeping cat lying on a white background,6,0.25,46,0.999
2,A sleeping cat lying on a white background,6,0.375,42,0.9994
2,A sleeping cat lying on a white background,6,0.375,43,0.9991
2,A sleeping cat lying on a white background,6,0.375,44,0.9992
2,A sleeping cat lying on a white background,6,0.375,45,0.9993
2,A sleeping cat lying on a white background,6,0.375,46,0.9989
2,A sleeping cat lying on a white background,6,0.5,42,0.9993
2,A sleeping cat lying on a white background,6,0.5,43,0.9987
2,A sleeping cat lying on a white background,6,0.5,44,0.999
2,A sleeping cat lying on a white background,6,0.5,45,0.9989
2,A sleeping cat lying on a white background,6,0.5,46,0.9983
2,A sleeping cat lying on a white background,6,0.625,42,0.9944
2,A sleeping cat lying on a white background,6,0.625,43,0.9913
2,A sleeping cat lying on a white background,6,0.625,44,0.9948
2,A sleeping cat lying on a white background,6,0.625,45,0.9951
2,A sleeping cat lying on a white background,6,0.625,46,0.9949
2,A sleeping cat lying on a white background,6,0.6875,42,0.9891
2,A sleeping cat lying on a white background,6,0.6875,43,0.9863
2,A sleeping cat lying on a white background,6,0.6875,44,0.9846
2,A sleeping cat lying on a white background,6,0.6875,45,0.9838
2,A sleeping cat lying on a white background,6,0.6875,46,0.9845
2,A sleeping cat lying on a white background,6,0.75,42,0.9605
2,A sleeping cat lying on a white background,6,0.75,43,0.9521
2,A sleeping cat lying on a white background,6,0.75,44,0.9537
2,A sleeping cat lying on a white background,6,0.75,45,0.9643
2,A sleeping cat lying on a white background,6,0.75,46,0.9617
2,A sleeping cat lying on a white background,6,0.8125,42,0.9076
2,A sleeping cat lying on a white background,6,0.8125,43,0.8558
2,A sleeping cat lying on a white background,6,0.8125,44,0.8749
2,A sleeping cat lying on a white background,6,0.8125,45,0.895
2,A sleeping cat lying on a white background,6,0.8125,46,0.8829
2,A sleeping cat lying on a white background,6,0.875,42,0.6229
2,A sleeping cat lying on a white background,6,0.875,43,0.5134
2,A sleeping cat lying on a white background,6,0.875,44,0.5381
2,A sleeping cat lying on a white background,6,0.875,45,0.54
2,A sleeping cat lying on a white background,6,0.875,46,0.5494
2,A sleeping cat lying on a white background,8,0.0,42,0.9995
2,A sleeping cat lying on a white background,8,0.0,43,0.9994
2,A sleeping cat lying on a white background,8,0.0,44,0.9994
2,A sleeping cat lying on a white background,8,0.0,45,0.9995
2,A sleeping cat lying on a white background,8,0.0,46,0.9994
2,A sleeping cat lying on a white background,8,0.25,42,0.9995
2,A sleeping cat lying on a white background,8,0.25,43,0.9994
2,A sleeping cat lying on a white background,8,0.25,44,0.9994
2,A sleeping cat lying on a white background,8,0.25,45,0.9995
2,A sleeping cat lying on a white background,8,0.25,46,0.9992
2,A sleeping cat lying on a white background,8,0.375,42,0.9992
2,A sleeping cat lying on a white background,8,0.375,43,0.9993
2,A sleeping cat lying on a white background,8,0.375,44,0.9994
2,A sleeping cat lying on a white background,8,0.375,45,0.9995
2,A sleeping cat lying on a white background,8,0.375,46,0.999
2,A sleeping cat lying on a white background,8,0.5,42,0.9994
2,A sleeping cat lying on a white background,8,0.5,43,0.999
2,A sleeping cat lying on a white background,8,0.5,44,0.999
2,A sleeping cat lying on a white background,8,0.5,45,0.9993
2,A sleeping cat lying on a white background,8,0.5,46,0.9983
2,A sleeping cat lying on a white background,8,0.625,42,0.9963
2,A sleeping cat lying on a white background,8,0.625,43,0.9959
2,A sleeping cat lying on a white background,8,0.625,44,0.9964
2,A sleeping cat lying on a white background,8,0.625,45,0.9963
2,A sleeping cat lying on a white background,8,0.625,46,0.9947
2,A sleeping cat lying on a white background,8,0.6875,42,0.991
2,A sleeping cat lying on a white background,8,0.6875,43,0.9878
2,A sleeping cat lying on a white background,8,0.6875,44,0.9891
2,A sleeping cat lying on a white background,8,0.6875,45,0.9875
2,A sleeping cat lying on a white background,8,0.6875,46,0.9872
2,A sleeping cat lying on a white background,8,0.75,42,0.981
2,A sleeping cat lying on a white background,8,0.75,43,0.9628
2,A sleeping cat lying on a white background,8,0.75,44,0.974
2,A sleeping cat lying on a white background,8,0.75,45,0.9645
2,A sleeping cat lying on a white background,8,0.75,46,0.9694
2,A sleeping cat lying on a white background,8,0.8125,42,0.9305
2,A sleeping cat lying on a white background,8,0.8125,43,0.8823
2,A sleeping cat lying on a white background,8,0.8125,44,0.8875
2,A sleeping cat lying on a white background,8,0.8125,45,0.9062
2,A sleeping cat lying on a white background,8,0.8125,46,0.8903
2,A sleeping cat lying on a white background,8,0.875,42,0.6501
2,A sleeping cat lying on a white background,8,0.875,43,0.5604
2,A sleeping cat lying on a white background,8,0.875,44,0.5704
2,A sleeping cat lying on a white background,8,0.875,45,0.581
2,A sleeping cat lying on a white background,8,0.875,46,0.5886
2,A sleeping cat lying on a white background,10,0.0,42,0.9995
2,A sleeping cat lying on a white background,10,0.0,43,0.9995
2,A sleeping cat lying on a white background,10,0.0,44,0.9995
2,A sleeping cat lying on a white background,10,0.0,45,0.9995
2,A sleeping cat lying on a white background,10,0.0,46,0.9994
2,A sleeping cat lying on a white background,10,0.25,42,0.9995
2,A sleeping cat lying on a white background,10,0.25,43,0.9995
2,A sleeping cat lying on a white background,10,0.25,44,0.9995
2,A sleeping cat lying on a white background,10,0.25,45,0.9996
2,A sleeping cat lying on a white background,10,0.25,46,0.9993
2,A sleeping cat lying on a white background,10,0.375,42,0.9996
2,A sleeping cat lying on a white background,10,0.375,43,0.9994
2,A sleeping cat lying on a white background,10,0.375,44,0.9995
2,A sleeping cat lying on a white background,10,0.375,45,0.9996
2,A sleeping cat lying on a white background,10,0.375,46,0.9993
2,A sleeping cat lying on a white background,10,0.5,42,0.9994
2,A sleeping cat lying on a white background,10,0.5,43,0.9992
2,A sleeping cat lying on a white background,10,0.5,44,0.9993
2,A sleeping cat lying on a white background,10,0.5,45,0.9993
2,A sleeping cat lying on a white background,10,0.5,46,0.9988
2,A sleeping cat lying on a white background,10,0.625,42,0.9984
2,A sleeping cat lying on a white background,10,0.625,43,0.9956
2,A sleeping cat lying on a white background,10,0.625,44,0.997
2,A sleeping cat lying on a white background,10,0.625,45,0.9976
2,A sleeping cat lying on a white background,10,0.625,46,0.9967
2,A sleeping cat lying on a white background,10,0.6875,42,0.9941
2,A sleeping cat lying on a white background,10,0.6875,43,0.9886
2,A sleeping cat lying on a white background,10,0.6875,44,0.9917
2,A sleeping cat lying on a white background,10,0.6875,45,0.9917
2,A sleeping cat lying on a white background,10,0.6875,46,0.9867
2,A sleeping cat lying on a white background,10,0.75,42,0.9826
2,A sleeping cat lying on a white background,10,0.75,43,0.967
2,A sleeping cat lying on a white background,10,0.75,44,0.9747
2,A sleeping cat lying on a white background,10,0.75,45,0.9702
2,A sleeping cat lying on a white background,10,0.75,46,0.9704
2,A sleeping cat lying on a white background,10,0.8125,42,0.9338
2,A sleeping cat lying on a white background,10,0.8125,43,0.9003
2,A sleeping cat lying on a white background,10,0.8125,44,0.9101
2,A sleeping cat lying on a white background,10,0.8125,45,0.9247
2,A sleeping cat lying on a white background,10,0.8125,46,0.9132
2,A sleeping cat lying on a white background,10,0.875,42,0.6785
2,A sleeping cat lying on a white background,10,0.875,43,0.606
2,A sleeping cat lying on a white background,10,0.875,44,0.6169
2,A sleeping cat lying on a white background,10,0.875,45,0.6572
2,A sleeping cat lying on a white background,10,0.875,46,0.6093
2,A sleeping cat lying on a white background,12,0.0,42,0.9996
2,A sleeping cat lying on a white background,12,0.0,43,0.9996
2,A sleeping cat lying on a white background,12,0.0,44,0.9995
2,A sleeping cat lying on a white background,12,0.0,45,0.9996
2,A sleeping cat lying on a white background,12,0.0,46,0.9995
2,A sleeping cat lying on a white background,12,0.25,42,0.9995
2,A sleeping cat lying on a white background,12,0.25,43,0.9995
2,A sleeping cat lying on a white background,12,0.25,44,0.9995
2,A sleeping cat lying on a white background,12,0.25,45,0.9996
2,A sleeping cat lying on a white background,12,0.25,46,0.9995
2,A sleeping cat lying on a white background,12,0.375,42,0.9994
2,A sleeping cat lying on a white background,12,0.375,43,0.9995
2,A sleeping cat lying on a white background,12,0.375,44,0.9995
2,A sleeping cat lying on a white background,12,0.375,45,0.9995
2,A sleeping cat lying on a white background,12,0.375,46,0.9995
2,A sleeping cat lying on a white background,12,0.5,42,0.9995
2,A sleeping cat lying on a white background,12,0.5,43,0.9991
2,A sleeping cat lying on a white background,12,0.5,44,0.9994
2,A sleeping cat lying on a white background,12,0.5,45,0.9994
2,A sleeping cat lying on a white background,12,0.5,46,0.9993
2,A sleeping cat lying on a white background,12,0.625,42,0.9983
2,A sleeping cat lying on a white background,12,0.625,43,0.9971
2,A sleeping cat lying on a white background,12,0.625,44,0.9979
2,A sleeping cat lying on a white background,12,0.625,45,0.9979
2,A sleeping cat lying on a white background,12,0.625,46,0.9969
2,A sleeping cat lying on a white background,12,0.6875,42,0.9952
2,A sleeping cat lying on a white background,12,0.6875,43,0.9924
2,A sleeping cat lying on a white background,12,0.6875,44,0.9937
2,A sleeping cat lying on a white background,12,0.6875,45,0.9943
2,A sleeping cat lying on a white background,12,0.6875,46,0.9924
2,A sleeping cat lying on a white background,12,0.75,42,0.9849
2,A sleeping cat lying on a white background,12,0.75,43,0.9715
2,A sleeping cat lying on a white background,12,0.75,44,0.9778
2,A sleeping cat lying on a white background,12,0.75,45,0.978
2,A sleeping cat lying on a white background,12,0.75,46,0.9767
2,A sleeping cat lying on a white background,12,0.8125,42,0.9439
2,A sleeping cat lying on a white background,12,0.8125,43,0.9141
2,A sleeping cat lying on a white background,12,0.8125,44,0.9188
2,A sleeping cat lying on a white background,12,0.8125,45,0.928
2,A sleeping cat lying on a white background,12,0.8125,46,0.9178
2,A sleeping cat lying on a white background,12,0.875,42,0.7183
2,A sleeping cat lying on a white background,12,0.875,43,0.6663
2,A sleeping cat lying on a white background,12,0.875,44,0.6717
2,A sleeping cat lying on a white background,12,0.875,45,0.7071
2,A sleeping cat lying on a white background,12,0.875,46,0.6905
2,A sleeping cat lying on a white background,14,0.0,42,0.9996
2,A sleeping cat lying on a white background,14,0.0,43,0.9996
2,A sleeping cat lying on a white background,14,0.0,44,0.9995
2,A sleeping cat lying on a white background,14,0.0,45,0.9996
2,A sleeping cat lying on a white background,14,0.0,46,0.9995
2,A sleeping cat lying on a white background,14,0.25,42,0.9996
2,A sleeping cat lying on a white background,14,0.25,43,0.9996
2,A sleeping cat lying on a white background,14,0.25,44,0.9996
2,A sleeping cat lying on a white background,14,0.25,45,0.9996
2,A sleeping cat lying on a white background,14,0.25,46,0.9995
2,A sleeping cat lying on a white background,14,0.375,42,0.9996
2,A sleeping cat lying on a white background,14,0.375,43,0.9996
2,A sleeping cat lying on a white background,14,0.375,44,0.9996
2,A sleeping cat lying on a white background,14,0.375,45,0.9996
2,A sleeping cat lying on a white background,14,0.375,46,0.9995
2,A sleeping cat lying on a white background,14,0.5,42,0.9994
2,A sleeping cat lying on a white background,14,0.5,43,0.9994
2,A sleeping cat lying on a white background,14,0.5,44,0.9994
2,A sleeping cat lying on a white background,14,0.5,45,0.9995
2,A sleeping cat lying on a white background,14,0.5,46,0.9993
2,A sleeping cat lying on a white background,14,0.625,42,0.9987
2,A sleeping cat lying on a white background,14,0.625,43,0.9976
2,A sleeping cat lying on a white background,14,0.625,44,0.9982
2,A sleeping cat lying on a white background,14,0.625,45,0.9984
2,A sleeping cat lying on a white background,14,0.625,46,0.998
2,A sleeping cat lying on a white background,14,0.6875,42,0.9965
2,A sleeping cat lying on a white background,14,0.6875,43,0.9935
2,A sleeping cat lying on a white background,14,0.6875,44,0.9944
2,A sleeping cat lying on a white background,14,0.6875,45,0.9953
2,A sleeping cat lying on a white background,14,0.6875,46,0.9938
2,A sleeping cat lying on a white background,14,0.75,42,0.9871
2,A sleeping cat lying on a white background,14,0.75,43,0.9777
2,A sleeping cat lying on a white background,14,0.75,44,0.981
2,A sleeping cat lying on a white background,14,0.75,45,0.9835
2,A sleeping cat lying on a white background,14,0.75,46,0.983
2,A sleeping cat lying on a white background,14,0.8125,42,0.9493
2,A sleeping cat lying on a white background,14,0.8125,43,0.914
2,A sleeping cat lying on a white background,14,0.8125,44,0.9211
2,A sleeping cat lying on a white background,14,0.8125,45,0.9327
2,A sleeping cat lying on a white background,14,0.8125,46,0.9319
2,A sleeping cat lying on a white background,14,0.875,42,0.769
2,A sleeping cat lying on a white background,14,0.875,43,0.7039
2,A sleeping cat lying on a white background,14,0.875,44,0.7098
2,A sleeping cat lying on a white background,14,0.875,45,0.7576
2,A sleeping cat lying on a white background,14,0.875,46,0.7354
2,A sleeping cat lying on a white background,16,0.0,42,0.9997
2,A sleeping cat lying on a white background,16,0.0,43,0.9996
2,A sleeping cat lying on a white background,16,0.0,44,0.9996
2,A sleeping cat lying on a white background,16,0.0,45,0.9997
2,A sleeping cat lying on a white background,16,0.0,46,0.9996
2,A sleeping cat lying on a white background,16,0.25,42,0.9996
2,A sleeping cat lying on a white background,16,0.25,43,0.9996
2,A sleeping cat lying on a white background,16,0.25,44,0.9996
2,A sleeping cat lying on a white background,16,0.25,45,0.9997
2,A sleeping cat lying on a white background,16,0.25,46,0.9996
2,A sleeping cat lying on a white background,16,0.375,42,0.9997
2,A sleeping cat lying on a white background,16,0.375,43,0.9996
2,A sleeping cat lying on a white background,16,0.375,44,0.9996
2,A sleeping cat lying on a white background,16,0.375,45,0.9996
2,A sleeping cat lying on a white background,16,0.375,46,0.9995
2,A sleeping cat lying on a white background,16,0.5,42,0.9996
2,A sleeping cat lying on a white background,16,0.5,43,0.9995
2,A sleeping cat lying on a white background,16,0.5,44,0.9995
2,A sleeping cat lying on a white background,16,0.5,45,0.9996
2,A sleeping cat lying on a white background,16,0.5,46,0.9994
2,A sleeping cat lying on a white background,16,0.625,42,0.9988
2,A sleeping cat lying on a white background,16,0.625,43,0.998
2,A sleeping cat lying on a white background,16,0.625,44,0.9984
2,A sleeping cat lying on a white background,16,0.625,45,0.9986
2,A sleeping cat lying on a white background,16,0.625,46,0.9984
2,A sleeping cat lying on a white background,16,0.6875,42,0.9971
2,A sleeping cat lying on a white background,16,0.6875,43,0.9945
2,A sleeping cat lying on a white background,16,0.6875,44,0.9954
2,A sleeping cat lying on a white background,16,0.6875,45,0.9961
2,A sleeping cat lying on a white background,16,0.6875,46,0.9953
2,A sleeping cat lying on a white background,16,0.75,42,0.9892
2,A sleeping cat lying on a white background,16,0.75,43,0.9811
2,A sleeping cat lying on a white background,16,0.75,44,0.9843
2,A sleeping cat lying on a white background,16,0.75,45,0.9874
2,A sleeping cat lying on a white background,16,0.75,46,0.9849
2,A sleeping cat lying on a white background,16,0.8125,42,0.9537
2,A sleeping cat lying on a white background,16,0.8125,43,0.9176
2,A sleeping cat lying on a white background,16,0.8125,44,0.9248
2,A sleeping cat lying on a white background,16,0.8125,45,0.9411
2,A sleeping cat lying on a white background,16,0.8125,46,0.9396
2,A sleeping cat lying on a white background,16,0.875,42,0.8118
2,A sleeping cat lying on a white background,16,0.875,43,0.7574
2,A sleeping cat lying on a white background,16,0.875,44,0.7485
2,A sleeping cat lying on a white background,16,0.875,45,0.7899
2,A sleeping cat lying on a white background,16,0.875,46,0.7952
2,A sleeping cat lying on a white background,18,0.0,42,0.9997
2,A sleeping cat lying on a white background,18,0.0,43,0.9996
2,A sleeping cat lying on a white background,18,0.0,44,0.9996
2,A sleeping cat lying on a white background,18,0.0,45,0.9997
2,A sleeping cat lying on a white background,18,0.0,46,0.9996
2,A sleeping cat lying on a white background,18,0.25,42,0.9997
2,A sleeping cat lying on a white background,18,0.25,43,0.9996
2,A sleeping cat lying on a white background,18,0.25,44,0.9996
2,A sleeping cat lying on a white background,18,0.25,45,0.9997
2,A sleeping cat lying on a white background,18,0.25,46,0.9996
2,A sleeping cat lying on a white background,18,0.375,42,0.9997
2,A sleeping cat lying on a white background,18,0.375,43,0.9996
2,A sleeping cat lying on a white background,18,0.375,44,0.9996
2,A sleeping cat lying on a white background,18,0.375,45,0.9997
2,A sleeping cat lying on a white background,18,0.375,46,0.9996
2,A sleeping cat lying on a white background,18,0.5,42,0.9996
2,A sleeping cat lying on a white background,18,0.5,43,0.9995
2,A sleeping cat lying on a white background,18,0.5,44,0.9995
2,A sleeping cat lying on a white background,18,0.5,45,0.9996
2,A sleeping cat lying on a white background,18,0.5,46,0.9995
2,A sleeping cat lying on a white background,18,0.625,42,0.9989
2,A sleeping cat lying on a white background,18,0.625,43,0.9984
2,A sleeping cat lying on a white background,18,0.625,44,0.9984
2,A sleeping cat lying on a white background,18,0.625,45,0.9989
2,A sleeping cat lying on a white background,18,0.625,46,0.9987
2,A sleeping cat lying on a white background,18,0.6875,42,0.9969
2,A sleeping cat lying on a white background,18,0.6875,43,0.9951
2,A sleeping cat lying on a white background,18,0.6875,44,0.9957
2,A sleeping cat lying on a white background,18,0.6875,45,0.9968
2,A sleeping cat lying on a white background,18,0.6875,46,0.9962
2,A sleeping cat lying on a white background,18,0.75,42,0.9893
2,A sleeping cat lying on a white background,18,0.75,43,0.9823
2,A sleeping cat lying on a white background,18,0.75,44,0.9838
2,A sleeping cat lying on a white background,18,0.75,45,0.9887
2,A sleeping cat lying on a white background,18,0.75,46,0.9874
2,A sleeping cat lying on a white background,18,0.8125,42,0.9496
2,A sleeping cat lying on a white background,18,0.8125,43,0.9193
2,A sleeping cat lying on a white background,18,0.8125,44,0.9238
2,A sleeping cat lying on a white background,18,0.8125,45,0.9474
2,A sleeping cat lying on a white background,18,0.8125,46,0.947
2,A sleeping cat lying on a white background,18,0.875,42,0.8218
2,A sleeping cat lying on a white background,18,0.875,43,0.7803
2,A sleeping cat lying on a white background,18,0.875,44,0.7689
2,A sleeping cat lying on a white background,18,0.875,45,0.8149
2,A sleeping cat lying on a white background,18,0.875,46,0.8241
2,A sleeping cat lying on a white background,20,0.0,42,0.9997
2,A sleeping cat lying on a white background,20,0.0,43,0.9997
2,A sleeping cat lying on a white background,20,0.0,44,0.9997
2,A sleeping cat lying on a white background,20,0.0,45,0.9997
2,A sleeping cat lying on a white background,20,0.0,46,0.9996
2,A sleeping cat lying on a white background,20,0.25,42,0.9997
2,A sleeping cat lying on a white background,20,0.25,43,0.9996
2,A sleeping cat lying on a white background,20,0.25,44,0.9997
2,A sleeping cat lying on a white background,20,0.25,45,0.9997
2,A sleeping cat lying on a white background,20,0.25,46,0.9996
2,A sleeping cat lying on a white background,20,0.375,42,0.9997
2,A sleeping cat lying on a white background,20,0.375,43,0.9996
2,A sleeping cat lying on a white background,20,0.375,44,0.9996
2,A sleeping cat lying on a white background,20,0.375,45,0.9997
2,A sleeping cat lying on a white background,20,0.375,46,0.9996
2,A sleeping cat lying on a white background,20,0.5,42,0.9996
2,A sleeping cat lying on a white background,20,0.5,43,0.9995
2,A sleeping cat lying on a white background,20,0.5,44,0.9995
2,A sleeping cat lying on a white background,20,0.5,45,0.9996
2,A sleeping cat lying on a white background,20,0.5,46,0.9995
2,A sleeping cat lying on a white background,20,0.625,42,0.9989
2,A sleeping cat lying on a white background,20,0.625,43,0.9985
2,A sleeping cat lying on a white background,20,0.625,44,0.9985
2,A sleeping cat lying on a white background,20,0.625,45,0.999
2,A sleeping cat lying on a white background,20,0.625,46,0.9988
2,A sleeping cat lying on a white background,20,0.6875,42,0.9971
2,A sleeping cat lying on a white background,20,0.6875,43,0.9955
2,A sleeping cat lying on a white background,20,0.6875,44,0.9957
2,A sleeping cat lying on a white background,20,0.6875,45,0.9971
2,A sleeping cat lying on a white background,20,0.6875,46,0.9967
2,A sleeping cat lying on a white background,20,0.75,42,0.9895
2,A sleeping cat lying on a white background,20,0.75,43,0.9824
2,A sleeping cat lying on a white background,20,0.75,44,0.9835
2,A sleeping cat lying on a white background,20,0.75,45,0.9893
2,A sleeping cat lying on a white background,20,0.75,46,0.9884
2,A sleeping cat lying on a white background,20,0.8125,42,0.9459
2,A sleeping cat lying on a white background,20,0.8125,43,0.9221
2,A sleeping cat lying on a white background,20,0.8125,44,0.9202
2,A sleeping cat lying on a white background,20,0.8125,45,0.9463
2,A sleeping cat lying on a white background,20,0.8125,46,0.949
2,A sleeping cat lying on a white background,20,0.875,42,0.8286
2,A sleeping cat lying on a white background,20,0.875,43,0.7941
2,A sleeping cat lying on a white background,20,0.875,44,0.7765
2,A sleeping cat lying on a white background,20,0.875,45,0.83
2,A sleeping cat lying on a white background,20,0.875,46,0.83
2,A sleeping cat lying on a white background,22,0.0,42,0.9997
2,A sleeping cat lying on a white background,22,0.0,43,0.9997
2,A sleeping cat lying on a white background,22,0.0,44,0.9997
2,A sleeping cat lying on a white background,22,0.0,45,0.9997
2,A sleeping cat lying on a white background,22,0.0,46,0.9996
2,A sleeping cat lying on a white background,22,0.25,42,0.9997
2,A sleeping cat lying on a white background,22,0.25,43,0.9997
2,A sleeping cat lying on a white background,22,0.25,44,0.9997
2,A sleeping cat lying on a white background,22,0.25,45,0.9997
2,A sleeping cat lying on a white background,22,0.25,46,0.9997
2,A sleeping cat lying on a white background,22,0.375,42,0.9997
2,A sleeping cat lying on a white background,22,0.375,43,0.9996
2,A sleeping cat lying on a white background,22,0.375,44,0.9997
2,A sleeping cat lying on a white background,22,0.375,45,0.9997
2,A sleeping cat lying on a white background,22,0.375,46,0.9996
2,A sleeping cat lying on a white background,22,0.5,42,0.9996
2,A sleeping cat lying on a white background,22,0.5,43,0.9995
2,A sleeping cat lying on a white background,22,0.5,44,0.9995
2,A sleeping cat lying on a white background,22,0.5,45,0.9996
2,A sleeping cat lying on a white background,22,0.5,46,0.9995
2,A sleeping cat lying on a white background,22,0.625,42,0.9989
2,A sleeping cat lying on a white background,22,0.625,43,0.9983
2,A sleeping cat lying on a white background,22,0.625,44,0.9983
2,A sleeping cat lying on a white background,22,0.625,45,0.9988
2,A sleeping cat lying on a white background,22,0.625,46,0.9987
2,A sleeping cat lying on a white background,22,0.6875,42,0.9968
2,A sleeping cat lying on a white background,22,0.6875,43,0.9946
2,A sleeping cat lying on a white background,22,0.6875,44,0.9948
2,A sleeping cat lying on a white background,22,0.6875,45,0.9966
2,A sleeping cat lying on a white background,22,0.6875,46,0.9964
2,A sleeping cat lying on a white background,22,0.75,42,0.9883
2,A sleeping cat lying on a white background,22,0.75,43,0.9794
2,A sleeping cat lying on a white background,22,0.75,44,0.9807
2,A sleeping cat lying on a white background,22,0.75,45,0.9879
2,A sleeping cat lying on a white background,22,0.75,46,0.987
2,A sleeping cat lying on a white background,22,0.8125,42,0.9367
2,A sleeping cat lying on a white background,22,0.8125,43,0.911
2,A sleeping cat lying on a white background,22,0.8125,44,0.9098
2,A sleeping cat lying on a white background,22,0.8125,45,0.9423
2,A sleeping cat lying on a white background,22,0.8125,46,0.9375
2,A sleeping cat lying on a white background,22,0.875,42,0.829
2,A sleeping cat lying on a white background,22,0.875,43,0.7854
2,A sleeping cat lying on a white background,22,0.875,44,0.7632
2,A sleeping cat lying on a white background,22,0.875,45,0.8246
2,A sleeping cat lying on a white background,22,0.875,46,0.826
2,A sleeping cat lying on a white background,24,0.0,42,0.9998
2,A sleeping cat lying on a white background,24,0.0,43,0.9997
2,A sleeping cat lying on a white background,24,0.0,44,0.9997
2,A sleeping cat lying on a white background,24,0.0,45,0.9998
2,A sleeping cat lying on a white background,24,0.0,46,0.9997
2,A sleeping cat lying on a white background,24,0.25,42,0.9997
2,A sleeping cat lying on a white background,24,0.25,43,0.9997
2,A sleeping cat lying on a white background,24,0.25,44,0.9997
2,A sleeping cat lying on a white background,24,0.25,45,0.9998
2,A sleeping cat lying on a white background,24,0.25,46,0.9997
2,A sleeping cat lying on a white background,24,0.375,42,0.9997
2,A sleeping cat lying on a white background,24,0.375,43,0.9997
2,A sleeping cat lying on a white background,24,0.375,44,0.9997
2,A sleeping cat lying on a white background,24,0.375,45,0.9997
2,A sleeping cat lying on a white background,24,0.375,46,0.9997
2,A sleeping cat lying on a white background,24,0.5,42,0.9996
2,A sleeping cat lying on a white background,24,0.5,43,0.9995
2,A sleeping cat lying on a white background,24,0.5,44,0.9995
2,A sleeping cat lying on a white background,24,0.5,45,0.9996
2,A sleeping cat lying on a white background,24,0.5,46,0.9995
2,A sleeping cat lying on a white background,24,0.625,42,0.9986
2,A sleeping cat lying on a white background,24,0.625,43,0.9977
2,A sleeping cat lying on a white background,24,0.625,44,0.9978
2,A sleeping cat lying on a white background,24,0.625,45,0.9985
2,A sleeping cat lying on a white background,24,0.625,46,0.9985
2,A sleeping cat lying on a white background,24,0.6875,42,0.9958
2,A sleeping cat lying on a white background,24,0.6875,43,0.9922
2,A sleeping cat lying on a white background,24,0.6875,44,0.9926
2,A sleeping cat lying on a white background,24,0.6875,45,0.9953
2,A sleeping cat lying on a white background,24,0.6875,46,0.9956
2,A sleeping cat lying on a white background,24,0.75,42,0.984
2,A sleeping cat lying on a white background,24,0.75,43,0.9705
2,A sleeping cat lying on a white background,24,0.75,44,0.9725
2,A sleeping cat lying on a white background,24,0.75,45,0.9825
2,A sleeping cat lying on a white background,24,0.75,46,0.9822
2,A sleeping cat lying on a white background,24,0.8125,42,0.9278
2,A sleeping cat lying on a white background,24,0.8125,43,0.8986
2,A sleeping cat lying on a white background,24,0.8125,44,0.8896
2,A sleeping cat lying on a white background,24,0.8125,45,0.9294
2,A sleeping cat lying on a white background,24,0.8125,46,0.9332
2,A sleeping cat lying on a white background,24,0.875,42,0.8419
2,A sleeping cat lying on a white background,24,0.875,43,0.7725
2,A sleeping cat lying on a white background,24,0.875,44,0.7628
2,A sleeping cat lying on a white background,24,0.875,45,0.8322
2,A sleeping cat lying on a white background,24,0.875,46,0.8118
2,A sleeping cat lying on a white background,26,0.0,42,0.9999
2,A sleeping cat lying on a white background,26,0.0,43,0.9999
2,A sleeping cat lying on a white background,26,0.0,44,0.9999
2,A sleeping cat lying on a white background,26,0.0,45,0.9999
2,A sleeping cat lying on a white background,26,0.0,46,0.9999
2,A sleeping cat lying on a white background,26,0.25,42,0.9999
2,A sleeping cat lying on a white background,26,0.25,43,0.9999
2,A sleeping cat lying on a white background,26,0.25,44,0.9999
2,A sleeping cat lying on a white background,26,0.25,45,0.9999
2,A sleeping cat lying on a white background,26,0.25,46,0.9999
2,A sleeping cat lying on a white background,26,0.375,42,0.9998
2,A sleeping cat lying on a white background,26,0.375,43,0.9998
2,A sleeping cat lying on a white background,26,0.375,44,0.9998
2,A sleeping cat lying on a white background,26,0.375,45,0.9998
2,A sleeping cat lying on a white background,26,0.375,46,0.9998
2,A sleeping cat lying on a white background,26,0.5,42,0.9996
2,A sleeping cat lying on a white background,26,0.5,43,0.9994
2,A sleeping cat lying on a white background,26,0.5,44,0.9994
2,A sleeping cat lying on a white background,26,0.5,45,0.9995
2,A sleeping cat lying on a white background,26,0.5,46,0.9995
2,A sleeping cat lying on a white background,26,0.625,42,0.9973
2,A sleeping cat lying on a white background,26,0.625,43,0.9948
2,A sleeping cat lying on a white background,26,0.625,44,0.995
2,A sleeping cat lying on a white background,26,0.625,45,0.9963
2,A sleeping cat lying on a white background,26,0.625,46,0.9964
2,A sleeping cat lying on a white background,26,0.6875,42,0.9911
2,A sleeping cat lying on a white background,26,0.6875,43,0.9825
2,A sleeping cat lying on a white background,26,0.6875,44,0.9859
2,A sleeping cat lying on a white background,26,0.6875,45,0.99
2,A sleeping cat lying on a white background,26,0.6875,46,0.991
2,A sleeping cat lying on a white background,26,0.75,42,0.9712
2,A sleeping cat lying on a white background,26,0.75,43,0.9496
2,A sleeping cat lying on a white background,26,0.75,44,0.9577
2,A sleeping cat lying on a white background,26,0.75,45,0.9681
2,A sleeping cat lying on a white background,26,0.75,46,0.9736
2,A sleeping cat lying on a white background,26,0.8125,42,0.9355
2,A sleeping cat lying on a white background,26,0.8125,43,0.8886
2,A sleeping cat lying on a white background,26,0.8125,44,0.8789
2,A sleeping cat lying on a white background,26,0.8125,45,0.9205
2,A sleeping cat lying on a white background,26,0.8125,46,0.9298
2,A sleeping cat lying on a white background,26,0.875,42,0.8533
2,A sleeping cat lying on a white background,26,0.875,43,0.7644
2,A sleeping cat lying on a white background,26,0.875,44,0.7851
2,A sleeping cat lying on a white background,26,0.875,45,0.8352
2,A sleeping cat lying on a white background,26,0.875,46,0.8165
3,A close-up of a Ragdoll cat's face against a gray backdrop,2,0.0,42,0.9981
3,A close-up of a Ragdoll cat's face against a gray backdrop,2,0.0,43,0.9981
3,A close-up of a Ragdoll cat's face against a gray backdrop,2,0.0,44,0.9985
3,A close-up of a Ragdoll cat's face against a gray backdrop,2,0.0,45,0.9984
3,A close-up of a Ragdoll cat's face against a gray backdrop,2,0.0,46,0.9984
3,A close-up of a Ragdoll cat's face against a gray backdrop,2,0.25,42,0.9973
3,A close-up of a Ragdoll cat's face against a gray backdrop,2,0.25,43,0.9983
3,A close-up of a Ragdoll cat's face against a gray backdrop,2,0.25,44,0.9983
3,A close-up of a Ragdoll cat's face against a gray backdrop,2,0.25,45,0.9982
3,A close-up of a Ragdoll cat's face against a gray backdrop,2,0.25,46,0.9983
3,A close-up of a Ragdoll cat's face against a gray backdrop,2,0.375,42,0.9963
3,A close-up of a Ragdoll cat's face against a gray backdrop,2,0.375,43,0.998
3,A close-up of a Ragdoll cat's face against a gray backdrop,2,0.375,44,0.9983
3,A close-up of a Ragdoll cat's face against a gray backdrop,2,0.375,45,0.9981
3,A close-up of a Ragdoll cat's face against a gray backdrop,2,0.375,46,0.9981
3,A close-up of a Ragdoll cat's face against a gray backdrop,2,0.5,42,0.9977
3,A close-up of a Ragdoll cat's face against a gray backdrop,2,0.5,43,0.9974
3,A close-up of a Ragdoll cat's face against a gray backdrop,2,0.5,44,0.9975
3,A close-up of a Ragdoll cat's face against a gray backdrop,2,0.5,45,0.9978
3,A close-up of a Ragdoll cat's face against a gray backdrop,2,0.5,46,0.9978
3,A close-up of a Ragdoll cat's face against a gray backdrop,2,0.625,42,0.9904
3,A close-up of a Ragdoll cat's face against a gray backdrop,2,0.625,43,0.995
3,A close-up of a Ragdoll cat's face against a gray backdrop,2,0.625,44,0.9933
3,A close-up of a Ragdoll cat's face against a gray backdrop,2,0.625,45,0.9929
3,A close-up of a Ragdoll cat's face against a gray backdrop,2,0.625,46,0.9922
3,A close-up of a Ragdoll cat's face against a gray backdrop,2,0.6875,42,0.9737
3,A close-up of a Ragdoll cat's face against a gray backdrop,2,0.6875,43,0.9838
3,A close-up of a Ragdoll cat's face against a gray backdrop,2,0.6875,44,0.987
3,A close-up of a Ragdoll cat's face against a gray backdrop,2,0.6875,45,0.9881
3,A close-up of a Ragdoll cat's face against a gray backdrop,2,0.6875,46,0.9829
3,A close-up of a Ragdoll cat's face against a gray backdrop,2,0.75,42,0.9445
3,A close-up of a Ragdoll cat's face against a gray backdrop,2,0.75,43,0.9626
3,A close-up of a Ragdoll cat's face against a gray backdrop,2,0.75,44,0.9555
3,A close-up of a Ragdoll cat's face against a gray backdrop,2,0.75,45,0.9511
3,A close-up of a Ragdoll cat's face against a gray backdrop,2,0.75,46,0.9476
3,A close-up of a Ragdoll cat's face against a gray backdrop,2,0.8125,42,0.8076
3,A close-up of a Ragdoll cat's face against a gray backdrop,2,0.8125,43,0.8385
3,A close-up of a Ragdoll cat's face against a gray backdrop,2,0.8125,44,0.8512
3,A close-up of a Ragdoll cat's face against a gray backdrop,2,0.8125,45,0.7871
3,A close-up of a Ragdoll cat's face against a gray backdrop,2,0.8125,46,0.8404
3,A close-up of a Ragdoll cat's face against a gray backdrop,2,0.875,42,0.3683
3,A close-up of a Ragdoll cat's face against a gray backdrop,2,0.875,43,0.2679
3,A close-up of a Ragdoll cat's face against a gray backdrop,2,0.875,44,0.4146
3,A close-up of a Ragdoll cat's face against a gray backdrop,2,0.875,45,0.3406
3,A close-up of a Ragdoll cat's face against a gray backdrop,2,0.875,46,0.2929
3,A close-up of a Ragdoll cat's face against a gray backdrop,4,0.0,42,0.9986
3,A close-up of a Ragdoll cat's face against a gray backdrop,4,0.0,43,0.9983
3,A close-up of a Ragdoll cat's face against a gray backdrop,4,0.0,44,0.9986
3,A close-up of a Ragdoll cat's face against a gray backdrop,4,0.0,45,0.9985
3,A close-up of a Ragdoll cat's face against a gray backdrop,4,0.0,46,0.9984
3,A close-up of a Ragdoll cat's face against a gray backdrop,4,0.25,42,0.9986
3,A close-up of a Ragdoll cat's face against a gray backdrop,4,0.25,43,0.9979
3,A close-up of a Ragdoll cat's face against a gray backdrop,4,0.25,44,0.9987
3,A close-up of a Ragdoll cat's face against a gray backdrop,4,0.25,45,0.9983
3,A close-up of a Ragdoll cat's face against a gray backdrop,4,0.25,46,0.9986
3,A close-up of a Ragdoll cat's face against a gray backdrop,4,0.375,42,0.9984
3,A close-up of a Ragdoll cat's face against a gray backdrop,4,0.375,43,0.9983
3,A close-up of a Ragdoll cat's face against a gray backdrop,4,0.375,44,0.9985
3,A close-up of a Ragdoll cat's face against a gray backdrop,4,0.375,45,0.9985
3,A close-up of a Ragdoll cat's face against a gray backdrop,4,0.375,46,0.9984
3,A close-up of a Ragdoll cat's face against a gray backdrop,4,0.5,42,0.9984
3,A close-up of a Ragdoll cat's face against a gray backdrop,4,0.5,43,0.9977
3,A close-up of a Ragdoll cat's face against a gray backdrop,4,0.5,44,0.9982
3,A close-up of a Ragdoll cat's face against a gray backdrop,4,0.5,45,0.9978
3,A close-up of a Ragdoll cat's face against a gray backdrop,4,0.5,46,0.9978
3,A close-up of a Ragdoll cat's face against a gray backdrop,4,0.625,42,0.9942
3,A close-up of a Ragdoll cat's face against a gray backdrop,4,0.625,43,0.9949
3,A close-up of a Ragdoll cat's face against a gray backdrop,4,0.625,44,0.9946
3,A close-up of a Ragdoll cat's face against a gray backdrop,4,0.625,45,0.9955
3,A close-up of a Ragdoll cat's face against a gray backdrop,4,0.625,46,0.9957
3,A close-up of a Ragdoll cat's face against a gray backdrop,4,0.6875,42,0.9902
3,A close-up of a Ragdoll cat's face against a gray backdrop,4,0.6875,43,0.9866
3,A close-up of a Ragdoll cat's face against a gray backdrop,4,0.6875,44,0.9904
3,A close-up of a Ragdoll cat's face against a gray backdrop,4,0.6875,45,0.9866
3,A close-up of a Ragdoll cat's face against a gray backdrop,4,0.6875,46,0.9868
3,A close-up of a Ragdoll cat's face against a gray backdrop,4,0.75,42,0.9713
3,A close-up of a Ragdoll cat's face against a gray backdrop,4,0.75,43,0.9716
3,A close-up of a Ragdoll cat's face against a gray backdrop,4,0.75,44,0.9723
3,A close-up of a Ragdoll cat's face against a gray backdrop,4,0.75,45,0.9598
3,A close-up of a Ragdoll cat's face against a gray backdrop,4,0.75,46,0.9644
3,A close-up of a Ragdoll cat's face against a gray backdrop,4,0.8125,42,0.8218
3,A close-up of a Ragdoll cat's face against a gray backdrop,4,0.8125,43,0.8649
3,A close-up of a Ragdoll cat's face against a gray backdrop,4,0.8125,44,0.8638
3,A close-up of a Ragdoll cat's face against a gray backdrop,4,0.8125,45,0.8007
3,A close-up of a Ragdoll cat's face against a gray backdrop,4,0.8125,46,0.8438
3,A close-up of a Ragdoll cat's face against a gray backdrop,4,0.875,42,0.3875
3,A close-up of a Ragdoll cat's face against a gray backdrop,4,0.875,43,0.2801
3,A close-up of a Ragdoll cat's face against a gray backdrop,4,0.875,44,0.3963
3,A close-up of a Ragdoll cat's face against a gray backdrop,4,0.875,45,0.3696
3,A close-up of a Ragdoll cat's face against a gray backdrop,4,0.875,46,0.3164
3,A close-up of a Ragdoll cat's face against a gray backdrop,6,0.0,42,0.9987
3,A close-up of a Ragdoll cat's face against a gray backdrop,6,0.0,43,0.9986
3,A close-up of a Ragdoll cat's face against a gray backdrop,6,0.0,44,0.9986
3,A close-up of a Ragdoll cat's face against a gray backdrop,6,0.0,45,0.9986
3,A close-up of a Ragdoll cat's face against a gray backdrop,6,0.0,46,0.9986
3,A close-up of a Ragdoll cat's face against a gray backdrop,6,0.25,42,0.9985
3,A close-up of a Ragdoll cat's face against a gray backdrop,6,0.25,43,0.9974
3,A close-up of a Ragdoll cat's face against a gray backdrop,6,0.25,44,0.9987
3,A close-up of a Ragdoll cat's face against a gray backdrop,6,0.25,45,0.9986
3,A close-up of a Ragdoll cat's face against a gray backdrop,6,0.25,46,0.9987
3,A close-up of a Ragdoll cat's face against a gray backdrop,6,0.375,42,0.9986
3,A close-up of a Ragdoll cat's face against a gray backdrop,6,0.375,43,0.9977
3,A close-up of a Ragdoll cat's face against a gray backdrop,6,0.375,44,0.9985
3,A close-up of a Ragdoll cat's face against a gray backdrop,6,0.375,45,0.9984
3,A close-up of a Ragdoll cat's face against a gray backdrop,6,0.375,46,0.9985
3,A close-up of a Ragdoll cat's face against a gray backdrop,6,0.5,42,0.9983
3,A close-up of a Ragdoll cat's face against a gray backdrop,6,0.5,43,0.9961
3,A close-up of a Ragdoll cat's face against a gray backdrop,6,0.5,44,0.9982
3,A close-up of a Ragdoll cat's face against a gray backdrop,6,0.5,45,0.9979
3,A close-up of a Ragdoll cat's face against a gray backdrop,6,0.5,46,0.9984
3,A close-up of a Ragdoll cat's face against a gray backdrop,6,0.625,42,0.9954
3,A close-up of a Ragdoll cat's face against a gray backdrop,6,0.625,43,0.9955
3,A close-up of a Ragdoll cat's face against a gray backdrop,6,0.625,44,0.9962
3,A close-up of a Ragdoll cat's face against a gray backdrop,6,0.625,45,0.9958
3,A close-up of a Ragdoll cat's face against a gray backdrop,6,0.625,46,0.9959
3,A close-up of a Ragdoll cat's face against a gray backdrop,6,0.6875,42,0.9851
3,A close-up of a Ragdoll cat's face against a gray backdrop,6,0.6875,43,0.9889
3,A close-up of a Ragdoll cat's face against a gray backdrop,6,0.6875,44,0.9917
3,A close-up of a Ragdoll cat's face against a gray backdrop,6,0.6875,45,0.9902
3,A close-up of a Ragdoll cat's face against a gray backdrop,6,0.6875,46,0.9909
3,A close-up of a Ragdoll cat's face against a gray backdrop,6,0.75,42,0.9733
3,A close-up of a Ragdoll cat's face against a gray backdrop,6,0.75,43,0.9705
3,A close-up of a Ragdoll cat's face against a gray backdrop,6,0.75,44,0.9739
3,A close-up of a Ragdoll cat's face against a gray backdrop,6,0.75,45,0.9654
3,A close-up of a Ragdoll cat's face against a gray backdrop,6,0.75,46,0.9637
3,A close-up of a Ragdoll cat's face against a gray backdrop,6,0.8125,42,0.861
3,A close-up of a Ragdoll cat's face against a gray backdrop,6,0.8125,43,0.8797
3,A close-up of a Ragdoll cat's face against a gray backdrop,6,0.8125,44,0.8951
3,A close-up of a Ragdoll cat's face against a gray backdrop,6,0.8125,45,0.8254
3,A close-up of a Ragdoll cat's face against a gray backdrop,6,0.8125,46,0.8584
3,A close-up of a Ragdoll cat's face against a gray backdrop,6,0.875,42,0.3445
3,A close-up of a Ragdoll cat's face against a gray backdrop,6,0.875,43,0.329
3,A close-up of a Ragdoll cat's face against a gray backdrop,6,0.875,44,0.4061
3,A close-up of a Ragdoll cat's face against a gray backdrop,6,0.875,45,0.3421
3,A close-up of a Ragdoll cat's face against a gray backdrop,6,0.875,46,0.3148
3,A close-up of a Ragdoll cat's face against a gray backdrop,8,0.0,42,0.9987
3,A close-up of a Ragdoll cat's face against a gray backdrop,8,0.0,43,0.9986
3,A close-up of a Ragdoll cat's face against a gray backdrop,8,0.0,44,0.9987
3,A close-up of a Ragdoll cat's face against a gray backdrop,8,0.0,45,0.9986
3,A close-up of a Ragdoll cat's face against a gray backdrop,8,0.0,46,0.9986
3,A close-up of a Ragdoll cat's face against a gray backdrop,8,0.25,42,0.9987
3,A close-up of a Ragdoll cat's face against a gray backdrop,8,0.25,43,0.9988
3,A close-up of a Ragdoll cat's face against a gray backdrop,8,0.25,44,0.9988
3,A close-up of a Ragdoll cat's face against a gray backdrop,8,0.25,45,0.9986
3,A close-up of a Ragdoll cat's face against a gray backdrop,8,0.25,46,0.9987
3,A close-up of a Ragdoll cat's face against a gray backdrop,8,0.375,42,0.9986
3,A close-up of a Ragdoll cat's face against a gray backdrop,8,0.375,43,0.9986
3,A close-up of a Ragdoll cat's face against a gray backdrop,8,0.375,44,0.9987
3,A close-up of a Ragdoll cat's face against a gray backdrop,8,0.375,45,0.9986
3,A close-up of a Ragdoll cat's face against a gray backdrop,8,0.375,46,0.9985
3,A close-up of a Ragdoll cat's face against a gray backdrop,8,0.5,42,0.9984
3,A close-up of a Ragdoll cat's face against a gray backdrop,8,0.5,43,0.9976
3,A close-up of a Ragdoll cat's face against a gray backdrop,8,0.5,44,0.9984
3,A close-up of a Ragdoll cat's face against a gray backdrop,8,0.5,45,0.9983
3,A close-up of a Ragdoll cat's face against a gray backdrop,8,0.5,46,0.9982
3,A close-up of a Ragdoll cat's face against a gray backdrop,8,0.625,42,0.9961
3,A close-up of a Ragdoll cat's face against a gray backdrop,8,0.625,43,0.9967
3,A close-up of a Ragdoll cat's face against a gray backdrop,8,0.625,44,0.9966
3,A close-up of a Ragdoll cat's face against a gray backdrop,8,0.625,45,0.996
3,A close-up of a Ragdoll cat's face against a gray backdrop,8,0.625,46,0.9961
3,A close-up of a Ragdoll cat's face against a gray backdrop,8,0.6875,42,0.9923
3,A close-up of a Ragdoll cat's face against a gray backdrop,8,0.6875,43,0.9911
3,A close-up of a Ragdoll cat's face against a gray backdrop,8,0.6875,44,0.9914
3,A close-up of a Ragdoll cat's face against a gray backdrop,8,0.6875,45,0.9914
3,A close-up of a Ragdoll cat's face against a gray backdrop,8,0.6875,46,0.9918
3,A close-up of a Ragdoll cat's face against a gray backdrop,8,0.75,42,0.9741
3,A close-up of a Ragdoll cat's face against a gray backdrop,8,0.75,43,0.9756
3,A close-up of a Ragdoll cat's face against a gray backdrop,8,0.75,44,0.9754
3,A close-up of a Ragdoll cat's face against a gray backdrop,8,0.75,45,0.9666
3,A close-up of a Ragdoll cat's face against a gray backdrop,8,0.75,46,0.9705
3,A close-up of a Ragdoll cat's face against a gray backdrop,8,0.8125,42,0.8789
3,A close-up of a Ragdoll cat's face against a gray backdrop,8,0.8125,43,0.8903
3,A close-up of a Ragdoll cat's face against a gray backdrop,8,0.8125,44,0.9022
3,A close-up of a Ragdoll cat's face against a gray backdrop,8,0.8125,45,0.8228
3,A close-up of a Ragdoll cat's face against a gray backdrop,8,0.8125,46,0.862
3,A close-up of a Ragdoll cat's face against a gray backdrop,8,0.875,42,0.3349
3,A close-up of a Ragdoll cat's face against a gray backdrop,8,0.875,43,0.3175
3,A close-up of a Ragdoll cat's face against a gray backdrop,8,0.875,44,0.3746
3,A close-up of a Ragdoll cat's face against a gray backdrop,8,0.875,45,0.3452
3,A close-up of a Ragdoll cat's face against a gray backdrop,8,0.875,46,0.3043
3,A close-up of a Ragdoll cat's face against a gray backdrop,10,0.0,42,0.9986
3,A close-up of a Ragdoll cat's face against a gray backdrop,10,0.0,43,0.9988
3,A close-up of a Ragdoll cat's face against a gray backdrop,10,0.0,44,0.9987
3,A close-up of a Ragdoll cat's face against a gray backdrop,10,0.0,45,0.9987
3,A close-up of a Ragdoll cat's face against a gray backdrop,10,0.0,46,0.9986
3,A close-up of a Ragdoll cat's face against a gray backdrop,10,0.25,42,0.9988
3,A close-up of a Ragdoll cat's face against a gray backdrop,10,0.25,43,0.9986
3,A close-up of a Ragdoll cat's face against a gray backdrop,10,0.25,44,0.9987
3,A close-up of a Ragdoll cat's face against a gray backdrop,10,0.25,45,0.9987
3,A close-up of a Ragdoll cat's face against a gray backdrop,10,0.25,46,0.9987
3,A close-up of a Ragdoll cat's face against a gray backdrop,10,0.375,42,0.9987
3,A close-up of a Ragdoll cat's face against a gray backdrop,10,0.375,43,0.9987
3,A close-up of a Ragdoll cat's face against a gray backdrop,10,0.375,44,0.9987
3,A close-up of a Ragdoll cat's face against a gray backdrop,10,0.375,45,0.9987
3,A close-up of a Ragdoll cat's face against a gray backdrop,10,0.375,46,0.9986
3,A close-up of a Ragdoll cat's face against a gray backdrop,10,0.5,42,0.9985
3,A close-up of a Ragdoll cat's face against a gray backdrop,10,0.5,43,0.9985
3,A close-up of a Ragdoll cat's face against a gray backdrop,10,0.5,44,0.9986
3,A close-up of a Ragdoll cat's face against a gray backdrop,10,0.5,45,0.9984
3,A close-up of a Ragdoll cat's face against a gray backdrop,10,0.5,46,0.9985
3,A close-up of a Ragdoll cat's face against a gray backdrop,10,0.625,42,0.9969
3,A close-up of a Ragdoll cat's face against a gray backdrop,10,0.625,43,0.9967
3,A close-up of a Ragdoll cat's face against a gray backdrop,10,0.625,44,0.9971
3,A close-up of a Ragdoll cat's face against a gray backdrop,10,0.625,45,0.9964
3,A close-up of a Ragdoll cat's face against a gray backdrop,10,0.625,46,0.9965
3,A close-up of a Ragdoll cat's face against a gray backdrop,10,0.6875,42,0.9933
3,A close-up of a Ragdoll cat's face against a gray backdrop,10,0.6875,43,0.9916
3,A close-up of a Ragdoll cat's face against a gray backdrop,10,0.6875,44,0.9933
3,A close-up of a Ragdoll cat's face against a gray backdrop,10,0.6875,45,0.9916
3,A close-up of a Ragdoll cat's face against a gray backdrop,10,0.6875,46,0.9927
3,A close-up of a Ragdoll cat's face against a gray backdrop,10,0.75,42,0.9716
3,A close-up of a Ragdoll cat's face against a gray backdrop,10,0.75,43,0.9763
3,A close-up of a Ragdoll cat's face against a gray backdrop,10,0.75,44,0.9781
3,A close-up of a Ragdoll cat's face against a gray backdrop,10,0.75,45,0.9719
3,A close-up of a Ragdoll cat's face against a gray backdrop,10,0.75,46,0.9751
3,A close-up of a Ragdoll cat's face against a gray backdrop,10,0.8125,42,0.8851
3,A close-up of a Ragdoll cat's face against a gray backdrop,10,0.8125,43,0.898
3,A close-up of a Ragdoll cat's face against a gray backdrop,10,0.8125,44,0.9085
3,A close-up of a Ragdoll cat's face against a gray backdrop,10,0.8125,45,0.8301
3,A close-up of a Ragdoll cat's face against a gray backdrop,10,0.8125,46,0.8557
3,A close-up of a Ragdoll cat's face against a gray backdrop,10,0.875,42,0.3366
3,A close-up of a Ragdoll cat's face against a gray backdrop,10,0.875,43,0.3524
3,A close-up of a Ragdoll cat's face against a gray backdrop,10,0.875,44,0.3987
3,A close-up of a Ragdoll cat's face against a gray backdrop,10,0.875,45,0.3545
3,A close-up of a Ragdoll cat's face against a gray backdrop,10,0.875,46,0.3136
3,A close-up of a Ragdoll cat's face against a gray backdrop,12,0.0,42,0.9988
3,A close-up of a Ragdoll cat's face against a gray backdrop,12,0.0,43,0.9988
3,A close-up of a Ragdoll cat's face against a gray backdrop,12,0.0,44,0.9987
3,A close-up of a Ragdoll cat's face against a gray backdrop,12,0.0,45,0.9987
3,A close-up of a Ragdoll cat's face against a gray backdrop,12,0.0,46,0.9988
3,A close-up of a Ragdoll cat's face against a gray backdrop,12,0.25,42,0.9987
3,A close-up of a Ragdoll cat's face against a gray backdrop,12,0.25,43,0.9985
3,A close-up of a Ragdoll cat's face against a gray backdrop,12,0.25,44,0.9988
3,A close-up of a Ragdoll cat's face against a gray backdrop,12,0.25,45,0.9988
3,A close-up of a Ragdoll cat's face against a gray backdrop,12,0.25,46,0.9988
3,A close-up of a Ragdoll cat's face against a gray backdrop,12,0.375,42,0.9987
3,A close-up of a Ragdoll cat's face against a gray backdrop,12,0.375,43,0.9987
3,A close-up of a Ragdoll cat's face against a gray backdrop,12,0.375,44,0.9988
3,A close-up of a Ragdoll cat's face against a gray backdrop,12,0.375,45,0.9988
3,A close-up of a Ragdoll cat's face against a gray backdrop,12,0.375,46,0.9987
3,A close-up of a Ragdoll cat's face against a gray backdrop,12,0.5,42,0.9986
3,A close-up of a Ragdoll cat's face against a gray backdrop,12,0.5,43,0.9985
3,A close-up of a Ragdoll cat's face against a gray backdrop,12,0.5,44,0.9986
3,A close-up of a Ragdoll cat's face against a gray backdrop,12,0.5,45,0.9985
3,A close-up of a Ragdoll cat's face against a gray backdrop,12,0.5,46,0.9986
3,A close-up of a Ragdoll cat's face against a gray backdrop,12,0.625,42,0.9968
3,A close-up of a Ragdoll cat's face against a gray backdrop,12,0.625,43,0.9968
3,A close-up of a Ragdoll cat's face against a gray backdrop,12,0.625,44,0.9968
3,A close-up of a Ragdoll cat's face against a gray backdrop,12,0.625,45,0.9966
3,A close-up of a Ragdoll cat's face against a gray backdrop,12,0.625,46,0.9962
3,A close-up of a Ragdoll cat's face against a gray backdrop,12,0.6875,42,0.9937
3,A close-up of a Ragdoll cat's face against a gray backdrop,12,0.6875,43,0.9928
3,A close-up of a Ragdoll cat's face against a gray backdrop,12,0.6875,44,0.9932
3,A close-up of a Ragdoll cat's face against a gray backdrop,12,0.6875,45,0.9915
3,A close-up of a Ragdoll cat's face against a gray backdrop,12,0.6875,46,0.9922
3,A close-up of a Ragdoll cat's face against a gray backdrop,12,0.75,42,0.9757
3,A close-up of a Ragdoll cat's face against a gray backdrop,12,0.75,43,0.9765
3,A close-up of a Ragdoll cat's face against a gray backdrop,12,0.75,44,0.9778
3,A close-up of a Ragdoll cat's face against a gray backdrop,12,0.75,45,0.9722
3,A close-up of a Ragdoll cat's face against a gray backdrop,12,0.75,46,0.9757
3,A close-up of a Ragdoll cat's face against a gray backdrop,12,0.8125,42,0.8877
3,A close-up of a Ragdoll cat's face against a gray backdrop,12,0.8125,43,0.9048
3,A close-up of a Ragdoll cat's face against a gray backdrop,12,0.8125,44,0.9085
3,A close-up of a Ragdoll cat's face against a gray backdrop,12,0.8125,45,0.8336
3,A close-up of a Ragdoll cat's face against a gray backdrop,12,0.8125,46,0.8693
3,A close-up of a Ragdoll cat's face against a gray backdrop,12,0.875,42,0.38
3,A close-up of a Ragdoll cat's face against a gray backdrop,12,0.875,43,0.4037
3,A close-up of a Ragdoll cat's face against a gray backdrop,12,0.875,44,0.4115
3,A close-up of a Ragdoll cat's face against a gray backdrop,12,0.875,45,0.3614
3,A close-up of a Ragdoll cat's face against a gray backdrop,12,0.875,46,0.3836
3,A close-up of a Ragdoll cat's face against a gray backdrop,14,0.0,42,0.9988
3,A close-up of a Ragdoll cat's face against a gray backdrop,14,0.0,43,0.9988
3,A close-up of a Ragdoll cat's face against a gray backdrop,14,0.0,44,0.9988
3,A close-up of a Ragdoll cat's face against a gray backdrop,14,0.0,45,0.9988
3,A close-up of a Ragdoll cat's face against a gray backdrop,14,0.0,46,0.9989
3,A close-up of a Ragdoll cat's face against a gray backdrop,14,0.25,42,0.9988
3,A close-up of a Ragdoll cat's face against a gray backdrop,14,0.25,43,0.9988
3,A close-up of a Ragdoll cat's face against a gray backdrop,14,0.25,44,0.9989
3,A close-up of a Ragdoll cat's face against a gray backdrop,14,0.25,45,0.9988
3,A close-up of a Ragdoll cat's face against a gray backdrop,14,0.25,46,0.9988
3,A close-up of a Ragdoll cat's face against a gray backdrop,14,0.375,42,0.9989
3,A close-up of a Ragdoll cat's face against a gray backdrop,14,0.375,43,0.9988
3,A close-up of a Ragdoll cat's face against a gray backdrop,14,0.375,44,0.9988
3,A close-up of a Ragdoll cat's face against a gray backdrop,14,0.375,45,0.9988
3,A close-up of a Ragdoll cat's face against a gray backdrop,14,0.375,46,0.9987
3,A close-up of a Ragdoll cat's face against a gray backdrop,14,0.5,42,0.9984
3,A close-up of a Ragdoll cat's face against a gray backdrop,14,0.5,43,0.9985
3,A close-up of a Ragdoll cat's face against a gray backdrop,14,0.5,44,0.9987
3,A close-up of a Ragdoll cat's face against a gray backdrop,14,0.5,45,0.9986
3,A close-up of a Ragdoll cat's face against a gray backdrop,14,0.5,46,0.9985
3,A close-up of a Ragdoll cat's face against a gray backdrop,14,0.625,42,0.9972
3,A close-up of a Ragdoll cat's face against a gray backdrop,14,0.625,43,0.9973
3,A close-up of a Ragdoll cat's face against a gray backdrop,14,0.625,44,0.9971
3,A close-up of a Ragdoll cat's face against a gray backdrop,14,0.625,45,0.9968
3,A close-up of a Ragdoll cat's face against a gray backdrop,14,0.625,46,0.9971
3,A close-up of a Ragdoll cat's face against a gray backdrop,14,0.6875,42,0.9924
3,A close-up of a Ragdoll cat's face against a gray backdrop,14,0.6875,43,0.9945
3,A close-up of a Ragdoll cat's face against a gray backdrop,14,0.6875,44,0.9938
3,A close-up of a Ragdoll cat's face against a gray backdrop,14,0.6875,45,0.9927
3,A close-up of a Ragdoll cat's face against a gray backdrop,14,0.6875,46,0.9931
3,A close-up of a Ragdoll cat's face against a gray backdrop,14,0.75,42,0.9799
3,A close-up of a Ragdoll cat's face against a gray backdrop,14,0.75,43,0.9789
3,A close-up of a Ragdoll cat's face against a gray backdrop,14,0.75,44,0.9784
3,A close-up of a Ragdoll cat's face against a gray backdrop,14,0.75,45,0.9744
3,A close-up of a Ragdoll cat's face against a gray backdrop,14,0.75,46,0.9786
3,A close-up of a Ragdoll cat's face against a gray backdrop,14,0.8125,42,0.9091
3,A close-up of a Ragdoll cat's face against a gray backdrop,14,0.8125,43,0.914
3,A close-up of a Ragdoll cat's face against a gray backdrop,14,0.8125,44,0.9073
3,A close-up of a Ragdoll cat's face against a gray backdrop,14,0.8125,45,0.8535
3,A close-up of a Ragdoll cat's face against a gray backdrop,14,0.8125,46,0.8756
3,A close-up of a Ragdoll cat's face against a gray backdrop,14,0.875,42,0.4178
3,A close-up of a Ragdoll cat's face against a gray backdrop,14,0.875,43,0.4437
3,A close-up of a Ragdoll cat's face against a gray backdrop,14,0.875,44,0.4667
3,A close-up of a Ragdoll cat's face against a gray backdrop,14,0.875,45,0.4334
3,A close-up of a Ragdoll cat's face against a gray backdrop,14,0.875,46,0.4438
3,A close-up of a Ragdoll cat's face against a gray backdrop,16,0.0,42,0.9988
3,A close-up of a Ragdoll cat's face against a gray backdrop,16,0.0,43,0.9988
3,A close-up of a Ragdoll cat's face against a gray backdrop,16,0.0,44,0.9989
3,A close-up of a Ragdoll cat's face against a gray backdrop,16,0.0,45,0.9988
3,A close-up of a Ragdoll cat's face against a gray backdrop,16,0.0,46,0.9989
3,A close-up of a Ragdoll cat's face against a gray backdrop,16,0.25,42,0.9989
3,A close-up of a Ragdoll cat's face against a gray backdrop,16,0.25,43,0.9988
3,A close-up of a Ragdoll cat's face against a gray backdrop,16,0.25,44,0.9989
3,A close-up of a Ragdoll cat's face against a gray backdrop,16,0.25,45,0.9988
3,A close-up of a Ragdoll cat's face against a gray backdrop,16,0.25,46,0.9989
3,A close-up of a Ragdoll cat's face against a gray backdrop,16,0.375,42,0.9988
3,A close-up of a Ragdoll cat's face against a gray backdrop,16,0.375,43,0.9989
3,A close-up of a Ragdoll cat's face against a gray backdrop,16,0.375,44,0.9989
3,A close-up of a Ragdoll cat's face against a gray backdrop,16,0.375,45,0.9988
3,A close-up of a Ragdoll cat's face against a gray backdrop,16,0.375,46,0.9989
3,A close-up of a Ragdoll cat's face against a gray backdrop,16,0.5,42,0.9986
3,A close-up of a Ragdoll cat's face against a gray backdrop,16,0.5,43,0.9986
3,A close-up of a Ragdoll cat's face against a gray backdrop,16,0.5,44,0.9987
3,A close-up of a Ragdoll cat's face against a gray backdrop,16,0.5,45,0.9985
3,A close-up of a Ragdoll cat's face against a gray backdrop,16,0.5,46,0.9988
3,A close-up of a Ragdoll cat's face against a gray backdrop,16,0.625,42,0.9975
3,A close-up of a Ragdoll cat's face against a gray backdrop,16,0.625,43,0.9962
3,A close-up of a Ragdoll cat's face against a gray backdrop,16,0.625,44,0.9973
3,A close-up of a Ragdoll cat's face against a gray backdrop,16,0.625,45,0.9971
3,A close-up of a Ragdoll cat's face against a gray backdrop,16,0.625,46,0.9974
3,A close-up of a Ragdoll cat's face against a gray backdrop,16,0.6875,42,0.9938
3,A close-up of a Ragdoll cat's face against a gray backdrop,16,0.6875,43,0.994
3,A close-up of a Ragdoll cat's face against a gray backdrop,16,0.6875,44,0.994
3,A close-up of a Ragdoll cat's face against a gray backdrop,16,0.6875,45,0.9927
3,A close-up of a Ragdoll cat's face against a gray backdrop,16,0.6875,46,0.9938
3,A close-up of a Ragdoll cat's face against a gray backdrop,16,0.75,42,0.9802
3,A close-up of a Ragdoll cat's face against a gray backdrop,16,0.75,43,0.9812
3,A close-up of a Ragdoll cat's face against a gray backdrop,16,0.75,44,0.9796
3,A close-up of a Ragdoll cat's face against a gray backdrop,16,0.75,45,0.9759
3,A close-up of a Ragdoll cat's face against a gray backdrop,16,0.75,46,0.9808
3,A close-up of a Ragdoll cat's face against a gray backdrop,16,0.8125,42,0.9115
3,A close-up of a Ragdoll cat's face against a gray backdrop,16,0.8125,43,0.9191
3,A close-up of a Ragdoll cat's face against a gray backdrop,16,0.8125,44,0.9088
3,A close-up of a Ragdoll cat's face against a gray backdrop,16,0.8125,45,0.8666
3,A close-up of a Ragdoll cat's face against a gray backdrop,16,0.8125,46,0.8933
3,A close-up of a Ragdoll cat's face against a gray backdrop,16,0.875,42,0.4486
3,A close-up of a Ragdoll cat's face against a gray backdrop,16,0.875,43,0.4781
3,A close-up of a Ragdoll cat's face against a gray backdrop,16,0.875,44,0.523
3,A close-up of a Ragdoll cat's face against a gray backdrop,16,0.875,45,0.4807
3,A close-up of a Ragdoll cat's face against a gray backdrop,16,0.875,46,0.4944
3,A close-up of a Ragdoll cat's face against a gray backdrop,18,0.0,42,0.9989
3,A close-up of a Ragdoll cat's face against a gray backdrop,18,0.0,43,0.999
3,A close-up of a Ragdoll cat's face against a gray backdrop,18,0.0,44,0.999
3,A close-up of a Ragdoll cat's face against a gray backdrop,18,0.0,45,0.9989
3,A close-up of a Ragdoll cat's face against a gray backdrop,18,0.0,46,0.999
3,A close-up of a Ragdoll cat's face against a gray backdrop,18,0.25,42,0.9989
3,A close-up of a Ragdoll cat's face against a gray backdrop,18,0.25,43,0.999
3,A close-up of a Ragdoll cat's face against a gray backdrop,18,0.25,44,0.999
3,A close-up of a Ragdoll cat's face against a gray backdrop,18,0.25,45,0.9989
3,A close-up of a Ragdoll cat's face against a gray backdrop,18,0.25,46,0.999
3,A close-up of a Ragdoll cat's face against a gray backdrop,18,0.375,42,0.9989
3,A close-up of a Ragdoll cat's face against a gray backdrop,18,0.375,43,0.9988
3,A close-up of a Ragdoll cat's face against a gray backdrop,18,0.375,44,0.9989
3,A close-up of a Ragdoll cat's face against a gray backdrop,18,0.375,45,0.9989
3,A close-up of a Ragdoll cat's face against a gray backdrop,18,0.375,46,0.999
3,A close-up of a Ragdoll cat's face against a gray backdrop,18,0.5,42,0.9987
3,A close-up of a Ragdoll cat's face against a gray backdrop,18,0.5,43,0.9988
3,A close-up of a Ragdoll cat's face against a gray backdrop,18,0.5,44,0.9988
3,A close-up of a Ragdoll cat's face against a gray backdrop,18,0.5,45,0.9987
3,A close-up of a Ragdoll cat's face against a gray backdrop,18,0.5,46,0.9988
3,A close-up of a Ragdoll cat's face against a gray backdrop,18,0.625,42,0.9974
3,A close-up of a Ragdoll cat's face against a gray backdrop,18,0.625,43,0.9971
3,A close-up of a Ragdoll cat's face against a gray backdrop,18,0.625,44,0.9974
3,A close-up of a Ragdoll cat's face against a gray backdrop,18,0.625,45,0.9971
3,A close-up of a Ragdoll cat's face against a gray backdrop,18,0.625,46,0.9975
3,A close-up of a Ragdoll cat's face against a gray backdrop,18,0.6875,42,0.9945
3,A close-up of a Ragdoll cat's face against a gray backdrop,18,0.6875,43,0.9945
3,A close-up of a Ragdoll cat's face against a gray backdrop,18,0.6875,44,0.994
3,A close-up of a Ragdoll cat's face against a gray backdrop,18,0.6875,45,0.9927
3,A close-up of a Ragdoll cat's face against a gray backdrop,18,0.6875,46,0.9942
3,A close-up of a Ragdoll cat's face against a gray backdrop,18,0.75,42,0.9827
3,A close-up of a Ragdoll cat's face against a gray backdrop,18,0.75,43,0.9816
3,A close-up of a Ragdoll cat's face against a gray backdrop,18,0.75,44,0.9805
3,A close-up of a Ragdoll cat's face against a gray backdrop,18,0.75,45,0.9744
3,A close-up of a Ragdoll cat's face against a gray backdrop,18,0.75,46,0.9822
3,A close-up of a Ragdoll cat's face against a gray backdrop,18,0.8125,42,0.9117
3,A close-up of a Ragdoll cat's face against a gray backdrop,18,0.8125,43,0.9188
3,A close-up of a Ragdoll cat's face against a gray backdrop,18,0.8125,44,0.9065
3,A close-up of a Ragdoll cat's face against a gray backdrop,18,0.8125,45,0.8685
3,A close-up of a Ragdoll cat's face against a gray backdrop,18,0.8125,46,0.9071
3,A close-up of a Ragdoll cat's face against a gray backdrop,18,0.875,42,0.4535
3,A close-up of a Ragdoll cat's face against a gray backdrop,18,0.875,43,0.5173
3,A close-up of a Ragdoll cat's face against a gray backdrop,18,0.875,44,0.5121
3,A close-up of a Ragdoll cat's face against a gray backdrop,18,0.875,45,0.5011
3,A close-up of a Ragdoll cat's face against a gray backdrop,18,0.875,46,0.5419
3,A close-up of a Ragdoll cat's face against a gray backdrop,20,0.0,42,0.999
3,A close-up of a Ragdoll cat's face against a gray backdrop,20,0.0,43,0.999
3,A close-up of a Ragdoll cat's face against a gray backdrop,20,0.0,44,0.999
3,A close-up of a Ragdoll cat's face against a gray backdrop,20,0.0,45,0.9989
3,A close-up of a Ragdoll cat's face against a gray backdrop,20,0.0,46,0.9991
3,A close-up of a Ragdoll cat's face against a gray backdrop,20,0.25,42,0.9989
3,A close-up of a Ragdoll cat's face against a gray backdrop,20,0.25,43,0.999
3,A close-up of a Ragdoll cat's face against a gray backdrop,20,0.25,44,0.999
3,A close-up of a Ragdoll cat's face against a gray backdrop,20,0.25,45,0.999
3,A close-up of a Ragdoll cat's face against a gray backdrop,20,0.25,46,0.9991
3,A close-up of a Ragdoll cat's face against a gray backdrop,20,0.375,42,0.9989
3,A close-up of a Ragdoll cat's face against a gray backdrop,20,0.375,43,0.999
3,A close-up of a Ragdoll cat's face against a gray backdrop,20,0.375,44,0.999
3,A close-up of a Ragdoll cat's face against a gray backdrop,20,0.375,45,0.9989
3,A close-up of a Ragdoll cat's face against a gray backdrop,20,0.375,46,0.999
3,A close-up of a Ragdoll cat's face against a gray backdrop,20,0.5,42,0.9988
3,A close-up of a Ragdoll cat's face against a gray backdrop,20,0.5,43,0.9988
3,A close-up of a Ragdoll cat's face against a gray backdrop,20,0.5,44,0.9989
3,A close-up of a Ragdoll cat's face against a gray backdrop,20,0.5,45,0.9987
3,A close-up of a Ragdoll cat's face against a gray backdrop,20,0.5,46,0.9989
3,A close-up of a Ragdoll cat's face against a gray backdrop,20,0.625,42,0.9975
3,A close-up of a Ragdoll cat's face against a gray backdrop,20,0.625,43,0.9976
3,A close-up of a Ragdoll cat's face against a gray backdrop,20,0.625,44,0.9975
3,A close-up of a Ragdoll cat's face against a gray backdrop,20,0.625,45,0.9971
3,A close-up of a Ragdoll cat's face against a gray backdrop,20,0.625,46,0.9976
3,A close-up of a Ragdoll cat's face against a gray backdrop,20,0.6875,42,0.9942
3,A close-up of a Ragdoll cat's face against a gray backdrop,20,0.6875,43,0.9945
3,A close-up of a Ragdoll cat's face against a gray backdrop,20,0.6875,44,0.9939
3,A close-up of a Ragdoll cat's face against a gray backdrop,20,0.6875,45,0.9925
3,A close-up of a Ragdoll cat's face against a gray backdrop,20,0.6875,46,0.9942
3,A close-up of a Ragdoll cat's face against a gray backdrop,20,0.75,42,0.9805
3,A close-up of a Ragdoll cat's face against a gray backdrop,20,0.75,43,0.9818
3,A close-up of a Ragdoll cat's face against a gray backdrop,20,0.75,44,0.9794
3,A close-up of a Ragdoll cat's face against a gray backdrop,20,0.75,45,0.9742
3,A close-up of a Ragdoll cat's face against a gray backdrop,20,0.75,46,0.982
3,A close-up of a Ragdoll cat's face against a gray backdrop,20,0.8125,42,0.9034
3,A close-up of a Ragdoll cat's face against a gray backdrop,20,0.8125,43,0.9157
3,A close-up of a Ragdoll cat's face against a gray backdrop,20,0.8125,44,0.9058
3,A close-up of a Ragdoll cat's face against a gray backdrop,20,0.8125,45,0.8708
3,A close-up of a Ragdoll cat's face against a gray backdrop,20,0.8125,46,0.9038
3,A close-up of a Ragdoll cat's face against a gray backdrop,20,0.875,42,0.451
3,A close-up of a Ragdoll cat's face against a gray backdrop,20,0.875,43,0.5251
3,A close-up of a Ragdoll cat's face against a gray backdrop,20,0.875,44,0.4974
3,A close-up of a Ragdoll cat's face against a gray backdrop,20,0.875,45,0.5147
3,A close-up of a Ragdoll cat's face against a gray backdrop,20,0.875,46,0.5497
3,A close-up of a Ragdoll cat's face against a gray backdrop,22,0.0,42,0.9991
3,A close-up of a Ragdoll cat's face against a gray backdrop,22,0.0,43,0.9991
3,A close-up of a Ragdoll cat's face against a gray backdrop,22,0.0,44,0.9991
3,A close-up of a Ragdoll cat's face against a gray backdrop,22,0.0,45,0.999
3,A close-up of a Ragdoll cat's face against a gray backdrop,22,0.0,46,0.9991
3,A close-up of a Ragdoll cat's face against a gray backdrop,22,0.25,42,0.9991
3,A close-up of a Ragdoll cat's face against a gray backdrop,22,0.25,43,0.9991
3,A close-up of a Ragdoll cat's face against a gray backdrop,22,0.25,44,0.9991
3,A close-up of a Ragdoll cat's face against a gray backdrop,22,0.25,45,0.999
3,A close-up of a Ragdoll cat's face against a gray backdrop,22,0.25,46,0.9991
3,A close-up of a Ragdoll cat's face against a gray backdrop,22,0.375,42,0.999
3,A close-up of a Ragdoll cat's face against a gray backdrop,22,0.375,43,0.999
3,A close-up of a Ragdoll cat's face against a gray backdrop,22,0.375,44,0.9991
3,A close-up of a Ragdoll cat's face against a gray backdrop,22,0.375,45,0.9989
3,A close-up of a Ragdoll cat's face against a gray backdrop,22,0.375,46,0.9991
3,A close-up of a Ragdoll cat's face against a gray backdrop,22,0.5,42,0.9987
3,A close-up of a Ragdoll cat's face against a gray backdrop,22,0.5,43,0.9989
3,A close-up of a Ragdoll cat's face against a gray backdrop,22,0.5,44,0.9989
3,A close-up of a Ragdoll cat's face against a gray backdrop,22,0.5,45,0.9988
3,A close-up of a Ragdoll cat's face against a gray backdrop,22,0.5,46,0.9989
3,A close-up of a Ragdoll cat's face against a gray backdrop,22,0.625,42,0.9973
3,A close-up of a Ragdoll cat's face against a gray backdrop,22,0.625,43,0.9975
3,A close-up of a Ragdoll cat's face against a gray backdrop,22,0.625,44,0.9972
3,A close-up of a Ragdoll cat's face against a gray backdrop,22,0.625,45,0.9968
3,A close-up of a Ragdoll cat's face against a gray backdrop,22,0.625,46,0.9974
3,A close-up of a Ragdoll cat's face against a gray backdrop,22,0.6875,42,0.9929
3,A close-up of a Ragdoll cat's face against a gray backdrop,22,0.6875,43,0.9941
3,A close-up of a Ragdoll cat's face against a gray backdrop,22,0.6875,44,0.9928
3,A close-up of a Ragdoll cat's face against a gray backdrop,22,0.6875,45,0.9914
3,A close-up of a Ragdoll cat's face against a gray backdrop,22,0.6875,46,0.9934
3,A close-up of a Ragdoll cat's face against a gray backdrop,22,0.75,42,0.9761
3,A close-up of a Ragdoll cat's face against a gray backdrop,22,0.75,43,0.98
3,A close-up of a Ragdoll cat's face against a gray backdrop,22,0.75,44,0.9755
3,A close-up of a Ragdoll cat's face against a gray backdrop,22,0.75,45,0.9702
3,A close-up of a Ragdoll cat's face against a gray backdrop,22,0.75,46,0.9789
3,A close-up of a Ragdoll cat's face against a gray backdrop,22,0.8125,42,0.8735
3,A close-up of a Ragdoll cat's face against a gray backdrop,22,0.8125,43,0.9001
3,A close-up of a Ragdoll cat's face against a gray backdrop,22,0.8125,44,0.873
3,A close-up of a Ragdoll cat's face against a gray backdrop,22,0.8125,45,0.8475
3,A close-up of a Ragdoll cat's face against a gray backdrop,22,0.8125,46,0.885
3,A close-up of a Ragdoll cat's face against a gray backdrop,22,0.875,42,0.4428
3,A close-up of a Ragdoll cat's face against a gray backdrop,22,0.875,43,0.5273
3,A close-up of a Ragdoll cat's face against a gray backdrop,22,0.875,44,0.4301
3,A close-up of a Ragdoll cat's face against a gray backdrop,22,0.875,45,0.5075
3,A close-up of a Ragdoll cat's face against a gray backdrop,22,0.875,46,0.5452
3,A close-up of a Ragdoll cat's face against a gray backdrop,24,0.0,42,0.9992
3,A close-up of a Ragdoll cat's face against a gray backdrop,24,0.0,43,0.9992
3,A close-up of a Ragdoll cat's face against a gray backdrop,24,0.0,44,0.9992
3,A close-up of a Ragdoll cat's face against a gray backdrop,24,0.0,45,0.9992
3,A close-up of a Ragdoll cat's face against a gray backdrop,24,0.0,46,0.9993
3,A close-up of a Ragdoll cat's face against a gray backdrop,24,0.25,42,0.9992
3,A close-up of a Ragdoll cat's face against a gray backdrop,24,0.25,43,0.9992
3,A close-up of a Ragdoll cat's face against a gray backdrop,24,0.25,44,0.9992
3,A close-up of a Ragdoll cat's face against a gray backdrop,24,0.25,45,0.9991
3,A close-up of a Ragdoll cat's face against a gray backdrop,24,0.25,46,0.9992
3,A close-up of a Ragdoll cat's face against a gray backdrop,24,0.375,42,0.9991
3,A close-up of a Ragdoll cat's face against a gray backdrop,24,0.375,43,0.9991
3,A close-up of a Ragdoll cat's face against a gray backdrop,24,0.375,44,0.9991
3,A close-up of a Ragdoll cat's face against a gray backdrop,24,0.375,45,0.9991
3,A close-up of a Ragdoll cat's face against a gray backdrop,24,0.375,46,0.9992
3,A close-up of a Ragdoll cat's face against a gray backdrop,24,0.5,42,0.9988
3,A close-up of a Ragdoll cat's face against a gray backdrop,24,0.5,43,0.9989
3,A close-up of a Ragdoll cat's face against a gray backdrop,24,0.5,44,0.9988
3,A close-up of a Ragdoll cat's face against a gray backdrop,24,0.5,45,0.9987
3,A close-up of a Ragdoll cat's face against a gray backdrop,24,0.5,46,0.9989
3,A close-up of a Ragdoll cat's face against a gray backdrop,24,0.625,42,0.9963
3,A close-up of a Ragdoll cat's face against a gray backdrop,24,0.625,43,0.9968
3,A close-up of a Ragdoll cat's face against a gray backdrop,24,0.625,44,0.9963
3,A close-up of a Ragdoll cat's face against a gray backdrop,24,0.625,45,0.9958
3,A close-up of a Ragdoll cat's face against a gray backdrop,24,0.625,46,0.9968
3,A close-up of a Ragdoll cat's face against a gray backdrop,24,0.6875,42,0.9897
3,A close-up of a Ragdoll cat's face against a gray backdrop,24,0.6875,43,0.9915
3,A close-up of a Ragdoll cat's face against a gray backdrop,24,0.6875,44,0.9893
3,A close-up of a Ragdoll cat's face against a gray backdrop,24,0.6875,45,0.9876
3,A close-up of a Ragdoll cat's face against a gray backdrop,24,0.6875,46,0.9911
3,A close-up of a Ragdoll cat's face against a gray backdrop,24,0.75,42,0.964
3,A close-up of a Ragdoll cat's face against a gray backdrop,24,0.75,43,0.9708
3,A close-up of a Ragdoll cat's face against a gray backdrop,24,0.75,44,0.9626
3,A close-up of a Ragdoll cat's face against a gray backdrop,24,0.75,45,0.9552
3,A close-up of a Ragdoll cat's face against a gray backdrop,24,0.75,46,0.9688
3,A close-up of a Ragdoll cat's face against a gray backdrop,24,0.8125,42,0.8412
3,A close-up of a Ragdoll cat's face against a gray backdrop,24,0.8125,43,0.8609
3,A close-up of a Ragdoll cat's face against a gray backdrop,24,0.8125,44,0.8314
3,A close-up of a Ragdoll cat's face against a gray backdrop,24,0.8125,45,0.8124
3,A close-up of a Ragdoll cat's face against a gray backdrop,24,0.8125,46,0.8401
3,A close-up of a Ragdoll cat's face against a gray backdrop,24,0.875,42,0.507
3,A close-up of a Ragdoll cat's face against a gray backdrop,24,0.875,43,0.5794
3,A close-up of a Ragdoll cat's face against a gray backdrop,24,0.875,44,0.447
3,A close-up of a Ragdoll cat's face against a gray backdrop,24,0.875,45,0.5294
3,A close-up of a Ragdoll cat's face against a gray backdrop,24,0.875,46,0.5519
3,A close-up of a Ragdoll cat's face against a gray backdrop,26,0.0,42,0.9997
3,A close-up of a Ragdoll cat's face against a gray backdrop,26,0.0,43,0.9997
3,A close-up of a Ragdoll cat's face against a gray backdrop,26,0.0,44,0.9997
3,A close-up of a Ragdoll cat's face against a gray backdrop,26,0.0,45,0.9997
3,A close-up of a Ragdoll cat's face against a gray backdrop,26,0.0,46,0.9997
3,A close-up of a Ragdoll cat's face against a gray backdrop,26,0.25,42,0.9997
3,A close-up of a Ragdoll cat's face against a gray backdrop,26,0.25,43,0.9997
3,A close-up of a Ragdoll cat's face against a gray backdrop,26,0.25,44,0.9997
3,A close-up of a Ragdoll cat's face against a gray backdrop,26,0.25,45,0.9997
3,A close-up of a Ragdoll cat's face against a gray backdrop,26,0.25,46,0.9997
3,A close-up of a Ragdoll cat's face against a gray backdrop,26,0.375,42,0.9995
3,A close-up of a Ragdoll cat's face against a gray backdrop,26,0.375,43,0.9995
3,A close-up of a Ragdoll cat's face against a gray backdrop,26,0.375,44,0.9995
3,A close-up of a Ragdoll cat's face against a gray backdrop,26,0.375,45,0.9995
3,A close-up of a Ragdoll cat's face against a gray backdrop,26,0.375,46,0.9995
3,A close-up of a Ragdoll cat's face against a gray backdrop,26,0.5,42,0.9985
3,A close-up of a Ragdoll cat's face against a gray backdrop,26,0.5,43,0.9986
3,A close-up of a Ragdoll cat's face against a gray backdrop,26,0.5,44,0.9985
3,A close-up of a Ragdoll cat's face against a gray backdrop,26,0.5,45,0.9984
3,A close-up of a Ragdoll cat's face against a gray backdrop,26,0.5,46,0.9987
3,A close-up of a Ragdoll cat's face against a gray backdrop,26,0.625,42,0.9916
3,A close-up of a Ragdoll cat's face against a gray backdrop,26,0.625,43,0.9926
3,A close-up of a Ragdoll cat's face against a gray backdrop,26,0.625,44,0.9909
3,A close-up of a Ragdoll cat's face against a gray backdrop,26,0.625,45,0.9896
3,A close-up of a Ragdoll cat's face against a gray backdrop,26,0.625,46,0.9925
3,A close-up of a Ragdoll cat's face against a gray backdrop,26,0.6875,42,0.9735
3,A close-up of a Ragdoll cat's face against a gray backdrop,26,0.6875,43,0.9775
3,A close-up of a Ragdoll cat's face against a gray backdrop,26,0.6875,44,0.9715
3,A close-up of a Ragdoll cat's face against a gray backdrop,26,0.6875,45,0.9674
3,A close-up of a Ragdoll cat's face against a gray backdrop,26,0.6875,46,0.9773
3,A close-up of a Ragdoll cat's face against a gray backdrop,26,0.75,42,0.9233
3,A close-up of a Ragdoll cat's face against a gray backdrop,26,0.75,43,0.9353
3,A close-up of a Ragdoll cat's face against a gray backdrop,26,0.75,44,0.918
3,A close-up of a Ragdoll cat's face against a gray backdrop,26,0.75,45,0.9067
3,A close-up of a Ragdoll cat's face against a gray backdrop,26,0.75,46,0.9335
3,A close-up of a Ragdoll cat's face against a gray backdrop,26,0.8125,42,0.82
3,A close-up of a Ragdoll cat's face against a gray backdrop,26,0.8125,43,0.8394
3,A close-up of a Ragdoll cat's face against a gray backdrop,26,0.8125,44,0.8036
3,A close-up of a Ragdoll cat's face against a gray backdrop,26,0.8125,45,0.7919
3,A close-up of a Ragdoll cat's face against a gray backdrop,26,0.8125,46,0.8339
3,A close-up of a Ragdoll cat's face against a gray backdrop,26,0.875,42,0.5585
3,A close-up of a Ragdoll cat's face against a gray backdrop,26,0.875,43,0.6261
3,A close-up of a Ragdoll cat's face against a gray backdrop,26,0.875,44,0.5228
3,A close-up of a Ragdoll cat's face against a gray backdrop,26,0.875,45,0.569
3,A close-up of a Ragdoll cat's face against a gray backdrop,26,0.875,46,0.5922
4,Two puppies playing on an indoor floor,2,0.0,42,0.9953
4,Two puppies playing on an indoor floor,2,0.0,43,0.9734
4,Two puppies playing on an indoor floor,2,0.0,44,0.9886
4,Two puppies playing on an indoor floor,2,0.0,45,0.9801
4,Two puppies playing on an indoor floor,2,0.0,46,0.9973
4,Two puppies playing on an indoor floor,2,0.25,42,0.9932
4,Two puppies playing on an indoor floor,2,0.25,43,0.9528
4,Two puppies playing on an indoor floor,2,0.25,44,0.9846
4,Two puppies playing on an indoor floor,2,0.25,45,0.988
4,Two puppies playing on an indoor floor,2,0.25,46,0.9962
4,Two puppies playing on an indoor floor,2,0.375,42,0.9935
4,Two puppies playing on an indoor floor,2,0.375,43,0.9746
4,Two puppies playing on an indoor floor,2,0.375,44,0.9832
4,Two puppies playing on an indoor floor,2,0.375,45,0.9722
4,Two puppies playing on an indoor floor,2,0.375,46,0.9955
4,Two puppies playing on an indoor floor,2,0.5,42,0.9714
4,Two puppies playing on an indoor floor,2,0.5,43,0.9516
4,Two puppies playing on an indoor floor,2,0.5,44,0.9694
4,Two puppies playing on an indoor floor,2,0.5,45,0.989
4,Two puppies playing on an indoor floor,2,0.5,46,0.9884
4,Two puppies playing on an indoor floor,2,0.625,42,0.9706
4,Two puppies playing on an indoor floor,2,0.625,43,0.8793
4,Two puppies playing on an indoor floor,2,0.625,44,0.9141
4,Two puppies playing on an indoor floor,2,0.625,45,0.9096
4,Two puppies playing on an indoor floor,2,0.625,46,0.9293
4,Two puppies playing on an indoor floor,2,0.6875,42,0.9237
4,Two puppies playing on an indoor floor,2,0.6875,43,0.8454
4,Two puppies playing on an indoor floor,2,0.6875,44,0.8862
4,Two puppies playing on an indoor floor,2,0.6875,45,0.843
4,Two puppies playing on an indoor floor,2,0.6875,46,0.9048
4,Two puppies playing on an indoor floor,2,0.75,42,0.9095
4,Two puppies playing on an indoor floor,2,0.75,43,0.7469
4,Two puppies playing on an indoor floor,2,0.75,44,0.7765
4,Two puppies playing on an indoor floor,2,0.75,45,0.8258
4,Two puppies playing on an indoor floor,2,0.75,46,0.86
4,Two puppies playing on an indoor floor,2,0.8125,42,0.7653
4,Two puppies playing on an indoor floor,2,0.8125,43,0.6897
4,Two puppies playing on an indoor floor,2,0.8125,44,0.7984
4,Two puppies playing on an indoor floor,2,0.8125,45,0.612
4,Two puppies playing on an indoor floor,2,0.8125,46,0.7049
4,Two puppies playing on an indoor floor,2,0.875,42,0.2669
4,Two puppies playing on an indoor floor,2,0.875,43,0.2616
4,Two puppies playing on an indoor floor,2,0.875,44,0.2739
4,Two puppies playing on an indoor floor,2,0.875,45,0.2126
4,Two puppies playing on an indoor floor,2,0.875,46,0.2421
4,Two puppies playing on an indoor floor,4,0.0,42,0.9954
4,Two puppies playing on an indoor floor,4,0.0,43,0.9872
4,Two puppies playing on an indoor floor,4,0.0,44,0.9958
4,Two puppies playing on an indoor floor,4,0.0,45,0.9922
4,Two puppies playing on an indoor floor,4,0.0,46,0.998
4,Two puppies playing on an indoor floor,4,0.25,42,0.9959
4,Two puppies playing on an indoor floor,4,0.25,43,0.9835
4,Two puppies playing on an indoor floor,4,0.25,44,0.9968
4,Two puppies playing on an indoor floor,4,0.25,45,0.9886
4,Two puppies playing on an indoor floor,4,0.25,46,0.9974
4,Two puppies playing on an indoor floor,4,0.375,42,0.9926
4,Two puppies playing on an indoor floor,4,0.375,43,0.9843
4,Two puppies playing on an indoor floor,4,0.375,44,0.9914
4,Two puppies playing on an indoor floor,4,0.375,45,0.9888
4,Two puppies playing on an indoor floor,4,0.375,46,0.9971
4,Two puppies playing on an indoor floor,4,0.5,42,0.9894
4,Two puppies playing on an indoor floor,4,0.5,43,0.9658
4,Two puppies playing on an indoor floor,4,0.5,44,0.9934
4,Two puppies playing on an indoor floor,4,0.5,45,0.9879
4,Two puppies playing on an indoor floor,4,0.5,46,0.9949
4,Two puppies playing on an indoor floor,4,0.625,42,0.9741
4,Two puppies playing on an indoor floor,4,0.625,43,0.9482
4,Two puppies playing on an indoor floor,4,0.625,44,0.9677
4,Two puppies playing on an indoor floor,4,0.625,45,0.918
4,Two puppies playing on an indoor floor,4,0.625,46,0.983
4,Two puppies playing on an indoor floor,4,0.6875,42,0.9572
4,Two puppies playing on an indoor floor,4,0.6875,43,0.8271
4,Two puppies playing on an indoor floor,4,0.6875,44,0.9552
4,Two puppies playing on an indoor floor,4,0.6875,45,0.8993
4,Two puppies playing on an indoor floor,4,0.6875,46,0.975
4,Two puppies playing on an indoor floor,4,0.75,42,0.9164
4,Two puppies playing on an indoor floor,4,0.75,43,0.7769
4,Two puppies playing on an indoor floor,4,0.75,44,0.8738
4,Two puppies playing on an indoor floor,4,0.75,45,0.8468
4,Two puppies playing on an indoor floor,4,0.75,46,0.9038
4,Two puppies playing on an indoor floor,4,0.8125,42,0.7941
4,Two puppies playing on an indoor floor,4,0.8125,43,0.6919
4,Two puppies playing on an indoor floor,4,0.8125,44,0.8203
4,Two puppies playing on an indoor floor,4,0.8125,45,0.6046
4,Two puppies playing on an indoor floor,4,0.8125,46,0.793
4,Two puppies playing on an indoor floor,4,0.875,42,0.2752
4,Two puppies playing on an indoor floor,4,0.875,43,0.2614
4,Two puppies playing on an indoor floor,4,0.875,44,0.2565
4,Two puppies playing on an indoor floor,4,0.875,45,0.2054
4,Two puppies playing on an indoor floor,4,0.875,46,0.2577
4,Two puppies playing on an indoor floor,6,0.0,42,0.9967
4,Two puppies playing on an indoor floor,6,0.0,43,0.9944
4,Two puppies playing on an indoor floor,6,0.0,44,0.9978
4,Two puppies playing on an indoor floor,6,0.0,45,0.9981
4,Two puppies playing on an indoor floor,6,0.0,46,0.9982
4,Two puppies playing on an indoor floor,6,0.25,42,0.9965
4,Two puppies playing on an indoor floor,6,0.25,43,0.9943
4,Two puppies playing on an indoor floor,6,0.25,44,0.9935
4,Two puppies playing on an indoor floor,6,0.25,45,0.9978
4,Two puppies playing on an indoor floor,6,0.25,46,0.9982
4,Two puppies playing on an indoor floor,6,0.375,42,0.9961
4,Two puppies playing on an indoor floor,6,0.375,43,0.9906
4,Two puppies playing on an indoor floor,6,0.375,44,0.9972
4,Two puppies playing on an indoor floor,6,0.375,45,0.9975
4,Two puppies playing on an indoor floor,6,0.375,46,0.9963
4,Two puppies playing on an indoor floor,6,0.5,42,0.9925
4,Two puppies playing on an indoor floor,6,0.5,43,0.9934
4,Two puppies playing on an indoor floor,6,0.5,44,0.9891
4,Two puppies playing on an indoor floor,6,0.5,45,0.995
4,Two puppies playing on an indoor floor,6,0.5,46,0.9976
4,Two puppies playing on an indoor floor,6,0.625,42,0.9866
4,Two puppies playing on an indoor floor,6,0.625,43,0.9748
4,Two puppies playing on an indoor floor,6,0.625,44,0.9861
4,Two puppies playing on an indoor floor,6,0.625,45,0.9789
4,Two puppies playing on an indoor floor,6,0.625,46,0.9867
4,Two puppies playing on an indoor floor,6,0.6875,42,0.981
4,Two puppies playing on an indoor floor,6,0.6875,43,0.9103
4,Two puppies playing on an indoor floor,6,0.6875,44,0.9664
4,Two puppies playing on an indoor floor,6,0.6875,45,0.9163
4,Two puppies playing on an indoor floor,6,0.6875,46,0.9824
4,Two puppies playing on an indoor floor,6,0.75,42,0.9339
4,Two puppies playing on an indoor floor,6,0.75,43,0.8243
4,Two puppies playing on an indoor floor,6,0.75,44,0.9401
4,Two puppies playing on an indoor floor,6,0.75,45,0.8771
4,Two puppies playing on an indoor floor,6,0.75,46,0.9508
4,Two puppies playing on an indoor floor,6,0.8125,42,0.8338
4,Two puppies playing on an indoor floor,6,0.8125,43,0.7363
4,Two puppies playing on an indoor floor,6,0.8125,44,0.8513
4,Two puppies playing on an indoor floor,6,0.8125,45,0.6497
4,Two puppies playing on an indoor floor,6,0.8125,46,0.835
4,Two puppies playing on an indoor floor,6,0.875,42,0.2717
4,Two puppies playing on an indoor floor,6,0.875,43,0.2705
4,Two puppies playing on an indoor floor,6,0.875,44,0.3154
4,Two puppies playing on an indoor floor,6,0.875,45,0.2024
4,Two puppies playing on an indoor floor,6,0.875,46,0.2867
4,Two puppies playing on an indoor floor,8,0.0,42,0.9977
4,Two puppies playing on an indoor floor,8,0.0,43,0.9976
4,Two puppies playing on an indoor floor,8,0.0,44,0.9983
4,Two puppies playing on an indoor floor,8,0.0,45,0.9984
4,Two puppies playing on an indoor floor,8,0.0,46,0.9985
4,Two puppies playing on an indoor floor,8,0.25,42,0.997
4,Two puppies playing on an indoor floor,8,0.25,43,0.9963
4,Two puppies playing on an indoor floor,8,0.25,44,0.9967
4,Two puppies playing on an indoor floor,8,0.25,45,0.9985
4,Two puppies playing on an indoor floor,8,0.25,46,0.9983
4,Two puppies playing on an indoor floor,8,0.375,42,0.9967
4,Two puppies playing on an indoor floor,8,0.375,43,0.996
4,Two puppies playing on an indoor floor,8,0.375,44,0.9965
4,Two puppies playing on an indoor floor,8,0.375,45,0.9986
4,Two puppies playing on an indoor floor,8,0.375,46,0.9984
4,Two puppies playing on an indoor floor,8,0.5,42,0.9962
4,Two puppies playing on an indoor floor,8,0.5,43,0.9926
4,Two puppies playing on an indoor floor,8,0.5,44,0.9935
4,Two puppies playing on an indoor floor,8,0.5,45,0.9972
4,Two puppies playing on an indoor floor,8,0.5,46,0.9981
4,Two puppies playing on an indoor floor,8,0.625,42,0.9886
4,Two puppies playing on an indoor floor,8,0.625,43,0.98
4,Two puppies playing on an indoor floor,8,0.625,44,0.9848
4,Two puppies playing on an indoor floor,8,0.625,45,0.9897
4,Two puppies playing on an indoor floor,8,0.625,46,0.9956
4,Two puppies playing on an indoor floor,8,0.6875,42,0.9819
4,Two puppies playing on an indoor floor,8,0.6875,43,0.9476
4,Two puppies playing on an indoor floor,8,0.6875,44,0.9815
4,Two puppies playing on an indoor floor,8,0.6875,45,0.9739
4,Two puppies playing on an indoor floor,8,0.6875,46,0.9901
4,Two puppies playing on an indoor floor,8,0.75,42,0.9476
4,Two puppies playing on an indoor floor,8,0.75,43,0.8988
4,Two puppies playing on an indoor floor,8,0.75,44,0.9675
4,Two puppies playing on an indoor floor,8,0.75,45,0.9333
4,Two puppies playing on an indoor floor,8,0.75,46,0.9708
4,Two puppies playing on an indoor floor,8,0.8125,42,0.8367
4,Two puppies playing on an indoor floor,8,0.8125,43,0.7826
4,Two puppies playing on an indoor floor,8,0.8125,44,0.8586
4,Two puppies playing on an indoor floor,8,0.8125,45,0.6747
4,Two puppies playing on an indoor floor,8,0.8125,46,0.8828
4,Two puppies playing on an indoor floor,8,0.875,42,0.3072
4,Two puppies playing on an indoor floor,8,0.875,43,0.2834
4,Two puppies playing on an indoor floor,8,0.875,44,0.3661
4,Two puppies playing on an indoor floor,8,0.875,45,0.2368
4,Two puppies playing on an indoor floor,8,0.875,46,0.3328
4,Two puppies playing on an indoor floor,10,0.0,42,0.9982
4,Two puppies playing on an indoor floor,10,0.0,43,0.9972
4,Two puppies playing on an indoor floor,10,0.0,44,0.9986
4,Two puppies playing on an indoor floor,10,0.0,45,0.9985
4,Two puppies playing on an indoor floor,10,0.0,46,0.9987
4,Two puppies playing on an indoor floor,10,0.25,42,0.9976
4,Two puppies playing on an indoor floor,10,0.25,43,0.9978
4,Two puppies playing on an indoor floor,10,0.25,44,0.9985
4,Two puppies playing on an indoor floor,10,0.25,45,0.9985
4,Two puppies playing on an indoor floor,10,0.25,46,0.9986
4,Two puppies playing on an indoor floor,10,0.375,42,0.9977
4,Two puppies playing on an indoor floor,10,0.375,43,0.9957
4,Two puppies playing on an indoor floor,10,0.375,44,0.9969
4,Two puppies playing on an indoor floor,10,0.375,45,0.9987
4,Two puppies playing on an indoor floor,10,0.375,46,0.9986
4,Two puppies playing on an indoor floor,10,0.5,42,0.9964
4,Two puppies playing on an indoor floor,10,0.5,43,0.9963
4,Two puppies playing on an indoor floor,10,0.5,44,0.9977
4,Two puppies playing on an indoor floor,10,0.5,45,0.9982
4,Two puppies playing on an indoor floor,10,0.5,46,0.9983
4,Two puppies playing on an indoor floor,10,0.625,42,0.9928
4,Two puppies playing on an indoor floor,10,0.625,43,0.9858
4,Two puppies playing on an indoor floor,10,0.625,44,0.9905
4,Two puppies playing on an indoor floor,10,0.625,45,0.994
4,Two puppies playing on an indoor floor,10,0.625,46,0.9965
4,Two puppies playing on an indoor floor,10,0.6875,42,0.9836
4,Two puppies playing on an indoor floor,10,0.6875,43,0.9755
4,Two puppies playing on an indoor floor,10,0.6875,44,0.9819
4,Two puppies playing on an indoor floor,10,0.6875,45,0.9851
4,Two puppies playing on an indoor floor,10,0.6875,46,0.9936
4,Two puppies playing on an indoor floor,10,0.75,42,0.9516
4,Two puppies playing on an indoor floor,10,0.75,43,0.9418
4,Two puppies playing on an indoor floor,10,0.75,44,0.972
4,Two puppies playing on an indoor floor,10,0.75,45,0.9478
4,Two puppies playing on an indoor floor,10,0.75,46,0.976
4,Two puppies playing on an indoor floor,10,0.8125,42,0.861
4,Two puppies playing on an indoor floor,10,0.8125,43,0.8398
4,Two puppies playing on an indoor floor,10,0.8125,44,0.901
4,Two puppies playing on an indoor floor,10,0.8125,45,0.6927
4,Two puppies playing on an indoor floor,10,0.8125,46,0.8936
4,Two puppies playing on an indoor floor,10,0.875,42,0.3462
4,Two puppies playing on an indoor floor,10,0.875,43,0.3146
4,Two puppies playing on an indoor floor,10,0.875,44,0.4633
4,Two puppies playing on an indoor floor,10,0.875,45,0.2671
4,Two puppies playing on an indoor floor,10,0.875,46,0.3684
4,Two puppies playing on an indoor floor,12,0.0,42,0.9976
4,Two puppies playing on an indoor floor,12,0.0,43,0.9978
4,Two puppies playing on an indoor floor,12,0.0,44,0.9986
4,Two puppies playing on an indoor floor,12,0.0,45,0.9989
4,Two puppies playing on an indoor floor,12,0.0,46,0.9987
4,Two puppies playing on an indoor floor,12,0.25,42,0.998
4,Two puppies playing on an indoor floor,12,0.25,43,0.998
4,Two puppies playing on an indoor floor,12,0.25,44,0.9982
4,Two puppies playing on an indoor floor,12,0.25,45,0.9989
4,Two puppies playing on an indoor floor,12,0.25,46,0.9987
4,Two puppies playing on an indoor floor,12,0.375,42,0.9973
4,Two puppies playing on an indoor floor,12,0.375,43,0.9979
4,Two puppies playing on an indoor floor,12,0.375,44,0.9985
4,Two puppies playing on an indoor floor,12,0.375,45,0.9986
4,Two puppies playing on an indoor floor,12,0.375,46,0.9987
4,Two puppies playing on an indoor floor,12,0.5,42,0.9969
4,Two puppies playing on an indoor floor,12,0.5,43,0.9972
4,Two puppies playing on an indoor floor,12,0.5,44,0.9981
4,Two puppies playing on an indoor floor,12,0.5,45,0.9986
4,Two puppies playing on an indoor floor,12,0.5,46,0.9985
4,Two puppies playing on an indoor floor,12,0.625,42,0.9939
4,Two puppies playing on an indoor floor,12,0.625,43,0.9904
4,Two puppies playing on an indoor floor,12,0.625,44,0.9952
4,Two puppies playing on an indoor floor,12,0.625,45,0.9945
4,Two puppies playing on an indoor floor,12,0.625,46,0.9968
4,Two puppies playing on an indoor floor,12,0.6875,42,0.9849
4,Two puppies playing on an indoor floor,12,0.6875,43,0.9839
4,Two puppies playing on an indoor floor,12,0.6875,44,0.9907
4,Two puppies playing on an indoor floor,12,0.6875,45,0.9883
4,Two puppies playing on an indoor floor,12,0.6875,46,0.994
4,Two puppies playing on an indoor floor,12,0.75,42,0.9708
4,Two puppies playing on an indoor floor,12,0.75,43,0.9643
4,Two puppies playing on an indoor floor,12,0.75,44,0.9789
4,Two puppies playing on an indoor floor,12,0.75,45,0.9514
4,Two puppies playing on an indoor floor,12,0.75,46,0.9803
4,Two puppies playing on an indoor floor,12,0.8125,42,0.8748
4,Two puppies playing on an indoor floor,12,0.8125,43,0.8763
4,Two puppies playing on an indoor floor,12,0.8125,44,0.9175
4,Two puppies playing on an indoor floor,12,0.8125,45,0.6917
4,Two puppies playing on an indoor floor,12,0.8125,46,0.9113
4,Two puppies playing on an indoor floor,12,0.875,42,0.3374
4,Two puppies playing on an indoor floor,12,0.875,43,0.3719
4,Two puppies playing on an indoor floor,12,0.875,44,0.4788
4,Two puppies playing on an indoor floor,12,0.875,45,0.3081
4,Two puppies playing on an indoor floor,12,0.875,46,0.4077
4,Two puppies playing on an indoor floor,14,0.0,42,0.9983
4,Two puppies playing on an indoor floor,14,0.0,43,0.9984
4,Two puppies playing on an indoor floor,14,0.0,44,0.9983
4,Two puppies playing on an indoor floor,14,0.0,45,0.999
4,Two puppies playing on an indoor floor,14,0.0,46,0.9988
4,Two puppies playing on an indoor floor,14,0.25,42,0.9982
4,Two puppies playing on an indoor floor,14,0.25,43,0.9984
4,Two puppies playing on an indoor floor,14,0.25,44,0.9987
4,Two puppies playing on an indoor floor,14,0.25,45,0.9989
4,Two puppies playing on an indoor floor,14,0.25,46,0.9988
4,Two puppies playing on an indoor floor,14,0.375,42,0.9985
4,Two puppies playing on an indoor floor,14,0.375,43,0.9979
4,Two puppies playing on an indoor floor,14,0.375,44,0.9985
4,Two puppies playing on an indoor floor,14,0.375,45,0.9989
4,Two puppies playing on an indoor floor,14,0.375,46,0.9988
4,Two puppies playing on an indoor floor,14,0.5,42,0.9979
4,Two puppies playing on an indoor floor,14,0.5,43,0.9976
4,Two puppies playing on an indoor floor,14,0.5,44,0.9979
4,Two puppies playing on an indoor floor,14,0.5,45,0.9987
4,Two puppies playing on an indoor floor,14,0.5,46,0.9986
4,Two puppies playing on an indoor floor,14,0.625,42,0.9951
4,Two puppies playing on an indoor floor,14,0.625,43,0.9958
4,Two puppies playing on an indoor floor,14,0.625,44,0.9969
4,Two puppies playing on an indoor floor,14,0.625,45,0.9963
4,Two puppies playing on an indoor floor,14,0.625,46,0.9973
4,Two puppies playing on an indoor floor,14,0.6875,42,0.9923
4,Two puppies playing on an indoor floor,14,0.6875,43,0.9906
4,Two puppies playing on an indoor floor,14,0.6875,44,0.9942
4,Two puppies playing on an indoor floor,14,0.6875,45,0.9887
4,Two puppies playing on an indoor floor,14,0.6875,46,0.9945
4,Two puppies playing on an indoor floor,14,0.75,42,0.9771
4,Two puppies playing on an indoor floor,14,0.75,43,0.975
4,Two puppies playing on an indoor floor,14,0.75,44,0.9817
4,Two puppies playing on an indoor floor,14,0.75,45,0.9561
4,Two puppies playing on an indoor floor,14,0.75,46,0.9814
4,Two puppies playing on an indoor floor,14,0.8125,42,0.866
4,Two puppies playing on an indoor floor,14,0.8125,43,0.9095
4,Two puppies playing on an indoor floor,14,0.8125,44,0.9242
4,Two puppies playing on an indoor floor,14,0.8125,45,0.712
4,Two puppies playing on an indoor floor,14,0.8125,46,0.9142
4,Two puppies playing on an indoor floor,14,0.875,42,0.336
4,Two puppies playing on an indoor floor,14,0.875,43,0.4112
4,Two puppies playing on an indoor floor,14,0.875,44,0.5224
4,Two puppies playing on an indoor floor,14,0.875,45,0.351
4,Two puppies playing on an indoor floor,14,0.875,46,0.4332
4,Two puppies playing on an indoor floor,16,0.0,42,0.9986
4,Two puppies playing on an indoor floor,16,0.0,43,0.9986
4,Two puppies playing on an indoor floor,16,0.0,44,0.9987
4,Two puppies playing on an indoor floor,16,0.0,45,0.999
4,Two puppies playing on an indoor floor,16,0.0,46,0.9989
4,Two puppies playing on an indoor floor,16,0.25,42,0.9986
4,Two puppies playing on an indoor floor,16,0.25,43,0.9985
4,Two puppies playing on an indoor floor,16,0.25,44,0.9985
4,Two puppies playing on an indoor floor,16,0.25,45,0.999
4,Two puppies playing on an indoor floor,16,0.25,46,0.9989
4,Two puppies playing on an indoor floor,16,0.375,42,0.9985
4,Two puppies playing on an indoor floor,16,0.375,43,0.9985
4,Two puppies playing on an indoor floor,16,0.375,44,0.9987
4,Two puppies playing on an indoor floor,16,0.375,45,0.999
4,Two puppies playing on an indoor floor,16,0.375,46,0.9988
4,Two puppies playing on an indoor floor,16,0.5,42,0.9981
4,Two puppies playing on an indoor floor,16,0.5,43,0.9983
4,Two puppies playing on an indoor floor,16,0.5,44,0.9982
4,Two puppies playing on an indoor floor,16,0.5,45,0.9987
4,Two puppies playing on an indoor floor,16,0.5,46,0.9986
4,Two puppies playing on an indoor floor,16,0.625,42,0.9965
4,Two puppies playing on an indoor floor,16,0.625,43,0.9969
4,Two puppies playing on an indoor floor,16,0.625,44,0.9972
4,Two puppies playing on an indoor floor,16,0.625,45,0.9968
4,Two puppies playing on an indoor floor,16,0.625,46,0.9976
4,Two puppies playing on an indoor floor,16,0.6875,42,0.9935
4,Two puppies playing on an indoor floor,16,0.6875,43,0.9933
4,Two puppies playing on an indoor floor,16,0.6875,44,0.9944
4,Two puppies playing on an indoor floor,16,0.6875,45,0.9908
4,Two puppies playing on an indoor floor,16,0.6875,46,0.9953
4,Two puppies playing on an indoor floor,16,0.75,42,0.9812
4,Two puppies playing on an indoor floor,16,0.75,43,0.9805
4,Two puppies playing on an indoor floor,16,0.75,44,0.9827
4,Two puppies playing on an indoor floor,16,0.75,45,0.9594
4,Two puppies playing on an indoor floor,16,0.75,46,0.9857
4,Two puppies playing on an indoor floor,16,0.8125,42,0.8629
4,Two puppies playing on an indoor floor,16,0.8125,43,0.9256
4,Two puppies playing on an indoor floor,16,0.8125,44,0.9276
4,Two puppies playing on an indoor floor,16,0.8125,45,0.7432
4,Two puppies playing on an indoor floor,16,0.8125,46,0.926
4,Two puppies playing on an indoor floor,16,0.875,42,0.3272
4,Two puppies playing on an indoor floor,16,0.875,43,0.4395
4,Two puppies playing on an indoor floor,16,0.875,44,0.5434
4,Two puppies playing on an indoor floor,16,0.875,45,0.3938
4,Two puppies playing on an indoor floor,16,0.875,46,0.4546
4,Two puppies playing on an indoor floor,18,0.0,42,0.9987
4,Two puppies playing on an indoor floor,18,0.0,43,0.9987
4,Two puppies playing on an indoor floor,18,0.0,44,0.9988
4,Two puppies playing on an indoor floor,18,0.0,45,0.9991
4,Two puppies playing on an indoor floor,18,0.0,46,0.9989
4,Two puppies playing on an indoor floor,18,0.25,42,0.9987
4,Two puppies playing on an indoor floor,18,0.25,43,0.9987
4,Two puppies playing on an indoor floor,18,0.25,44,0.9988
4,Two puppies playing on an indoor floor,18,0.25,45,0.999
4,Two puppies playing on an indoor floor,18,0.25,46,0.9988
4,Two puppies playing on an indoor floor,18,0.375,42,0.9987
4,Two puppies playing on an indoor floor,18,0.375,43,0.9987
4,Two puppies playing on an indoor floor,18,0.375,44,0.9988
4,Two puppies playing on an indoor floor,18,0.375,45,0.999
4,Two puppies playing on an indoor floor,18,0.375,46,0.9989
4,Two puppies playing on an indoor floor,18,0.5,42,0.9982
4,Two puppies playing on an indoor floor,18,0.5,43,0.9985
4,Two puppies playing on an indoor floor,18,0.5,44,0.9985
4,Two puppies playing on an indoor floor,18,0.5,45,0.9988
4,Two puppies playing on an indoor floor,18,0.5,46,0.9987
4,Two puppies playing on an indoor floor,18,0.625,42,0.997
4,Two puppies playing on an indoor floor,18,0.625,43,0.9971
4,Two puppies playing on an indoor floor,18,0.625,44,0.9973
4,Two puppies playing on an indoor floor,18,0.625,45,0.9967
4,Two puppies playing on an indoor floor,18,0.625,46,0.9976
4,Two puppies playing on an indoor floor,18,0.6875,42,0.9942
4,Two puppies playing on an indoor floor,18,0.6875,43,0.9949
4,Two puppies playing on an indoor floor,18,0.6875,44,0.9943
4,Two puppies playing on an indoor floor,18,0.6875,45,0.9902
4,Two puppies playing on an indoor floor,18,0.6875,46,0.9957
4,Two puppies playing on an indoor floor,18,0.75,42,0.9811
4,Two puppies playing on an indoor floor,18,0.75,43,0.9865
4,Two puppies playing on an indoor floor,18,0.75,44,0.9843
4,Two puppies playing on an indoor floor,18,0.75,45,0.9583
4,Two puppies playing on an indoor floor,18,0.75,46,0.9864
4,Two puppies playing on an indoor floor,18,0.8125,42,0.8499
4,Two puppies playing on an indoor floor,18,0.8125,43,0.9344
4,Two puppies playing on an indoor floor,18,0.8125,44,0.9179
4,Two puppies playing on an indoor floor,18,0.8125,45,0.7545
4,Two puppies playing on an indoor floor,18,0.8125,46,0.9276
4,Two puppies playing on an indoor floor,18,0.875,42,0.3284
4,Two puppies playing on an indoor floor,18,0.875,43,0.4742
4,Two puppies playing on an indoor floor,18,0.875,44,0.5216
4,Two puppies playing on an indoor floor,18,0.875,45,0.4176
4,Two puppies playing on an indoor floor,18,0.875,46,0.4784
4,Two puppies playing on an indoor floor,20,0.0,42,0.9988
4,Two puppies playing on an indoor floor,20,0.0,43,0.9988
4,Two puppies playing on an indoor floor,20,0.0,44,0.9988
4,Two puppies playing on an indoor floor,20,0.0,45,0.9991
4,Two puppies playing on an indoor floor,20,0.0,46,0.999
4,Two puppies playing on an indoor floor,20,0.25,42,0.9988
4,Two puppies playing on an indoor floor,20,0.25,43,0.9988
4,Two puppies playing on an indoor floor,20,0.25,44,0.9988
4,Two puppies playing on an indoor floor,20,0.25,45,0.9991
4,Two puppies playing on an indoor floor,20,0.25,46,0.999
4,Two puppies playing on an indoor floor,20,0.375,42,0.9988
4,Two puppies playing on an indoor floor,20,0.375,43,0.9988
4,Two puppies playing on an indoor floor,20,0.375,44,0.9988
4,Two puppies playing on an indoor floor,20,0.375,45,0.9991
4,Two puppies playing on an indoor floor,20,0.375,46,0.9989
4,Two puppies playing on an indoor floor,20,0.5,42,0.9985
4,Two puppies playing on an indoor floor,20,0.5,43,0.9986
4,Two puppies playing on an indoor floor,20,0.5,44,0.9986
4,Two puppies playing on an indoor floor,20,0.5,45,0.9988
4,Two puppies playing on an indoor floor,20,0.5,46,0.9988
4,Two puppies playing on an indoor floor,20,0.625,42,0.9972
4,Two puppies playing on an indoor floor,20,0.625,43,0.9975
4,Two puppies playing on an indoor floor,20,0.625,44,0.9973
4,Two puppies playing on an indoor floor,20,0.625,45,0.9964
4,Two puppies playing on an indoor floor,20,0.625,46,0.9976
4,Two puppies playing on an indoor floor,20,0.6875,42,0.9942
4,Two puppies playing on an indoor floor,20,0.6875,43,0.9953
4,Two puppies playing on an indoor floor,20,0.6875,44,0.9945
4,Two puppies playing on an indoor floor,20,0.6875,45,0.9892
4,Two puppies playing on an indoor floor,20,0.6875,46,0.9954
4,Two puppies playing on an indoor floor,20,0.75,42,0.9805
4,Two puppies playing on an indoor floor,20,0.75,43,0.9865
4,Two puppies playing on an indoor floor,20,0.75,44,0.9833
4,Two puppies playing on an indoor floor,20,0.75,45,0.9553
4,Two puppies playing on an indoor floor,20,0.75,46,0.9849
4,Two puppies playing on an indoor floor,20,0.8125,42,0.8526
4,Two puppies playing on an indoor floor,20,0.8125,43,0.9167
4,Two puppies playing on an indoor floor,20,0.8125,44,0.903
4,Two puppies playing on an indoor floor,20,0.8125,45,0.7694
4,Two puppies playing on an indoor floor,20,0.8125,46,0.9254
4,Two puppies playing on an indoor floor,20,0.875,42,0.3349
4,Two puppies playing on an indoor floor,20,0.875,43,0.4422
4,Two puppies playing on an indoor floor,20,0.875,44,0.5015
4,Two puppies playing on an indoor floor,20,0.875,45,0.4201
4,Two puppies playing on an indoor floor,20,0.875,46,0.513
4,Two puppies playing on an indoor floor,22,0.0,42,0.999
4,Two puppies playing on an indoor floor,22,0.0,43,0.9989
4,Two puppies playing on an indoor floor,22,0.0,44,0.999
4,Two puppies playing on an indoor floor,22,0.0,45,0.9991
4,Two puppies playing on an indoor floor,22,0.0,46,0.9991
4,Two puppies playing on an indoor floor,22,0.25,42,0.9989
4,Two puppies playing on an indoor floor,22,0.25,43,0.999
4,Two puppies playing on an indoor floor,22,0.25,44,0.999
4,Two puppies playing on an indoor floor,22,0.25,45,0.9991
4,Two puppies playing on an indoor floor,22,0.25,46,0.9991
4,Two puppies playing on an indoor floor,22,0.375,42,0.9989
4,Two puppies playing on an indoor floor,22,0.375,43,0.9989
4,Two puppies playing on an indoor floor,22,0.375,44,0.9989
4,Two puppies playing on an indoor floor,22,0.375,45,0.9991
4,Two puppies playing on an indoor floor,22,0.375,46,0.999
4,Two puppies playing on an indoor floor,22,0.5,42,0.9986
4,Two puppies playing on an indoor floor,22,0.5,43,0.9986
4,Two puppies playing on an indoor floor,22,0.5,44,0.9987
4,Two puppies playing on an indoor floor,22,0.5,45,0.9987
4,Two puppies playing on an indoor floor,22,0.5,46,0.9988
4,Two puppies playing on an indoor floor,22,0.625,42,0.997
4,Two puppies playing on an indoor floor,22,0.625,43,0.9974
4,Two puppies playing on an indoor floor,22,0.625,44,0.9971
4,Two puppies playing on an indoor floor,22,0.625,45,0.9953
4,Two puppies playing on an indoor floor,22,0.625,46,0.9973
4,Two puppies playing on an indoor floor,22,0.6875,42,0.9934
4,Two puppies playing on an indoor floor,22,0.6875,43,0.995
4,Two puppies playing on an indoor floor,22,0.6875,44,0.9935
4,Two puppies playing on an indoor floor,22,0.6875,45,0.9852
4,Two puppies playing on an indoor floor,22,0.6875,46,0.9944
4,Two puppies playing on an indoor floor,22,0.75,42,0.9767
4,Two puppies playing on an indoor floor,22,0.75,43,0.9836
4,Two puppies playing on an indoor floor,22,0.75,44,0.9795
4,Two puppies playing on an indoor floor,22,0.75,45,0.9401
4,Two puppies playing on an indoor floor,22,0.75,46,0.9824
4,Two puppies playing on an indoor floor,22,0.8125,42,0.8288
4,Two puppies playing on an indoor floor,22,0.8125,43,0.8809
4,Two puppies playing on an indoor floor,22,0.8125,44,0.8844
4,Two puppies playing on an indoor floor,22,0.8125,45,0.7475
4,Two puppies playing on an indoor floor,22,0.8125,46,0.9059
4,Two puppies playing on an indoor floor,22,0.875,42,0.3561
4,Two puppies playing on an indoor floor,22,0.875,43,0.437
4,Two puppies playing on an indoor floor,22,0.875,44,0.4943
4,Two puppies playing on an indoor floor,22,0.875,45,0.3781
4,Two puppies playing on an indoor floor,22,0.875,46,0.5362
4,Two puppies playing on an indoor floor,24,0.0,42,0.9991
4,Two puppies playing on an indoor floor,24,0.0,43,0.9991
4,Two puppies playing on an indoor floor,24,0.0,44,0.9991
4,Two puppies playing on an indoor floor,24,0.0,45,0.9992
4,Two puppies playing on an indoor floor,24,0.0,46,0.9992
4,Two puppies playing on an indoor floor,24,0.25,42,0.9991
4,Two puppies playing on an indoor floor,24,0.25,43,0.9991
4,Two puppies playing on an indoor floor,24,0.25,44,0.999
4,Two puppies playing on an indoor floor,24,0.25,45,0.9992
4,Two puppies playing on an indoor floor,24,0.25,46,0.9992
4,Two puppies playing on an indoor floor,24,0.375,42,0.999
4,Two puppies playing on an indoor floor,24,0.375,43,0.999
4,Two puppies playing on an indoor floor,24,0.375,44,0.999
4,Two puppies playing on an indoor floor,24,0.375,45,0.9991
4,Two puppies playing on an indoor floor,24,0.375,46,0.9991
4,Two puppies playing on an indoor floor,24,0.5,42,0.9986
4,Two puppies playing on an indoor floor,24,0.5,43,0.9987
4,Two puppies playing on an indoor floor,24,0.5,44,0.9986
4,Two puppies playing on an indoor floor,24,0.5,45,0.9985
4,Two puppies playing on an indoor floor,24,0.5,46,0.9987
4,Two puppies playing on an indoor floor,24,0.625,42,0.9963
4,Two puppies playing on an indoor floor,24,0.625,43,0.9968
4,Two puppies playing on an indoor floor,24,0.625,44,0.9963
4,Two puppies playing on an indoor floor,24,0.625,45,0.9921
4,Two puppies playing on an indoor floor,24,0.625,46,0.9966
4,Two puppies playing on an indoor floor,24,0.6875,42,0.9911
4,Two puppies playing on an indoor floor,24,0.6875,43,0.9928
4,Two puppies playing on an indoor floor,24,0.6875,44,0.9906
4,Two puppies playing on an indoor floor,24,0.6875,45,0.973
4,Two puppies playing on an indoor floor,24,0.6875,46,0.9918
4,Two puppies playing on an indoor floor,24,0.75,42,0.966
4,Two puppies playing on an indoor floor,24,0.75,43,0.9729
4,Two puppies playing on an indoor floor,24,0.75,44,0.9668
4,Two puppies playing on an indoor floor,24,0.75,45,0.9013
4,Two puppies playing on an indoor floor,24,0.75,46,0.9723
4,Two puppies playing on an indoor floor,24,0.8125,42,0.8265
4,Two puppies playing on an indoor floor,24,0.8125,43,0.8295
4,Two puppies playing on an indoor floor,24,0.8125,44,0.8617
4,Two puppies playing on an indoor floor,24,0.8125,45,0.699
4,Two puppies playing on an indoor floor,24,0.8125,46,0.8731
4,Two puppies playing on an indoor floor,24,0.875,42,0.4564
4,Two puppies playing on an indoor floor,24,0.875,43,0.5008
4,Two puppies playing on an indoor floor,24,0.875,44,0.5756
4,Two puppies playing on an indoor floor,24,0.875,45,0.3155
4,Two puppies playing on an indoor floor,24,0.875,46,0.6108
4,Two puppies playing on an indoor floor,26,0.0,42,0.9997
4,Two puppies playing on an indoor floor,26,0.0,43,0.9997
4,Two puppies playing on an indoor floor,26,0.0,44,0.9997
4,Two puppies playing on an indoor floor,26,0.0,45,0.9997
4,Two puppies playing on an indoor floor,26,0.0,46,0.9997
4,Two puppies playing on an indoor floor,26,0.25,42,0.9997
4,Two puppies playing on an indoor floor,26,0.25,43,0.9997
4,Two puppies playing on an indoor floor,26,0.25,44,0.9996
4,Two puppies playing on an indoor floor,26,0.25,45,0.9997
4,Two puppies playing on an indoor floor,26,0.25,46,0.9997
4,Two puppies playing on an indoor floor,26,0.375,42,0.9994
4,Two puppies playing on an indoor floor,26,0.375,43,0.9995
4,Two puppies playing on an indoor floor,26,0.375,44,0.9994
4,Two puppies playing on an indoor floor,26,0.375,45,0.9994
4,Two puppies playing on an indoor floor,26,0.375,46,0.9995
4,Two puppies playing on an indoor floor,26,0.5,42,0.998
4,Two puppies playing on an indoor floor,26,0.5,43,0.9984
4,Two puppies playing on an indoor floor,26,0.5,44,0.9982
4,Two puppies playing on an indoor floor,26,0.5,45,0.9975
4,Two puppies playing on an indoor floor,26,0.5,46,0.9984
4,Two puppies playing on an indoor floor,26,0.625,42,0.9916
4,Two puppies playing on an indoor floor,26,0.625,43,0.9941
4,Two puppies playing on an indoor floor,26,0.625,44,0.9912
4,Two puppies playing on an indoor floor,26,0.625,45,0.9774
4,Two puppies playing on an indoor floor,26,0.625,46,0.9934
4,Two puppies playing on an indoor floor,26,0.6875,42,0.9748
4,Two puppies playing on an indoor floor,26,0.6875,43,0.9837
4,Two puppies playing on an indoor floor,26,0.6875,44,0.9743
4,Two puppies playing on an indoor floor,26,0.6875,45,0.9269
4,Two puppies playing on an indoor floor,26,0.6875,46,0.9812
4,Two puppies playing on an indoor floor,26,0.75,42,0.9214
4,Two puppies playing on an indoor floor,26,0.75,43,0.9498
4,Two puppies playing on an indoor floor,26,0.75,44,0.9287
4,Two puppies playing on an indoor floor,26,0.75,45,0.8109
4,Two puppies playing on an indoor floor,26,0.75,46,0.9442
4,Two puppies playing on an indoor floor,26,0.8125,42,0.7867
4,Two puppies playing on an indoor floor,26,0.8125,43,0.8521
4,Two puppies playing on an indoor floor,26,0.8125,44,0.8351
4,Two puppies playing on an indoor floor,26,0.8125,45,0.6339
4,Two puppies playing on an indoor floor,26,0.8125,46,0.8464
4,Two puppies playing on an indoor floor,26,0.875,42,0.5066
4,Two puppies playing on an indoor floor,26,0.875,43,0.6791
4,Two puppies playing on an indoor floor,26,0.875,44,0.6454
4,Two puppies playing on an indoor floor,26,0.875,45,0.3291
4,Two puppies playing on an indoor floor,26,0.875,46,0.6554
5,A Border Collie running with a blurred background,2,0.0,42,0.9971
5,A Border Collie running with a blurred background,2,0.0,43,0.9974
5,A Border Collie running with a blurred background,2,0.0,44,0.9978
5,A Border Collie running with a blurred background,2,0.0,45,0.9975
5,A Border Collie running with a blurred background,2,0.0,46,0.9969
5,A Border Collie running with a blurred background,2,0.25,42,0.9959
5,A Border Collie running with a blurred background,2,0.25,43,0.9972
5,A Border Collie running with a blurred background,2,0.25,44,0.9948
5,A Border Collie running with a blurred background,2,0.25,45,0.9978
5,A Border Collie running with a blurred background,2,0.25,46,0.996
5,A Border Collie running with a blurred background,2,0.375,42,0.9964
5,A Border Collie running with a blurred background,2,0.375,43,0.9969
5,A Border Collie running with a blurred background,2,0.375,44,0.9919
5,A Border Collie running with a blurred background,2,0.375,45,0.9974
5,A Border Collie running with a blurred background,2,0.375,46,0.9944
5,A Border Collie running with a blurred background,2,0.5,42,0.9961
5,A Border Collie running with a blurred background,2,0.5,43,0.9963
5,A Border Collie running with a blurred background,2,0.5,44,0.9968
5,A Border Collie running with a blurred background,2,0.5,45,0.9972
5,A Border Collie running with a blurred background,2,0.5,46,0.9923
5,A Border Collie running with a blurred background,2,0.625,42,0.985
5,A Border Collie running with a blurred background,2,0.625,43,0.9879
5,A Border Collie running with a blurred background,2,0.625,44,0.9723
5,A Border Collie running with a blurred background,2,0.625,45,0.9908
5,A Border Collie running with a blurred background,2,0.625,46,0.9843
5,A Border Collie running with a blurred background,2,0.6875,42,0.9799
5,A Border Collie running with a blurred background,2,0.6875,43,0.9581
5,A Border Collie running with a blurred background,2,0.6875,44,0.9649
5,A Border Collie running with a blurred background,2,0.6875,45,0.9828
5,A Border Collie running with a blurred background,2,0.6875,46,0.9312
5,A Border Collie running with a blurred background,2,0.75,42,0.9539
5,A Border Collie running with a blurred background,2,0.75,43,0.9286
5,A Border Collie running with a blurred background,2,0.75,44,0.9359
5,A Border Collie running with a blurred background,2,0.75,45,0.9344
5,A Border Collie running with a blurred background,2,0.75,46,0.8955
5,A Border Collie running with a blurred background,2,0.8125,42,0.7826
5,A Border Collie running with a blurred background,2,0.8125,43,0.8086
5,A Border Collie running with a blurred background,2,0.8125,44,0.786
5,A Border Collie running with a blurred background,2,0.8125,45,0.8322
5,A Border Collie running with a blurred background,2,0.8125,46,0.7478
5,A Border Collie running with a blurred background,2,0.875,42,0.3299
5,A Border Collie running with a blurred background,2,0.875,43,0.2871
5,A Border Collie running with a blurred background,2,0.875,44,0.3343
5,A Border Collie running with a blurred background,2,0.875,45,0.3153
5,A Border Collie running with a blurred background,2,0.875,46,0.2891
5,A Border Collie running with a blurred background,4,0.0,42,0.9982
5,A Border Collie running with a blurred background,4,0.0,43,0.998
5,A Border Collie running with a blurred background,4,0.0,44,0.9984
5,A Border Collie running with a blurred background,4,0.0,45,0.9979
5,A Border Collie running with a blurred background,4,0.0,46,0.9979
5,A Border Collie running with a blurred background,4,0.25,42,0.9977
5,A Border Collie running with a blurred background,4,0.25,43,0.998
5,A Border Collie running with a blurred background,4,0.25,44,0.9982
5,A Border Collie running with a blurred background,4,0.25,45,0.9979
5,A Border Collie running with a blurred background,4,0.25,46,0.9962
5,A Border Collie running with a blurred background,4,0.375,42,0.9977
5,A Border Collie running with a blurred background,4,0.375,43,0.9973
5,A Border Collie running with a blurred background,4,0.375,44,0.9981
5,A Border Collie running with a blurred background,4,0.375,45,0.9978
5,A Border Collie running with a blurred background,4,0.375,46,0.997
5,A Border Collie running with a blurred background,4,0.5,42,0.997
5,A Border Collie running with a blurred background,4,0.5,43,0.9968
5,A Border Collie running with a blurred background,4,0.5,44,0.9977
5,A Border Collie running with a blurred background,4,0.5,45,0.9973
5,A Border Collie running with a blurred background,4,0.5,46,0.9967
5,A Border Collie running with a blurred background,4,0.625,42,0.9914
5,A Border Collie running with a blurred background,4,0.625,43,0.9918
5,A Border Collie running with a blurred background,4,0.625,44,0.9854
5,A Border Collie running with a blurred background,4,0.625,45,0.9946
5,A Border Collie running with a blurred background,4,0.625,46,0.9906
5,A Border Collie running with a blurred background,4,0.6875,42,0.9835
5,A Border Collie running with a blurred background,4,0.6875,43,0.9765
5,A Border Collie running with a blurred background,4,0.6875,44,0.9834
5,A Border Collie running with a blurred background,4,0.6875,45,0.986
5,A Border Collie running with a blurred background,4,0.6875,46,0.9798
5,A Border Collie running with a blurred background,4,0.75,42,0.9599
5,A Border Collie running with a blurred background,4,0.75,43,0.9509
5,A Border Collie running with a blurred background,4,0.75,44,0.9586
5,A Border Collie running with a blurred background,4,0.75,45,0.9472
5,A Border Collie running with a blurred background,4,0.75,46,0.9434
5,A Border Collie running with a blurred background,4,0.8125,42,0.8365
5,A Border Collie running with a blurred background,4,0.8125,43,0.8107
5,A Border Collie running with a blurred background,4,0.8125,44,0.822
5,A Border Collie running with a blurred background,4,0.8125,45,0.8412
5,A Border Collie running with a blurred background,4,0.8125,46,0.7816
5,A Border Collie running with a blurred background,4,0.875,42,0.3657
5,A Border Collie running with a blurred background,4,0.875,43,0.2613
5,A Border Collie running with a blurred background,4,0.875,44,0.3766
5,A Border Collie running with a blurred background,4,0.875,45,0.3305
5,A Border Collie running with a blurred background,4,0.875,46,0.2596
5,A Border Collie running with a blurred background,6,0.0,42,0.9983
5,A Border Collie running with a blurred background,6,0.0,43,0.9981
5,A Border Collie running with a blurred background,6,0.0,44,0.9986
5,A Border Collie running with a blurred background,6,0.0,45,0.9983
5,A Border Collie running with a blurred background,6,0.0,46,0.998
5,A Border Collie running with a blurred background,6,0.25,42,0.9982
5,A Border Collie running with a blurred background,6,0.25,43,0.9982
5,A Border Collie running with a blurred background,6,0.25,44,0.9985
5,A Border Collie running with a blurred background,6,0.25,45,0.9981
5,A Border Collie running with a blurred background,6,0.25,46,0.9982
5,A Border Collie running with a blurred background,6,0.375,42,0.9982
5,A Border Collie running with a blurred background,6,0.375,43,0.9978
5,A Border Collie running with a blurred background,6,0.375,44,0.9983
5,A Border Collie running with a blurred background,6,0.375,45,0.9981
5,A Border Collie running with a blurred background,6,0.375,46,0.9982
5,A Border Collie running with a blurred background,6,0.5,42,0.9979
5,A Border Collie running with a blurred background,6,0.5,43,0.9977
5,A Border Collie running with a blurred background,6,0.5,44,0.998
5,A Border Collie running with a blurred background,6,0.5,45,0.9977
5,A Border Collie running with a blurred background,6,0.5,46,0.9972
5,A Border Collie running with a blurred background,6,0.625,42,0.9949
5,A Border Collie running with a blurred background,6,0.625,43,0.9932
5,A Border Collie running with a blurred background,6,0.625,44,0.9962
5,A Border Collie running with a blurred background,6,0.625,45,0.9955
5,A Border Collie running with a blurred background,6,0.625,46,0.9942
5,A Border Collie running with a blurred background,6,0.6875,42,0.9883
5,A Border Collie running with a blurred background,6,0.6875,43,0.9837
5,A Border Collie running with a blurred background,6,0.6875,44,0.9922
5,A Border Collie running with a blurred background,6,0.6875,45,0.989
5,A Border Collie running with a blurred background,6,0.6875,46,0.985
5,A Border Collie running with a blurred background,6,0.75,42,0.9661
5,A Border Collie running with a blurred background,6,0.75,43,0.9614
5,A Border Collie running with a blurred background,6,0.75,44,0.9705
5,A Border Collie running with a blurred background,6,0.75,45,0.9564
5,A Border Collie running with a blurred background,6,0.75,46,0.9646
5,A Border Collie running with a blurred background,6,0.8125,42,0.8694
5,A Border Collie running with a blurred background,6,0.8125,43,0.8466
5,A Border Collie running with a blurred background,6,0.8125,44,0.839
5,A Border Collie running with a blurred background,6,0.8125,45,0.8569
5,A Border Collie running with a blurred background,6,0.8125,46,0.8238
5,A Border Collie running with a blurred background,6,0.875,42,0.3781
5,A Border Collie running with a blurred background,6,0.875,43,0.2855
5,A Border Collie running with a blurred background,6,0.875,44,0.3522
5,A Border Collie running with a blurred background,6,0.875,45,0.3305
5,A Border Collie running with a blurred background,6,0.875,46,0.2554
5,A Border Collie running with a blurred background,8,0.0,42,0.9984
5,A Border Collie running with a blurred background,8,0.0,43,0.9983
5,A Border Collie running with a blurred background,8,0.0,44,0.9986
5,A Border Collie running with a blurred background,8,0.0,45,0.9982
5,A Border Collie running with a blurred background,8,0.0,46,0.9984
5,A Border Collie running with a blurred background,8,0.25,42,0.9983
5,A Border Collie running with a blurred background,8,0.25,43,0.9983
5,A Border Collie running with a blurred background,8,0.25,44,0.9985
5,A Border Collie running with a blurred background,8,0.25,45,0.9983
5,A Border Collie running with a blurred background,8,0.25,46,0.9983
5,A Border Collie running with a blurred background,8,0.375,42,0.9983
5,A Border Collie running with a blurred background,8,0.375,43,0.9982
5,A Border Collie running with a blurred background,8,0.375,44,0.9986
5,A Border Collie running with a blurred background,8,0.375,45,0.9981
5,A Border Collie running with a blurred background,8,0.375,46,0.9981
5,A Border Collie running with a blurred background,8,0.5,42,0.998
5,A Border Collie running with a blurred background,8,0.5,43,0.9978
5,A Border Collie running with a blurred background,8,0.5,44,0.9982
5,A Border Collie running with a blurred background,8,0.5,45,0.9978
5,A Border Collie running with a blurred background,8,0.5,46,0.9974
5,A Border Collie running with a blurred background,8,0.625,42,0.9964
5,A Border Collie running with a blurred background,8,0.625,43,0.9953
5,A Border Collie running with a blurred background,8,0.625,44,0.9964
5,A Border Collie running with a blurred background,8,0.625,45,0.996
5,A Border Collie running with a blurred background,8,0.625,46,0.9947
5,A Border Collie running with a blurred background,8,0.6875,42,0.9918
5,A Border Collie running with a blurred background,8,0.6875,43,0.9892
5,A Border Collie running with a blurred background,8,0.6875,44,0.9923
5,A Border Collie running with a blurred background,8,0.6875,45,0.9907
5,A Border Collie running with a blurred background,8,0.6875,46,0.9864
5,A Border Collie running with a blurred background,8,0.75,42,0.9767
5,A Border Collie running with a blurred background,8,0.75,43,0.9666
5,A Border Collie running with a blurred background,8,0.75,44,0.9752
5,A Border Collie running with a blurred background,8,0.75,45,0.9704
5,A Border Collie running with a blurred background,8,0.75,46,0.968
5,A Border Collie running with a blurred background,8,0.8125,42,0.8856
5,A Border Collie running with a blurred background,8,0.8125,43,0.873
5,A Border Collie running with a blurred background,8,0.8125,44,0.8509
5,A Border Collie running with a blurred background,8,0.8125,45,0.8667
5,A Border Collie running with a blurred background,8,0.8125,46,0.8652
5,A Border Collie running with a blurred background,8,0.875,42,0.3593
5,A Border Collie running with a blurred background,8,0.875,43,0.3123
5,A Border Collie running with a blurred background,8,0.875,44,0.3756
5,A Border Collie running with a blurred background,8,0.875,45,0.3518
5,A Border Collie running with a blurred background,8,0.875,46,0.3151
5,A Border Collie running with a blurred background,10,0.0,42,0.9985
5,A Border Collie running with a blurred background,10,0.0,43,0.9983
5,A Border Collie running with a blurred background,10,0.0,44,0.9986
5,A Border Collie running with a blurred background,10,0.0,45,0.9983
5,A Border Collie running with a blurred background,10,0.0,46,0.9985
5,A Border Collie running with a blurred background,10,0.25,42,0.9986
5,A Border Collie running with a blurred background,10,0.25,43,0.9984
5,A Border Collie running with a blurred background,10,0.25,44,0.9986
5,A Border Collie running with a blurred background,10,0.25,45,0.9984
5,A Border Collie running with a blurred background,10,0.25,46,0.9984
5,A Border Collie running with a blurred background,10,0.375,42,0.9985
5,A Border Collie running with a blurred background,10,0.375,43,0.9985
5,A Border Collie running with a blurred background,10,0.375,44,0.9987
5,A Border Collie running with a blurred background,10,0.375,45,0.9983
5,A Border Collie running with a blurred background,10,0.375,46,0.9984
5,A Border Collie running with a blurred background,10,0.5,42,0.9982
5,A Border Collie running with a blurred background,10,0.5,43,0.9981
5,A Border Collie running with a blurred background,10,0.5,44,0.9982
5,A Border Collie running with a blurred background,10,0.5,45,0.998
5,A Border Collie running with a blurred background,10,0.5,46,0.9979
5,A Border Collie running with a blurred background,10,0.625,42,0.9966
5,A Border Collie running with a blurred background,10,0.625,43,0.996
5,A Border Collie running with a blurred background,10,0.625,44,0.9967
5,A Border Collie running with a blurred background,10,0.625,45,0.9963
5,A Border Collie running with a blurred background,10,0.625,46,0.9955
5,A Border Collie running with a blurred background,10,0.6875,42,0.9931
5,A Border Collie running with a blurred background,10,0.6875,43,0.9909
5,A Border Collie running with a blurred background,10,0.6875,44,0.9928
5,A Border Collie running with a blurred background,10,0.6875,45,0.9922
5,A Border Collie running with a blurred background,10,0.6875,46,0.9916
5,A Border Collie running with a blurred background,10,0.75,42,0.9803
5,A Border Collie running with a blurred background,10,0.75,43,0.9723
5,A Border Collie running with a blurred background,10,0.75,44,0.9753
5,A Border Collie running with a blurred background,10,0.75,45,0.9733
5,A Border Collie running with a blurred background,10,0.75,46,0.9744
5,A Border Collie running with a blurred background,10,0.8125,42,0.8864
5,A Border Collie running with a blurred background,10,0.8125,43,0.8975
5,A Border Collie running with a blurred background,10,0.8125,44,0.8632
5,A Border Collie running with a blurred background,10,0.8125,45,0.8755
5,A Border Collie running with a blurred background,10,0.8125,46,0.8911
5,A Border Collie running with a blurred background,10,0.875,42,0.3807
5,A Border Collie running with a blurred background,10,0.875,43,0.3196
5,A Border Collie running with a blurred background,10,0.875,44,0.3761
5,A Border Collie running with a blurred background,10,0.875,45,0.3557
5,A Border Collie running with a blurred background,10,0.875,46,0.3595
5,A Border Collie running with a blurred background,12,0.0,42,0.9987
5,A Border Collie running with a blurred background,12,0.0,43,0.9985
5,A Border Collie running with a blurred background,12,0.0,44,0.9987
5,A Border Collie running with a blurred background,12,0.0,45,0.9985
5,A Border Collie running with a blurred background,12,0.0,46,0.9986
5,A Border Collie running with a blurred background,12,0.25,42,0.9987
5,A Border Collie running with a blurred background,12,0.25,43,0.9985
5,A Border Collie running with a blurred background,12,0.25,44,0.9987
5,A Border Collie running with a blurred background,12,0.25,45,0.9984
5,A Border Collie running with a blurred background,12,0.25,46,0.9986
5,A Border Collie running with a blurred background,12,0.375,42,0.9986
5,A Border Collie running with a blurred background,12,0.375,43,0.9983
5,A Border Collie running with a blurred background,12,0.375,44,0.9986
5,A Border Collie running with a blurred background,12,0.375,45,0.9984
5,A Border Collie running with a blurred background,12,0.375,46,0.9985
5,A Border Collie running with a blurred background,12,0.5,42,0.9983
5,A Border Collie running with a blurred background,12,0.5,43,0.9982
5,A Border Collie running with a blurred background,12,0.5,44,0.9984
5,A Border Collie running with a blurred background,12,0.5,45,0.9982
5,A Border Collie running with a blurred background,12,0.5,46,0.9983
5,A Border Collie running with a blurred background,12,0.625,42,0.9968
5,A Border Collie running with a blurred background,12,0.625,43,0.9965
5,A Border Collie running with a blurred background,12,0.625,44,0.9969
5,A Border Collie running with a blurred background,12,0.625,45,0.9964
5,A Border Collie running with a blurred background,12,0.625,46,0.9966
5,A Border Collie running with a blurred background,12,0.6875,42,0.9941
5,A Border Collie running with a blurred background,12,0.6875,43,0.9925
5,A Border Collie running with a blurred background,12,0.6875,44,0.9941
5,A Border Collie running with a blurred background,12,0.6875,45,0.9927
5,A Border Collie running with a blurred background,12,0.6875,46,0.9929
5,A Border Collie running with a blurred background,12,0.75,42,0.9824
5,A Border Collie running with a blurred background,12,0.75,43,0.9786
5,A Border Collie running with a blurred background,12,0.75,44,0.9788
5,A Border Collie running with a blurred background,12,0.75,45,0.9756
5,A Border Collie running with a blurred background,12,0.75,46,0.976
5,A Border Collie running with a blurred background,12,0.8125,42,0.8865
5,A Border Collie running with a blurred background,12,0.8125,43,0.9143
5,A Border Collie running with a blurred background,12,0.8125,44,0.8761
5,A Border Collie running with a blurred background,12,0.8125,45,0.8757
5,A Border Collie running with a blurred background,12,0.8125,46,0.899
5,A Border Collie running with a blurred background,12,0.875,42,0.4295
5,A Border Collie running with a blurred background,12,0.875,43,0.3906
5,A Border Collie running with a blurred background,12,0.875,44,0.4205
5,A Border Collie running with a blurred background,12,0.875,45,0.3936
5,A Border Collie running with a blurred background,12,0.875,46,0.3935
5,A Border Collie running with a blurred background,14,0.0,42,0.9987
5,A Border Collie running with a blurred background,14,0.0,43,0.9986
5,A Border Collie running with a blurred background,14,0.0,44,0.9988
5,A Border Collie running with a blurred background,14,0.0,45,0.9986
5,A Border Collie running with a blurred background,14,0.0,46,0.9987
5,A Border Collie running with a blurred background,14,0.25,42,0.9988
5,A Border Collie running with a blurred background,14,0.25,43,0.9985
5,A Border Collie running with a blurred background,14,0.25,44,0.9988
5,A Border Collie running with a blurred background,14,0.25,45,0.9986
5,A Border Collie running with a blurred background,14,0.25,46,0.9986
5,A Border Collie running with a blurred background,14,0.375,42,0.9987
5,A Border Collie running with a blurred background,14,0.375,43,0.9985
5,A Border Collie running with a blurred background,14,0.375,44,0.9987
5,A Border Collie running with a blurred background,14,0.375,45,0.9985
5,A Border Collie running with a blurred background,14,0.375,46,0.9986
5,A Border Collie running with a blurred background,14,0.5,42,0.9984
5,A Border Collie running with a blurred background,14,0.5,43,0.9983
5,A Border Collie running with a blurred background,14,0.5,44,0.9985
5,A Border Collie running with a blurred background,14,0.5,45,0.9982
5,A Border Collie running with a blurred background,14,0.5,46,0.9983
5,A Border Collie running with a blurred background,14,0.625,42,0.9971
5,A Border Collie running with a blurred background,14,0.625,43,0.9968
5,A Border Collie running with a blurred background,14,0.625,44,0.9972
5,A Border Collie running with a blurred background,14,0.625,45,0.9966
5,A Border Collie running with a blurred background,14,0.625,46,0.9967
5,A Border Collie running with a blurred background,14,0.6875,42,0.9947
5,A Border Collie running with a blurred background,14,0.6875,43,0.9935
5,A Border Collie running with a blurred background,14,0.6875,44,0.9944
5,A Border Collie running with a blurred background,14,0.6875,45,0.9928
5,A Border Collie running with a blurred background,14,0.6875,46,0.9932
5,A Border Collie running with a blurred background,14,0.75,42,0.9816
5,A Border Collie running with a blurred background,14,0.75,43,0.9812
5,A Border Collie running with a blurred background,14,0.75,44,0.9805
5,A Border Collie running with a blurred background,14,0.75,45,0.979
5,A Border Collie running with a blurred background,14,0.75,46,0.9796
5,A Border Collie running with a blurred background,14,0.8125,42,0.8971
5,A Border Collie running with a blurred background,14,0.8125,43,0.9247
5,A Border Collie running with a blurred background,14,0.8125,44,0.8878
5,A Border Collie running with a blurred background,14,0.8125,45,0.8873
5,A Border Collie running with a blurred background,14,0.8125,46,0.9019
5,A Border Collie running with a blurred background,14,0.875,42,0.4518
5,A Border Collie running with a blurred background,14,0.875,43,0.4572
5,A Border Collie running with a blurred background,14,0.875,44,0.4823
5,A Border Collie running with a blurred background,14,0.875,45,0.4379
5,A Border Collie running with a blurred background,14,0.875,46,0.4407
5,A Border Collie running with a blurred background,16,0.0,42,0.9988
5,A Border Collie running with a blurred background,16,0.0,43,0.9987
5,A Border Collie running with a blurred background,16,0.0,44,0.9989
5,A Border Collie running with a blurred background,16,0.0,45,0.9986
5,A Border Collie running with a blurred background,16,0.0,46,0.9987
5,A Border Collie running with a blurred background,16,0.25,42,0.9988
5,A Border Collie running with a blurred background,16,0.25,43,0.9985
5,A Border Collie running with a blurred background,16,0.25,44,0.9988
5,A Border Collie running with a blurred background,16,0.25,45,0.9986
5,A Border Collie running with a blurred background,16,0.25,46,0.9986
5,A Border Collie running with a blurred background,16,0.375,42,0.9988
5,A Border Collie running with a blurred background,16,0.375,43,0.9984
5,A Border Collie running with a blurred background,16,0.375,44,0.9988
5,A Border Collie running with a blurred background,16,0.375,45,0.9986
5,A Border Collie running with a blurred background,16,0.375,46,0.9987
5,A Border Collie running with a blurred background,16,0.5,42,0.9984
5,A Border Collie running with a blurred background,16,0.5,43,0.9984
5,A Border Collie running with a blurred background,16,0.5,44,0.9986
5,A Border Collie running with a blurred background,16,0.5,45,0.9983
5,A Border Collie running with a blurred background,16,0.5,46,0.9985
5,A Border Collie running with a blurred background,16,0.625,42,0.9972
5,A Border Collie running with a blurred background,16,0.625,43,0.997
5,A Border Collie running with a blurred background,16,0.625,44,0.9972
5,A Border Collie running with a blurred background,16,0.625,45,0.9968
5,A Border Collie running with a blurred background,16,0.625,46,0.9967
5,A Border Collie running with a blurred background,16,0.6875,42,0.9948
5,A Border Collie running with a blurred background,16,0.6875,43,0.9937
5,A Border Collie running with a blurred background,16,0.6875,44,0.9944
5,A Border Collie running with a blurred background,16,0.6875,45,0.9935
5,A Border Collie running with a blurred background,16,0.6875,46,0.9934
5,A Border Collie running with a blurred background,16,0.75,42,0.9837
5,A Border Collie running with a blurred background,16,0.75,43,0.9834
5,A Border Collie running with a blurred background,16,0.75,44,0.9831
5,A Border Collie running with a blurred background,16,0.75,45,0.9805
5,A Border Collie running with a blurred background,16,0.75,46,0.9801
5,A Border Collie running with a blurred background,16,0.8125,42,0.8987
5,A Border Collie running with a blurred background,16,0.8125,43,0.9335
5,A Border Collie running with a blurred background,16,0.8125,44,0.8958
5,A Border Collie running with a blurred background,16,0.8125,45,0.8994
5,A Border Collie running with a blurred background,16,0.8125,46,0.91
5,A Border Collie running with a blurred background,16,0.875,42,0.5006
5,A Border Collie running with a blurred background,16,0.875,43,0.5277
5,A Border Collie running with a blurred background,16,0.875,44,0.5501
5,A Border Collie running with a blurred background,16,0.875,45,0.5012
5,A Border Collie running with a blurred background,16,0.875,46,0.5144
5,A Border Collie running with a blurred background,18,0.0,42,0.9989
5,A Border Collie running with a blurred background,18,0.0,43,0.9987
5,A Border Collie running with a blurred background,18,0.0,44,0.9989
5,A Border Collie running with a blurred background,18,0.0,45,0.9987
5,A Border Collie running with a blurred background,18,0.0,46,0.9987
5,A Border Collie running with a blurred background,18,0.25,42,0.9989
5,A Border Collie running with a blurred background,18,0.25,43,0.9986
5,A Border Collie running with a blurred background,18,0.25,44,0.9989
5,A Border Collie running with a blurred background,18,0.25,45,0.9986
5,A Border Collie running with a blurred background,18,0.25,46,0.9987
5,A Border Collie running with a blurred background,18,0.375,42,0.9988
5,A Border Collie running with a blurred background,18,0.375,43,0.9986
5,A Border Collie running with a blurred background,18,0.375,44,0.9989
5,A Border Collie running with a blurred background,18,0.375,45,0.9986
5,A Border Collie running with a blurred background,18,0.375,46,0.9987
5,A Border Collie running with a blurred background,18,0.5,42,0.9986
5,A Border Collie running with a blurred background,18,0.5,43,0.9985
5,A Border Collie running with a blurred background,18,0.5,44,0.9986
5,A Border Collie running with a blurred background,18,0.5,45,0.9984
5,A Border Collie running with a blurred background,18,0.5,46,0.9986
5,A Border Collie running with a blurred background,18,0.625,42,0.9972
5,A Border Collie running with a blurred background,18,0.625,43,0.9969
5,A Border Collie running with a blurred background,18,0.625,44,0.9973
5,A Border Collie running with a blurred background,18,0.625,45,0.9968
5,A Border Collie running with a blurred background,18,0.625,46,0.997
5,A Border Collie running with a blurred background,18,0.6875,42,0.9947
5,A Border Collie running with a blurred background,18,0.6875,43,0.9941
5,A Border Collie running with a blurred background,18,0.6875,44,0.9945
5,A Border Collie running with a blurred background,18,0.6875,45,0.9938
5,A Border Collie running with a blurred background,18,0.6875,46,0.9938
5,A Border Collie running with a blurred background,18,0.75,42,0.9843
5,A Border Collie running with a blurred background,18,0.75,43,0.9836
5,A Border Collie running with a blurred background,18,0.75,44,0.9827
5,A Border Collie running with a blurred background,18,0.75,45,0.98
5,A Border Collie running with a blurred background,18,0.75,46,0.9814
5,A Border Collie running with a blurred background,18,0.8125,42,0.8993
5,A Border Collie running with a blurred background,18,0.8125,43,0.9364
5,A Border Collie running with a blurred background,18,0.8125,44,0.9002
5,A Border Collie running with a blurred background,18,0.8125,45,0.8984
5,A Border Collie running with a blurred background,18,0.8125,46,0.9147
5,A Border Collie running with a blurred background,18,0.875,42,0.5382
5,A Border Collie running with a blurred background,18,0.875,43,0.5633
5,A Border Collie running with a blurred background,18,0.875,44,0.6045
5,A Border Collie running with a blurred background,18,0.875,45,0.5662
5,A Border Collie running with a blurred background,18,0.875,46,0.5482
5,A Border Collie running with a blurred background,20,0.0,42,0.999
5,A Border Collie running with a blurred background,20,0.0,43,0.9987
5,A Border Collie running with a blurred background,20,0.0,44,0.999
5,A Border Collie running with a blurred background,20,0.0,45,0.9987
5,A Border Collie running with a blurred background,20,0.0,46,0.9988
5,A Border Collie running with a blurred background,20,0.25,42,0.9989
5,A Border Collie running with a blurred background,20,0.25,43,0.9988
5,A Border Collie running with a blurred background,20,0.25,44,0.999
5,A Border Collie running with a blurred background,20,0.25,45,0.9988
5,A Border Collie running with a blurred background,20,0.25,46,0.9988
5,A Border Collie running with a blurred background,20,0.375,42,0.9989
5,A Border Collie running with a blurred background,20,0.375,43,0.9987
5,A Border Collie running with a blurred background,20,0.375,44,0.9989
5,A Border Collie running with a blurred background,20,0.375,45,0.9987
5,A Border Collie running with a blurred background,20,0.375,46,0.9988
5,A Border Collie running with a blurred background,20,0.5,42,0.9986
5,A Border Collie running with a blurred background,20,0.5,43,0.9983
5,A Border Collie running with a blurred background,20,0.5,44,0.9987
5,A Border Collie running with a blurred background,20,0.5,45,0.9985
5,A Border Collie running with a blurred background,20,0.5,46,0.9986
5,A Border Collie running with a blurred background,20,0.625,42,0.9972
5,A Border Collie running with a blurred background,20,0.625,43,0.9973
5,A Border Collie running with a blurred background,20,0.625,44,0.9972
5,A Border Collie running with a blurred background,20,0.625,45,0.9969
5,A Border Collie running with a blurred background,20,0.625,46,0.9971
5,A Border Collie running with a blurred background,20,0.6875,42,0.9948
5,A Border Collie running with a blurred background,20,0.6875,43,0.9942
5,A Border Collie running with a blurred background,20,0.6875,44,0.9941
5,A Border Collie running with a blurred background,20,0.6875,45,0.9937
5,A Border Collie running with a blurred background,20,0.6875,46,0.9937
5,A Border Collie running with a blurred background,20,0.75,42,0.9829
5,A Border Collie running with a blurred background,20,0.75,43,0.9839
5,A Border Collie running with a blurred background,20,0.75,44,0.9813
5,A Border Collie running with a blurred background,20,0.75,45,0.9795
5,A Border Collie running with a blurred background,20,0.75,46,0.9806
5,A Border Collie running with a blurred background,20,0.8125,42,0.903
5,A Border Collie running with a blurred background,20,0.8125,43,0.9329
5,A Border Collie running with a blurred background,20,0.8125,44,0.8961
5,A Border Collie running with a blurred background,20,0.8125,45,0.8955
5,A Border Collie running with a blurred background,20,0.8125,46,0.9101
5,A Border Collie running with a blurred background,20,0.875,42,0.5666
5,A Border Collie running with a blurred background,20,0.875,43,0.5789
5,A Border Collie running with a blurred background,20,0.875,44,0.6343
5,A Border Collie running with a blurred background,20,0.875,45,0.6074
5,A Border Collie running with a blurred background,20,0.875,46,0.579
5,A Border Collie running with a blurred background,22,0.0,42,0.9991
5,A Border Collie running with a blurred background,22,0.0,43,0.9988
5,A Border Collie running with a blurred background,22,0.0,44,0.9991
5,A Border Collie running with a blurred background,22,0.0,45,0.9988
5,A Border Collie running with a blurred background,22,0.0,46,0.9989
5,A Border Collie running with a blurred background,22,0.25,42,0.999
5,A Border Collie running with a blurred background,22,0.25,43,0.9988
5,A Border Collie running with a blurred background,22,0.25,44,0.9991
5,A Border Collie running with a blurred background,22,0.25,45,0.9988
5,A Border Collie running with a blurred background,22,0.25,46,0.9989
5,A Border Collie running with a blurred background,22,0.375,42,0.999
5,A Border Collie running with a blurred background,22,0.375,43,0.9986
5,A Border Collie running with a blurred background,22,0.375,44,0.999
5,A Border Collie running with a blurred background,22,0.375,45,0.9988
5,A Border Collie running with a blurred background,22,0.375,46,0.9989
5,A Border Collie running with a blurred background,22,0.5,42,0.9986
5,A Border Collie running with a blurred background,22,0.5,43,0.9985
5,A Border Collie running with a blurred background,22,0.5,44,0.9987
5,A Border Collie running with a blurred background,22,0.5,45,0.9985
5,A Border Collie running with a blurred background,22,0.5,46,0.9986
5,A Border Collie running with a blurred background,22,0.625,42,0.9971
5,A Border Collie running with a blurred background,22,0.625,43,0.9969
5,A Border Collie running with a blurred background,22,0.625,44,0.997
5,A Border Collie running with a blurred background,22,0.625,45,0.9968
5,A Border Collie running with a blurred background,22,0.625,46,0.9967
5,A Border Collie running with a blurred background,22,0.6875,42,0.9944
5,A Border Collie running with a blurred background,22,0.6875,43,0.9934
5,A Border Collie running with a blurred background,22,0.6875,44,0.9934
5,A Border Collie running with a blurred background,22,0.6875,45,0.993
5,A Border Collie running with a blurred background,22,0.6875,46,0.9924
5,A Border Collie running with a blurred background,22,0.75,42,0.9817
5,A Border Collie running with a blurred background,22,0.75,43,0.9802
5,A Border Collie running with a blurred background,22,0.75,44,0.9779
5,A Border Collie running with a blurred background,22,0.75,45,0.9776
5,A Border Collie running with a blurred background,22,0.75,46,0.9754
5,A Border Collie running with a blurred background,22,0.8125,42,0.9077
5,A Border Collie running with a blurred background,22,0.8125,43,0.9142
5,A Border Collie running with a blurred background,22,0.8125,44,0.8887
5,A Border Collie running with a blurred background,22,0.8125,45,0.8929
5,A Border Collie running with a blurred background,22,0.8125,46,0.8874
5,A Border Collie running with a blurred background,22,0.875,42,0.6108
5,A Border Collie running with a blurred background,22,0.875,43,0.604
5,A Border Collie running with a blurred background,22,0.875,44,0.6392
5,A Border Collie running with a blurred background,22,0.875,45,0.6404
5,A Border Collie running with a blurred background,22,0.875,46,0.615
5,A Border Collie running with a blurred background,24,0.0,42,0.9992
5,A Border Collie running with a blurred background,24,0.0,43,0.999
5,A Border Collie running with a blurred background,24,0.0,44,0.9992
5,A Border Collie running with a blurred background,24,0.0,45,0.9991
5,A Border Collie running with a blurred background,24,0.0,46,0.9991
5,A Border Collie running with a blurred background,24,0.25,42,0.9992
5,A Border Collie running with a blurred background,24,0.25,43,0.999
5,A Border Collie running with a blurred background,24,0.25,44,0.9992
5,A Border Collie running with a blurred background,24,0.25,45,0.999
5,A Border Collie running with a blurred background,24,0.25,46,0.999
5,A Border Collie running with a blurred background,24,0.375,42,0.9991
5,A Border Collie running with a blurred background,24,0.375,43,0.999
5,A Border Collie running with a blurred background,24,0.375,44,0.9991
5,A Border Collie running with a blurred background,24,0.375,45,0.9989
5,A Border Collie running with a blurred background,24,0.375,46,0.999
5,A Border Collie running with a blurred background,24,0.5,42,0.9987
5,A Border Collie running with a blurred background,24,0.5,43,0.9986
5,A Border Collie running with a blurred background,24,0.5,44,0.9987
5,A Border Collie running with a blurred background,24,0.5,45,0.9986
5,A Border Collie running with a blurred background,24,0.5,46,0.9986
5,A Border Collie running with a blurred background,24,0.625,42,0.9968
5,A Border Collie running with a blurred background,24,0.625,43,0.9964
5,A Border Collie running with a blurred background,24,0.625,44,0.9967
5,A Border Collie running with a blurred background,24,0.625,45,0.9964
5,A Border Collie running with a blurred background,24,0.625,46,0.996
5,A Border Collie running with a blurred background,24,0.6875,42,0.9931
5,A Border Collie running with a blurred background,24,0.6875,43,0.9912
5,A Border Collie running with a blurred background,24,0.6875,44,0.992
5,A Border Collie running with a blurred background,24,0.6875,45,0.9911
5,A Border Collie running with a blurred background,24,0.6875,46,0.9898
5,A Border Collie running with a blurred background,24,0.75,42,0.9766
5,A Border Collie running with a blurred background,24,0.75,43,0.9714
5,A Border Collie running with a blurred background,24,0.75,44,0.9717
5,A Border Collie running with a blurred background,24,0.75,45,0.9691
5,A Border Collie running with a blurred background,24,0.75,46,0.9654
5,A Border Collie running with a blurred background,24,0.8125,42,0.8935
5,A Border Collie running with a blurred background,24,0.8125,43,0.8717
5,A Border Collie running with a blurred background,24,0.8125,44,0.8776
5,A Border Collie running with a blurred background,24,0.8125,45,0.8752
5,A Border Collie running with a blurred background,24,0.8125,46,0.8538
5,A Border Collie running with a blurred background,24,0.875,42,0.6554
5,A Border Collie running with a blurred background,24,0.875,43,0.6489
5,A Border Collie running with a blurred background,24,0.875,44,0.6691
5,A Border Collie running with a blurred background,24,0.875,45,0.6739
5,A Border Collie running with a blurred background,24,0.875,46,0.6349
5,A Border Collie running with a blurred background,26,0.0,42,0.9997
5,A Border Collie running with a blurred background,26,0.0,43,0.9997
5,A Border Collie running with a blurred background,26,0.0,44,0.9998
5,A Border Collie running with a blurred background,26,0.0,45,0.9997
5,A Border Collie running with a blurred background,26,0.0,46,0.9997
5,A Border Collie running with a blurred background,26,0.25,42,0.9997
5,A Border Collie running with a blurred background,26,0.25,43,0.9997
5,A Border Collie running with a blurred background,26,0.25,44,0.9997
5,A Border Collie running with a blurred background,26,0.25,45,0.9997
5,A Border Collie running with a blurred background,26,0.25,46,0.9997
5,A Border Collie running with a blurred background,26,0.375,42,0.9995
5,A Border Collie running with a blurred background,26,0.375,43,0.9995
5,A Border Collie running with a blurred background,26,0.375,44,0.9995
5,A Border Collie running with a blurred background,26,0.375,45,0.9995
5,A Border Collie running with a blurred background,26,0.375,46,0.9995
5,A Border Collie running with a blurred background,26,0.5,42,0.9984
5,A Border Collie running with a blurred background,26,0.5,43,0.9984
5,A Border Collie running with a blurred background,26,0.5,44,0.9985
5,A Border Collie running with a blurred background,26,0.5,45,0.9984
5,A Border Collie running with a blurred background,26,0.5,46,0.9984
5,A Border Collie running with a blurred background,26,0.625,42,0.9948
5,A Border Collie running with a blurred background,26,0.625,43,0.9932
5,A Border Collie running with a blurred background,26,0.625,44,0.9943
5,A Border Collie running with a blurred background,26,0.625,45,0.9937
5,A Border Collie running with a blurred background,26,0.625,46,0.993
5,A Border Collie running with a blurred background,26,0.6875,42,0.9867
5,A Border Collie running with a blurred background,26,0.6875,43,0.9808
5,A Border Collie running with a blurred background,26,0.6875,44,0.9844
5,A Border Collie running with a blurred background,26,0.6875,45,0.9827
5,A Border Collie running with a blurred background,26,0.6875,46,0.9798
5,A Border Collie running with a blurred background,26,0.75,42,0.9583
5,A Border Collie running with a blurred background,26,0.75,43,0.9461
5,A Border Collie running with a blurred background,26,0.75,44,0.9518
5,A Border Collie running with a blurred background,26,0.75,45,0.949
5,A Border Collie running with a blurred background,26,0.75,46,0.9409
5,A Border Collie running with a blurred background,26,0.8125,42,0.8783
5,A Border Collie running with a blurred background,26,0.8125,43,0.8641
5,A Border Collie running with a blurred background,26,0.8125,44,0.8609
5,A Border Collie running with a blurred background,26,0.8125,45,0.8751
5,A Border Collie running with a blurred background,26,0.8125,46,0.851
5,A Border Collie running with a blurred background,26,0.875,42,0.7161
5,A Border Collie running with a blurred background,26,0.875,43,0.7152
5,A Border Collie running with a blurred background,26,0.875,44,0.698
5,A Border Collie running with a blurred background,26,0.875,45,0.7452
5,A Border Collie running with a blurred background,26,0.875,46,0.719
6,A black-and-white portrait of a Persian cat showing fur texture,2,0.0,42,0.9974
6,A black-and-white portrait of a Persian cat showing fur texture,2,0.0,43,0.9981
6,A black-and-white portrait of a Persian cat showing fur texture,2,0.0,44,0.9979
6,A black-and-white portrait of a Persian cat showing fur texture,2,0.0,45,0.9985
6,A black-and-white portrait of a Persian cat showing fur texture,2,0.0,46,0.997
6,A black-and-white portrait of a Persian cat showing fur texture,2,0.25,42,0.9971
6,A black-and-white portrait of a Persian cat showing fur texture,2,0.25,43,0.9977
6,A black-and-white portrait of a Persian cat showing fur texture,2,0.25,44,0.9981
6,A black-and-white portrait of a Persian cat showing fur texture,2,0.25,45,0.9987
6,A black-and-white portrait of a Persian cat showing fur texture,2,0.25,46,0.9974
6,A black-and-white portrait of a Persian cat showing fur texture,2,0.375,42,0.9967
6,A black-and-white portrait of a Persian cat showing fur texture,2,0.375,43,0.9979
6,A black-and-white portrait of a Persian cat showing fur texture,2,0.375,44,0.9978
6,A black-and-white portrait of a Persian cat showing fur texture,2,0.375,45,0.9983
6,A black-and-white portrait of a Persian cat showing fur texture,2,0.375,46,0.9972
6,A black-and-white portrait of a Persian cat showing fur texture,2,0.5,42,0.9956
6,A black-and-white portrait of a Persian cat showing fur texture,2,0.5,43,0.9968
6,A black-and-white portrait of a Persian cat showing fur texture,2,0.5,44,0.9973
6,A black-and-white portrait of a Persian cat showing fur texture,2,0.5,45,0.9978
6,A black-and-white portrait of a Persian cat showing fur texture,2,0.5,46,0.9965
6,A black-and-white portrait of a Persian cat showing fur texture,2,0.625,42,0.99
6,A black-and-white portrait of a Persian cat showing fur texture,2,0.625,43,0.9883
6,A black-and-white portrait of a Persian cat showing fur texture,2,0.625,44,0.9873
6,A black-and-white portrait of a Persian cat showing fur texture,2,0.625,45,0.9951
6,A black-and-white portrait of a Persian cat showing fur texture,2,0.625,46,0.9911
6,A black-and-white portrait of a Persian cat showing fur texture,2,0.6875,42,0.9567
6,A black-and-white portrait of a Persian cat showing fur texture,2,0.6875,43,0.9683
6,A black-and-white portrait of a Persian cat showing fur texture,2,0.6875,44,0.9733
6,A black-and-white portrait of a Persian cat showing fur texture,2,0.6875,45,0.984
6,A black-and-white portrait of a Persian cat showing fur texture,2,0.6875,46,0.9748
6,A black-and-white portrait of a Persian cat showing fur texture,2,0.75,42,0.9046
6,A black-and-white portrait of a Persian cat showing fur texture,2,0.75,43,0.9444
6,A black-and-white portrait of a Persian cat showing fur texture,2,0.75,44,0.9393
6,A black-and-white portrait of a Persian cat showing fur texture,2,0.75,45,0.9464
6,A black-and-white portrait of a Persian cat showing fur texture,2,0.75,46,0.9137
6,A black-and-white portrait of a Persian cat showing fur texture,2,0.8125,42,0.5095
6,A black-and-white portrait of a Persian cat showing fur texture,2,0.8125,43,0.7416
6,A black-and-white portrait of a Persian cat showing fur texture,2,0.8125,44,0.7385
6,A black-and-white portrait of a Persian cat showing fur texture,2,0.8125,45,0.7516
6,A black-and-white portrait of a Persian cat showing fur texture,2,0.8125,46,0.6674
6,A black-and-white portrait of a Persian cat showing fur texture,2,0.875,42,0.12
6,A black-and-white portrait of a Persian cat showing fur texture,2,0.875,43,0.2112
6,A black-and-white portrait of a Persian cat showing fur texture,2,0.875,44,0.2788
6,A black-and-white portrait of a Persian cat showing fur texture,2,0.875,45,0.3248
6,A black-and-white portrait of a Persian cat showing fur texture,2,0.875,46,0.2724
6,A black-and-white portrait of a Persian cat showing fur texture,4,0.0,42,0.997
6,A black-and-white portrait of a Persian cat showing fur texture,4,0.0,43,0.9984
6,A black-and-white portrait of a Persian cat showing fur texture,4,0.0,44,0.9987
6,A black-and-white portrait of a Persian cat showing fur texture,4,0.0,45,0.9986
6,A black-and-white portrait of a Persian cat showing fur texture,4,0.0,46,0.9977
6,A black-and-white portrait of a Persian cat showing fur texture,4,0.25,42,0.9974
6,A black-and-white portrait of a Persian cat showing fur texture,4,0.25,43,0.9982
6,A black-and-white portrait of a Persian cat showing fur texture,4,0.25,44,0.9987
6,A black-and-white portrait of a Persian cat showing fur texture,4,0.25,45,0.9986
6,A black-and-white portrait of a Persian cat showing fur texture,4,0.25,46,0.9973
6,A black-and-white portrait of a Persian cat showing fur texture,4,0.375,42,0.9966
6,A black-and-white portrait of a Persian cat showing fur texture,4,0.375,43,0.9983
6,A black-and-white portrait of a Persian cat showing fur texture,4,0.375,44,0.9986
6,A black-and-white portrait of a Persian cat showing fur texture,4,0.375,45,0.9987
6,A black-and-white portrait of a Persian cat showing fur texture,4,0.375,46,0.9973
6,A black-and-white portrait of a Persian cat showing fur texture,4,0.5,42,0.9963
6,A black-and-white portrait of a Persian cat showing fur texture,4,0.5,43,0.9978
6,A black-and-white portrait of a Persian cat showing fur texture,4,0.5,44,0.998
6,A black-and-white portrait of a Persian cat showing fur texture,4,0.5,45,0.998
6,A black-and-white portrait of a Persian cat showing fur texture,4,0.5,46,0.9972
6,A black-and-white portrait of a Persian cat showing fur texture,4,0.625,42,0.9897
6,A black-and-white portrait of a Persian cat showing fur texture,4,0.625,43,0.9931
6,A black-and-white portrait of a Persian cat showing fur texture,4,0.625,44,0.9951
6,A black-and-white portrait of a Persian cat showing fur texture,4,0.625,45,0.9951
6,A black-and-white portrait of a Persian cat showing fur texture,4,0.625,46,0.9934
6,A black-and-white portrait of a Persian cat showing fur texture,4,0.6875,42,0.9747
6,A black-and-white portrait of a Persian cat showing fur texture,4,0.6875,43,0.9881
6,A black-and-white portrait of a Persian cat showing fur texture,4,0.6875,44,0.9827
6,A black-and-white portrait of a Persian cat showing fur texture,4,0.6875,45,0.9862
6,A black-and-white portrait of a Persian cat showing fur texture,4,0.6875,46,0.982
6,A black-and-white portrait of a Persian cat showing fur texture,4,0.75,42,0.9112
6,A black-and-white portrait of a Persian cat showing fur texture,4,0.75,43,0.958
6,A black-and-white portrait of a Persian cat showing fur texture,4,0.75,44,0.9487
6,A black-and-white portrait of a Persian cat showing fur texture,4,0.75,45,0.9534
6,A black-and-white portrait of a Persian cat showing fur texture,4,0.75,46,0.9332
6,A black-and-white portrait of a Persian cat showing fur texture,4,0.8125,42,0.525
6,A black-and-white portrait of a Persian cat showing fur texture,4,0.8125,43,0.7565
6,A black-and-white portrait of a Persian cat showing fur texture,4,0.8125,44,0.7737
6,A black-and-white portrait of a Persian cat showing fur texture,4,0.8125,45,0.7811
6,A black-and-white portrait of a Persian cat showing fur texture,4,0.8125,46,0.7649
6,A black-and-white portrait of a Persian cat showing fur texture,4,0.875,42,0.1266
6,A black-and-white portrait of a Persian cat showing fur texture,4,0.875,43,0.2452
6,A black-and-white portrait of a Persian cat showing fur texture,4,0.875,44,0.3191
6,A black-and-white portrait of a Persian cat showing fur texture,4,0.875,45,0.3105
6,A black-and-white portrait of a Persian cat showing fur texture,4,0.875,46,0.2843
6,A black-and-white portrait of a Persian cat showing fur texture,6,0.0,42,0.9974
6,A black-and-white portrait of a Persian cat showing fur texture,6,0.0,43,0.9984
6,A black-and-white portrait of a Persian cat showing fur texture,6,0.0,44,0.9987
6,A black-and-white portrait of a Persian cat showing fur texture,6,0.0,45,0.9987
6,A black-and-white portrait of a Persian cat showing fur texture,6,0.0,46,0.9975
6,A black-and-white portrait of a Persian cat showing fur texture,6,0.25,42,0.9972
6,A black-and-white portrait of a Persian cat showing fur texture,6,0.25,43,0.9984
6,A black-and-white portrait of a Persian cat showing fur texture,6,0.25,44,0.9988
6,A black-and-white portrait of a Persian cat showing fur texture,6,0.25,45,0.9986
6,A black-and-white portrait of a Persian cat showing fur texture,6,0.25,46,0.9976
6,A black-and-white portrait of a Persian cat showing fur texture,6,0.375,42,0.9973
6,A black-and-white portrait of a Persian cat showing fur texture,6,0.375,43,0.9985
6,A black-and-white portrait of a Persian cat showing fur texture,6,0.375,44,0.9987
6,A black-and-white portrait of a Persian cat showing fur texture,6,0.375,45,0.9986
6,A black-and-white portrait of a Persian cat showing fur texture,6,0.375,46,0.9976
6,A black-and-white portrait of a Persian cat showing fur texture,6,0.5,42,0.9965
6,A black-and-white portrait of a Persian cat showing fur texture,6,0.5,43,0.9981
6,A black-and-white portrait of a Persian cat showing fur texture,6,0.5,44,0.9985
6,A black-and-white portrait of a Persian cat showing fur texture,6,0.5,45,0.9985
6,A black-and-white portrait of a Persian cat showing fur texture,6,0.5,46,0.9966
6,A black-and-white portrait of a Persian cat showing fur texture,6,0.625,42,0.9915
6,A black-and-white portrait of a Persian cat showing fur texture,6,0.625,43,0.9957
6,A black-and-white portrait of a Persian cat showing fur texture,6,0.625,44,0.9962
6,A black-and-white portrait of a Persian cat showing fur texture,6,0.625,45,0.9953
6,A black-and-white portrait of a Persian cat showing fur texture,6,0.625,46,0.9936
6,A black-and-white portrait of a Persian cat showing fur texture,6,0.6875,42,0.9779
6,A black-and-white portrait of a Persian cat showing fur texture,6,0.6875,43,0.9883
6,A black-and-white portrait of a Persian cat showing fur texture,6,0.6875,44,0.9865
6,A black-and-white portrait of a Persian cat showing fur texture,6,0.6875,45,0.9875
6,A black-and-white portrait of a Persian cat showing fur texture,6,0.6875,46,0.9844
6,A black-and-white portrait of a Persian cat showing fur texture,6,0.75,42,0.9201
6,A black-and-white portrait of a Persian cat showing fur texture,6,0.75,43,0.9595
6,A black-and-white portrait of a Persian cat showing fur texture,6,0.75,44,0.9494
6,A black-and-white portrait of a Persian cat showing fur texture,6,0.75,45,0.9571
6,A black-and-white portrait of a Persian cat showing fur texture,6,0.75,46,0.9455
6,A black-and-white portrait of a Persian cat showing fur texture,6,0.8125,42,0.5942
6,A black-and-white portrait of a Persian cat showing fur texture,6,0.8125,43,0.7999
6,A black-and-white portrait of a Persian cat showing fur texture,6,0.8125,44,0.7828
6,A black-and-white portrait of a Persian cat showing fur texture,6,0.8125,45,0.7812
6,A black-and-white portrait of a Persian cat showing fur texture,6,0.8125,46,0.7588
6,A black-and-white portrait of a Persian cat showing fur texture,6,0.875,42,0.1535
6,A black-and-white portrait of a Persian cat showing fur texture,6,0.875,43,0.2423
6,A black-and-white portrait of a Persian cat showing fur texture,6,0.875,44,0.3022
6,A black-and-white portrait of a Persian cat showing fur texture,6,0.875,45,0.3177
6,A black-and-white portrait of a Persian cat showing fur texture,6,0.875,46,0.3256
6,A black-and-white portrait of a Persian cat showing fur texture,8,0.0,42,0.9976
6,A black-and-white portrait of a Persian cat showing fur texture,8,0.0,43,0.9986
6,A black-and-white portrait of a Persian cat showing fur texture,8,0.0,44,0.9988
6,A black-and-white portrait of a Persian cat showing fur texture,8,0.0,45,0.9988
6,A black-and-white portrait of a Persian cat showing fur texture,8,0.0,46,0.9973
6,A black-and-white portrait of a Persian cat showing fur texture,8,0.25,42,0.9972
6,A black-and-white portrait of a Persian cat showing fur texture,8,0.25,43,0.9985
6,A black-and-white portrait of a Persian cat showing fur texture,8,0.25,44,0.9987
6,A black-and-white portrait of a Persian cat showing fur texture,8,0.25,45,0.9987
6,A black-and-white portrait of a Persian cat showing fur texture,8,0.25,46,0.9972
6,A black-and-white portrait of a Persian cat showing fur texture,8,0.375,42,0.9976
6,A black-and-white portrait of a Persian cat showing fur texture,8,0.375,43,0.9986
6,A black-and-white portrait of a Persian cat showing fur texture,8,0.375,44,0.9988
6,A black-and-white portrait of a Persian cat showing fur texture,8,0.375,45,0.9987
6,A black-and-white portrait of a Persian cat showing fur texture,8,0.375,46,0.9976
6,A black-and-white portrait of a Persian cat showing fur texture,8,0.5,42,0.9971
6,A black-and-white portrait of a Persian cat showing fur texture,8,0.5,43,0.9983
6,A black-and-white portrait of a Persian cat showing fur texture,8,0.5,44,0.9985
6,A black-and-white portrait of a Persian cat showing fur texture,8,0.5,45,0.9986
6,A black-and-white portrait of a Persian cat showing fur texture,8,0.5,46,0.9971
6,A black-and-white portrait of a Persian cat showing fur texture,8,0.625,42,0.9921
6,A black-and-white portrait of a Persian cat showing fur texture,8,0.625,43,0.9962
6,A black-and-white portrait of a Persian cat showing fur texture,8,0.625,44,0.9954
6,A black-and-white portrait of a Persian cat showing fur texture,8,0.625,45,0.9953
6,A black-and-white portrait of a Persian cat showing fur texture,8,0.625,46,0.9944
6,A black-and-white portrait of a Persian cat showing fur texture,8,0.6875,42,0.9799
6,A black-and-white portrait of a Persian cat showing fur texture,8,0.6875,43,0.9911
6,A black-and-white portrait of a Persian cat showing fur texture,8,0.6875,44,0.9897
6,A black-and-white portrait of a Persian cat showing fur texture,8,0.6875,45,0.9904
6,A black-and-white portrait of a Persian cat showing fur texture,8,0.6875,46,0.9865
6,A black-and-white portrait of a Persian cat showing fur texture,8,0.75,42,0.9196
6,A black-and-white portrait of a Persian cat showing fur texture,8,0.75,43,0.966
6,A black-and-white portrait of a Persian cat showing fur texture,8,0.75,44,0.9603
6,A black-and-white portrait of a Persian cat showing fur texture,8,0.75,45,0.9619
6,A black-and-white portrait of a Persian cat showing fur texture,8,0.75,46,0.9539
6,A black-and-white portrait of a Persian cat showing fur texture,8,0.8125,42,0.5955
6,A black-and-white portrait of a Persian cat showing fur texture,8,0.8125,43,0.8111
6,A black-and-white portrait of a Persian cat showing fur texture,8,0.8125,44,0.8004
6,A black-and-white portrait of a Persian cat showing fur texture,8,0.8125,45,0.8021
6,A black-and-white portrait of a Persian cat showing fur texture,8,0.8125,46,0.7785
6,A black-and-white portrait of a Persian cat showing fur texture,8,0.875,42,0.1593
6,A black-and-white portrait of a Persian cat showing fur texture,8,0.875,43,0.2636
6,A black-and-white portrait of a Persian cat showing fur texture,8,0.875,44,0.3303
6,A black-and-white portrait of a Persian cat showing fur texture,8,0.875,45,0.352
6,A black-and-white portrait of a Persian cat showing fur texture,8,0.875,46,0.3546
6,A black-and-white portrait of a Persian cat showing fur texture,10,0.0,42,0.9976
6,A black-and-white portrait of a Persian cat showing fur texture,10,0.0,43,0.9986
6,A black-and-white portrait of a Persian cat showing fur texture,10,0.0,44,0.9988
6,A black-and-white portrait of a Persian cat showing fur texture,10,0.0,45,0.9989
6,A black-and-white portrait of a Persian cat showing fur texture,10,0.0,46,0.9975
6,A black-and-white portrait of a Persian cat showing fur texture,10,0.25,42,0.9974
6,A black-and-white portrait of a Persian cat showing fur texture,10,0.25,43,0.9985
6,A black-and-white portrait of a Persian cat showing fur texture,10,0.25,44,0.9989
6,A black-and-white portrait of a Persian cat showing fur texture,10,0.25,45,0.9989
6,A black-and-white portrait of a Persian cat showing fur texture,10,0.25,46,0.9977
6,A black-and-white portrait of a Persian cat showing fur texture,10,0.375,42,0.9974
6,A black-and-white portrait of a Persian cat showing fur texture,10,0.375,43,0.9985
6,A black-and-white portrait of a Persian cat showing fur texture,10,0.375,44,0.9988
6,A black-and-white portrait of a Persian cat showing fur texture,10,0.375,45,0.9988
6,A black-and-white portrait of a Persian cat showing fur texture,10,0.375,46,0.9976
6,A black-and-white portrait of a Persian cat showing fur texture,10,0.5,42,0.9971
6,A black-and-white portrait of a Persian cat showing fur texture,10,0.5,43,0.9985
6,A black-and-white portrait of a Persian cat showing fur texture,10,0.5,44,0.9986
6,A black-and-white portrait of a Persian cat showing fur texture,10,0.5,45,0.9987
6,A black-and-white portrait of a Persian cat showing fur texture,10,0.5,46,0.9972
6,A black-and-white portrait of a Persian cat showing fur texture,10,0.625,42,0.9926
6,A black-and-white portrait of a Persian cat showing fur texture,10,0.625,43,0.9963
6,A black-and-white portrait of a Persian cat showing fur texture,10,0.625,44,0.9967
6,A black-and-white portrait of a Persian cat showing fur texture,10,0.625,45,0.9962
6,A black-and-white portrait of a Persian cat showing fur texture,10,0.625,46,0.995
6,A black-and-white portrait of a Persian cat showing fur texture,10,0.6875,42,0.9821
6,A black-and-white portrait of a Persian cat showing fur texture,10,0.6875,43,0.9916
6,A black-and-white portrait of a Persian cat showing fur texture,10,0.6875,44,0.9911
6,A black-and-white portrait of a Persian cat showing fur texture,10,0.6875,45,0.9904
6,A black-and-white portrait of a Persian cat showing fur texture,10,0.6875,46,0.9882
6,A black-and-white portrait of a Persian cat showing fur texture,10,0.75,42,0.9258
6,A black-and-white portrait of a Persian cat showing fur texture,10,0.75,43,0.9656
6,A black-and-white portrait of a Persian cat showing fur texture,10,0.75,44,0.9651
6,A black-and-white portrait of a Persian cat showing fur texture,10,0.75,45,0.9657
6,A black-and-white portrait of a Persian cat showing fur texture,10,0.75,46,0.9585
6,A black-and-white portrait of a Persian cat showing fur texture,10,0.8125,42,0.6131
6,A black-and-white portrait of a Persian cat showing fur texture,10,0.8125,43,0.8239
6,A black-and-white portrait of a Persian cat showing fur texture,10,0.8125,44,0.8265
6,A black-and-white portrait of a Persian cat showing fur texture,10,0.8125,45,0.806
6,A black-and-white portrait of a Persian cat showing fur texture,10,0.8125,46,0.8088
6,A black-and-white portrait of a Persian cat showing fur texture,10,0.875,42,0.1715
6,A black-and-white portrait of a Persian cat showing fur texture,10,0.875,43,0.2978
6,A black-and-white portrait of a Persian cat showing fur texture,10,0.875,44,0.3505
6,A black-and-white portrait of a Persian cat showing fur texture,10,0.875,45,0.3657
6,A black-and-white portrait of a Persian cat showing fur texture,10,0.875,46,0.3982
6,A black-and-white portrait of a Persian cat showing fur texture,12,0.0,42,0.9978
6,A black-and-white portrait of a Persian cat showing fur texture,12,0.0,43,0.9987
6,A black-and-white portrait of a Persian cat showing fur texture,12,0.0,44,0.9989
6,A black-and-white portrait of a Persian cat showing fur texture,12,0.0,45,0.9989
6,A black-and-white portrait of a Persian cat showing fur texture,12,0.0,46,0.9977
6,A black-and-white portrait of a Persian cat showing fur texture,12,0.25,42,0.9977
6,A black-and-white portrait of a Persian cat showing fur texture,12,0.25,43,0.9987
6,A black-and-white portrait of a Persian cat showing fur texture,12,0.25,44,0.9989
6,A black-and-white portrait of a Persian cat showing fur texture,12,0.25,45,0.999
6,A black-and-white portrait of a Persian cat showing fur texture,12,0.25,46,0.9977
6,A black-and-white portrait of a Persian cat showing fur texture,12,0.375,42,0.9974
6,A black-and-white portrait of a Persian cat showing fur texture,12,0.375,43,0.9987
6,A black-and-white portrait of a Persian cat showing fur texture,12,0.375,44,0.9989
6,A black-and-white portrait of a Persian cat showing fur texture,12,0.375,45,0.9989
6,A black-and-white portrait of a Persian cat showing fur texture,12,0.375,46,0.9977
6,A black-and-white portrait of a Persian cat showing fur texture,12,0.5,42,0.997
6,A black-and-white portrait of a Persian cat showing fur texture,12,0.5,43,0.9984
6,A black-and-white portrait of a Persian cat showing fur texture,12,0.5,44,0.9987
6,A black-and-white portrait of a Persian cat showing fur texture,12,0.5,45,0.9987
6,A black-and-white portrait of a Persian cat showing fur texture,12,0.5,46,0.9974
6,A black-and-white portrait of a Persian cat showing fur texture,12,0.625,42,0.9927
6,A black-and-white portrait of a Persian cat showing fur texture,12,0.625,43,0.9969
6,A black-and-white portrait of a Persian cat showing fur texture,12,0.625,44,0.9968
6,A black-and-white portrait of a Persian cat showing fur texture,12,0.625,45,0.9967
6,A black-and-white portrait of a Persian cat showing fur texture,12,0.625,46,0.9953
6,A black-and-white portrait of a Persian cat showing fur texture,12,0.6875,42,0.9816
6,A black-and-white portrait of a Persian cat showing fur texture,12,0.6875,43,0.9923
6,A black-and-white portrait of a Persian cat showing fur texture,12,0.6875,44,0.991
6,A black-and-white portrait of a Persian cat showing fur texture,12,0.6875,45,0.9906
6,A black-and-white portrait of a Persian cat showing fur texture,12,0.6875,46,0.9891
6,A black-and-white portrait of a Persian cat showing fur texture,12,0.75,42,0.921
6,A black-and-white portrait of a Persian cat showing fur texture,12,0.75,43,0.971
6,A black-and-white portrait of a Persian cat showing fur texture,12,0.75,44,0.9664
6,A black-and-white portrait of a Persian cat showing fur texture,12,0.75,45,0.9623
6,A black-and-white portrait of a Persian cat showing fur texture,12,0.75,46,0.963
6,A black-and-white portrait of a Persian cat showing fur texture,12,0.8125,42,0.6186
6,A black-and-white portrait of a Persian cat showing fur texture,12,0.8125,43,0.8531
6,A black-and-white portrait of a Persian cat showing fur texture,12,0.8125,44,0.8461
6,A black-and-white portrait of a Persian cat showing fur texture,12,0.8125,45,0.8101
6,A black-and-white portrait of a Persian cat showing fur texture,12,0.8125,46,0.816
6,A black-and-white portrait of a Persian cat showing fur texture,12,0.875,42,0.1881
6,A black-and-white portrait of a Persian cat showing fur texture,12,0.875,43,0.3462
6,A black-and-white portrait of a Persian cat showing fur texture,12,0.875,44,0.412
6,A black-and-white portrait of a Persian cat showing fur texture,12,0.875,45,0.4254
6,A black-and-white portrait of a Persian cat showing fur texture,12,0.875,46,0.4277
6,A black-and-white portrait of a Persian cat showing fur texture,14,0.0,42,0.9977
6,A black-and-white portrait of a Persian cat showing fur texture,14,0.0,43,0.9987
6,A black-and-white portrait of a Persian cat showing fur texture,14,0.0,44,0.999
6,A black-and-white portrait of a Persian cat showing fur texture,14,0.0,45,0.999
6,A black-and-white portrait of a Persian cat showing fur texture,14,0.0,46,0.9979
6,A black-and-white portrait of a Persian cat showing fur texture,14,0.25,42,0.9977
6,A black-and-white portrait of a Persian cat showing fur texture,14,0.25,43,0.9988
6,A black-and-white portrait of a Persian cat showing fur texture,14,0.25,44,0.9989
6,A black-and-white portrait of a Persian cat showing fur texture,14,0.25,45,0.999
6,A black-and-white portrait of a Persian cat showing fur texture,14,0.25,46,0.9977
6,A black-and-white portrait of a Persian cat showing fur texture,14,0.375,42,0.9977
6,A black-and-white portrait of a Persian cat showing fur texture,14,0.375,43,0.9987
6,A black-and-white portrait of a Persian cat showing fur texture,14,0.375,44,0.9989
6,A black-and-white portrait of a Persian cat showing fur texture,14,0.375,45,0.9989
6,A black-and-white portrait of a Persian cat showing fur texture,14,0.375,46,0.9978
6,A black-and-white portrait of a Persian cat showing fur texture,14,0.5,42,0.9973
6,A black-and-white portrait of a Persian cat showing fur texture,14,0.5,43,0.9985
6,A black-and-white portrait of a Persian cat showing fur texture,14,0.5,44,0.9988
6,A black-and-white portrait of a Persian cat showing fur texture,14,0.5,45,0.9988
6,A black-and-white portrait of a Persian cat showing fur texture,14,0.5,46,0.9975
6,A black-and-white portrait of a Persian cat showing fur texture,14,0.625,42,0.9931
6,A black-and-white portrait of a Persian cat showing fur texture,14,0.625,43,0.997
6,A black-and-white portrait of a Persian cat showing fur texture,14,0.625,44,0.9969
6,A black-and-white portrait of a Persian cat showing fur texture,14,0.625,45,0.9968
6,A black-and-white portrait of a Persian cat showing fur texture,14,0.625,46,0.9947
6,A black-and-white portrait of a Persian cat showing fur texture,14,0.6875,42,0.9788
6,A black-and-white portrait of a Persian cat showing fur texture,14,0.6875,43,0.9931
6,A black-and-white portrait of a Persian cat showing fur texture,14,0.6875,44,0.992
6,A black-and-white portrait of a Persian cat showing fur texture,14,0.6875,45,0.9909
6,A black-and-white portrait of a Persian cat showing fur texture,14,0.6875,46,0.9907
6,A black-and-white portrait of a Persian cat showing fur texture,14,0.75,42,0.9277
6,A black-and-white portrait of a Persian cat showing fur texture,14,0.75,43,0.9752
6,A black-and-white portrait of a Persian cat showing fur texture,14,0.75,44,0.969
6,A black-and-white portrait of a Persian cat showing fur texture,14,0.75,45,0.9617
6,A black-and-white portrait of a Persian cat showing fur texture,14,0.75,46,0.9673
6,A black-and-white portrait of a Persian cat showing fur texture,14,0.8125,42,0.6181
6,A black-and-white portrait of a Persian cat showing fur texture,14,0.8125,43,0.8686
6,A black-and-white portrait of a Persian cat showing fur texture,14,0.8125,44,0.8487
6,A black-and-white portrait of a Persian cat showing fur texture,14,0.8125,45,0.7987
6,A black-and-white portrait of a Persian cat showing fur texture,14,0.8125,46,0.826
6,A black-and-white portrait of a Persian cat showing fur texture,14,0.875,42,0.2086
6,A black-and-white portrait of a Persian cat showing fur texture,14,0.875,43,0.4237
6,A black-and-white portrait of a Persian cat showing fur texture,14,0.875,44,0.4562
6,A black-and-white portrait of a Persian cat showing fur texture,14,0.875,45,0.4717
6,A black-and-white portrait of a Persian cat showing fur texture,14,0.875,46,0.4639
6,A black-and-white portrait of a Persian cat showing fur texture,16,0.0,42,0.9981
6,A black-and-white portrait of a Persian cat showing fur texture,16,0.0,43,0.9988
6,A black-and-white portrait of a Persian cat showing fur texture,16,0.0,44,0.999
6,A black-and-white portrait of a Persian cat showing fur texture,16,0.0,45,0.999
6,A black-and-white portrait of a Persian cat showing fur texture,16,0.0,46,0.9978
6,A black-and-white portrait of a Persian cat showing fur texture,16,0.25,42,0.9981
6,A black-and-white portrait of a Persian cat showing fur texture,16,0.25,43,0.9988
6,A black-and-white portrait of a Persian cat showing fur texture,16,0.25,44,0.999
6,A black-and-white portrait of a Persian cat showing fur texture,16,0.25,45,0.999
6,A black-and-white portrait of a Persian cat showing fur texture,16,0.25,46,0.9978
6,A black-and-white portrait of a Persian cat showing fur texture,16,0.375,42,0.9978
6,A black-and-white portrait of a Persian cat showing fur texture,16,0.375,43,0.9988
6,A black-and-white portrait of a Persian cat showing fur texture,16,0.375,44,0.999
6,A black-and-white portrait of a Persian cat showing fur texture,16,0.375,45,0.999
6,A black-and-white portrait of a Persian cat showing fur texture,16,0.375,46,0.9975
6,A black-and-white portrait of a Persian cat showing fur texture,16,0.5,42,0.9976
6,A black-and-white portrait of a Persian cat showing fur texture,16,0.5,43,0.9986
6,A black-and-white portrait of a Persian cat showing fur texture,16,0.5,44,0.9988
6,A black-and-white portrait of a Persian cat showing fur texture,16,0.5,45,0.9988
6,A black-and-white portrait of a Persian cat showing fur texture,16,0.5,46,0.9977
6,A black-and-white portrait of a Persian cat showing fur texture,16,0.625,42,0.9936
6,A black-and-white portrait of a Persian cat showing fur texture,16,0.625,43,0.997
6,A black-and-white portrait of a Persian cat showing fur texture,16,0.625,44,0.9972
6,A black-and-white portrait of a Persian cat showing fur texture,16,0.625,45,0.9967
6,A black-and-white portrait of a Persian cat showing fur texture,16,0.625,46,0.9959
6,A black-and-white portrait of a Persian cat showing fur texture,16,0.6875,42,0.9794
6,A black-and-white portrait of a Persian cat showing fur texture,16,0.6875,43,0.9936
6,A black-and-white portrait of a Persian cat showing fur texture,16,0.6875,44,0.9925
6,A black-and-white portrait of a Persian cat showing fur texture,16,0.6875,45,0.9905
6,A black-and-white portrait of a Persian cat showing fur texture,16,0.6875,46,0.9911
6,A black-and-white portrait of a Persian cat showing fur texture,16,0.75,42,0.9327
6,A black-and-white portrait of a Persian cat showing fur texture,16,0.75,43,0.9783
6,A black-and-white portrait of a Persian cat showing fur texture,16,0.75,44,0.9715
6,A black-and-white portrait of a Persian cat showing fur texture,16,0.75,45,0.9632
6,A black-and-white portrait of a Persian cat showing fur texture,16,0.75,46,0.9695
6,A black-and-white portrait of a Persian cat showing fur texture,16,0.8125,42,0.6102
6,A black-and-white portrait of a Persian cat showing fur texture,16,0.8125,43,0.8801
6,A black-and-white portrait of a Persian cat showing fur texture,16,0.8125,44,0.8592
6,A black-and-white portrait of a Persian cat showing fur texture,16,0.8125,45,0.7865
6,A black-and-white portrait of a Persian cat showing fur texture,16,0.8125,46,0.8425
6,A black-and-white portrait of a Persian cat showing fur texture,16,0.875,42,0.2392
6,A black-and-white portrait of a Persian cat showing fur texture,16,0.875,43,0.4837
6,A black-and-white portrait of a Persian cat showing fur texture,16,0.875,44,0.5094
6,A black-and-white portrait of a Persian cat showing fur texture,16,0.875,45,0.5032
6,A black-and-white portrait of a Persian cat showing fur texture,16,0.875,46,0.5164
6,A black-and-white portrait of a Persian cat showing fur texture,18,0.0,42,0.9981
6,A black-and-white portrait of a Persian cat showing fur texture,18,0.0,43,0.9989
6,A black-and-white portrait of a Persian cat showing fur texture,18,0.0,44,0.9991
6,A black-and-white portrait of a Persian cat showing fur texture,18,0.0,45,0.9991
6,A black-and-white portrait of a Persian cat showing fur texture,18,0.0,46,0.9979
6,A black-and-white portrait of a Persian cat showing fur texture,18,0.25,42,0.9978
6,A black-and-white portrait of a Persian cat showing fur texture,18,0.25,43,0.9989
6,A black-and-white portrait of a Persian cat showing fur texture,18,0.25,44,0.999
6,A black-and-white portrait of a Persian cat showing fur texture,18,0.25,45,0.9991
6,A black-and-white portrait of a Persian cat showing fur texture,18,0.25,46,0.9978
6,A black-and-white portrait of a Persian cat showing fur texture,18,0.375,42,0.9979
6,A black-and-white portrait of a Persian cat showing fur texture,18,0.375,43,0.9988
6,A black-and-white portrait of a Persian cat showing fur texture,18,0.375,44,0.999
6,A black-and-white portrait of a Persian cat showing fur texture,18,0.375,45,0.999
6,A black-and-white portrait of a Persian cat showing fur texture,18,0.375,46,0.9978
6,A black-and-white portrait of a Persian cat showing fur texture,18,0.5,42,0.9977
6,A black-and-white portrait of a Persian cat showing fur texture,18,0.5,43,0.9986
6,A black-and-white portrait of a Persian cat showing fur texture,18,0.5,44,0.9989
6,A black-and-white portrait of a Persian cat showing fur texture,18,0.5,45,0.9988
6,A black-and-white portrait of a Persian cat showing fur texture,18,0.5,46,0.9974
6,A black-and-white portrait of a Persian cat showing fur texture,18,0.625,42,0.9934
6,A black-and-white portrait of a Persian cat showing fur texture,18,0.625,43,0.9972
6,A black-and-white portrait of a Persian cat showing fur texture,18,0.625,44,0.9972
6,A black-and-white portrait of a Persian cat showing fur texture,18,0.625,45,0.9968
6,A black-and-white portrait of a Persian cat showing fur texture,18,0.625,46,0.9959
6,A black-and-white portrait of a Persian cat showing fur texture,18,0.6875,42,0.9823
6,A black-and-white portrait of a Persian cat showing fur texture,18,0.6875,43,0.9934
6,A black-and-white portrait of a Persian cat showing fur texture,18,0.6875,44,0.9925
6,A black-and-white portrait of a Persian cat showing fur texture,18,0.6875,45,0.9901
6,A black-and-white portrait of a Persian cat showing fur texture,18,0.6875,46,0.9905
6,A black-and-white portrait of a Persian cat showing fur texture,18,0.75,42,0.9307
6,A black-and-white portrait of a Persian cat showing fur texture,18,0.75,43,0.9774
6,A black-and-white portrait of a Persian cat showing fur texture,18,0.75,44,0.9718
6,A black-and-white portrait of a Persian cat showing fur texture,18,0.75,45,0.9618
6,A black-and-white portrait of a Persian cat showing fur texture,18,0.75,46,0.9721
6,A black-and-white portrait of a Persian cat showing fur texture,18,0.8125,42,0.61
6,A black-and-white portrait of a Persian cat showing fur texture,18,0.8125,43,0.8868
6,A black-and-white portrait of a Persian cat showing fur texture,18,0.8125,44,0.8596
6,A black-and-white portrait of a Persian cat showing fur texture,18,0.8125,45,0.7877
6,A black-and-white portrait of a Persian cat showing fur texture,18,0.8125,46,0.8552
6,A black-and-white portrait of a Persian cat showing fur texture,18,0.875,42,0.2641
6,A black-and-white portrait of a Persian cat showing fur texture,18,0.875,43,0.5156
6,A black-and-white portrait of a Persian cat showing fur texture,18,0.875,44,0.5591
6,A black-and-white portrait of a Persian cat showing fur texture,18,0.875,45,0.5201
6,A black-and-white portrait of a Persian cat showing fur texture,18,0.875,46,0.5643
6,A black-and-white portrait of a Persian cat showing fur texture,20,0.0,42,0.9981
6,A black-and-white portrait of a Persian cat showing fur texture,20,0.0,43,0.999
6,A black-and-white portrait of a Persian cat showing fur texture,20,0.0,44,0.9991
6,A black-and-white portrait of a Persian cat showing fur texture,20,0.0,45,0.9991
6,A black-and-white portrait of a Persian cat showing fur texture,20,0.0,46,0.9978
6,A black-and-white portrait of a Persian cat showing fur texture,20,0.25,42,0.9981
6,A black-and-white portrait of a Persian cat showing fur texture,20,0.25,43,0.999
6,A black-and-white portrait of a Persian cat showing fur texture,20,0.25,44,0.9991
6,A black-and-white portrait of a Persian cat showing fur texture,20,0.25,45,0.9991
6,A black-and-white portrait of a Persian cat showing fur texture,20,0.25,46,0.998
6,A black-and-white portrait of a Persian cat showing fur texture,20,0.375,42,0.9981
6,A black-and-white portrait of a Persian cat showing fur texture,20,0.375,43,0.999
6,A black-and-white portrait of a Persian cat showing fur texture,20,0.375,44,0.9991
6,A black-and-white portrait of a Persian cat showing fur texture,20,0.375,45,0.9991
6,A black-and-white portrait of a Persian cat showing fur texture,20,0.375,46,0.9978
6,A black-and-white portrait of a Persian cat showing fur texture,20,0.5,42,0.9977
6,A black-and-white portrait of a Persian cat showing fur texture,20,0.5,43,0.9988
6,A black-and-white portrait of a Persian cat showing fur texture,20,0.5,44,0.9989
6,A black-and-white portrait of a Persian cat showing fur texture,20,0.5,45,0.9988
6,A black-and-white portrait of a Persian cat showing fur texture,20,0.5,46,0.9975
6,A black-and-white portrait of a Persian cat showing fur texture,20,0.625,42,0.9935
6,A black-and-white portrait of a Persian cat showing fur texture,20,0.625,43,0.9972
6,A black-and-white portrait of a Persian cat showing fur texture,20,0.625,44,0.9972
6,A black-and-white portrait of a Persian cat showing fur texture,20,0.625,45,0.9966
6,A black-and-white portrait of a Persian cat showing fur texture,20,0.625,46,0.996
6,A black-and-white portrait of a Persian cat showing fur texture,20,0.6875,42,0.9781
6,A black-and-white portrait of a Persian cat showing fur texture,20,0.6875,43,0.9931
6,A black-and-white portrait of a Persian cat showing fur texture,20,0.6875,44,0.9922
6,A black-and-white portrait of a Persian cat showing fur texture,20,0.6875,45,0.9896
6,A black-and-white portrait of a Persian cat showing fur texture,20,0.6875,46,0.9905
6,A black-and-white portrait of a Persian cat showing fur texture,20,0.75,42,0.9191
6,A black-and-white portrait of a Persian cat showing fur texture,20,0.75,43,0.9757
6,A black-and-white portrait of a Persian cat showing fur texture,20,0.75,44,0.9702
6,A black-and-white portrait of a Persian cat showing fur texture,20,0.75,45,0.9592
6,A black-and-white portrait of a Persian cat showing fur texture,20,0.75,46,0.9718
6,A black-and-white portrait of a Persian cat showing fur texture,20,0.8125,42,0.5839
6,A black-and-white portrait of a Persian cat showing fur texture,20,0.8125,43,0.8773
6,A black-and-white portrait of a Persian cat showing fur texture,20,0.8125,44,0.8602
6,A black-and-white portrait of a Persian cat showing fur texture,20,0.8125,45,0.78
6,A black-and-white portrait of a Persian cat showing fur texture,20,0.8125,46,0.8403
6,A black-and-white portrait of a Persian cat showing fur texture,20,0.875,42,0.2987
6,A black-and-white portrait of a Persian cat showing fur texture,20,0.875,43,0.5069
6,A black-and-white portrait of a Persian cat showing fur texture,20,0.875,44,0.5913
6,A black-and-white portrait of a Persian cat showing fur texture,20,0.875,45,0.5314
6,A black-and-white portrait of a Persian cat showing fur texture,20,0.875,46,0.5886
6,A black-and-white portrait of a Persian cat showing fur texture,22,0.0,42,0.9982
6,A black-and-white portrait of a Persian cat showing fur texture,22,0.0,43,0.9991
6,A black-and-white portrait of a Persian cat showing fur texture,22,0.0,44,0.9992
6,A black-and-white portrait of a Persian cat showing fur texture,22,0.0,45,0.9991
6,A black-and-white portrait of a Persian cat showing fur texture,22,0.0,46,0.998
6,A black-and-white portrait of a Persian cat showing fur texture,22,0.25,42,0.9983
6,A black-and-white portrait of a Persian cat showing fur texture,22,0.25,43,0.999
6,A black-and-white portrait of a Persian cat showing fur texture,22,0.25,44,0.9992
6,A black-and-white portrait of a Persian cat showing fur texture,22,0.25,45,0.9992
6,A black-and-white portrait of a Persian cat showing fur texture,22,0.25,46,0.9979
6,A black-and-white portrait of a Persian cat showing fur texture,22,0.375,42,0.998
6,A black-and-white portrait of a Persian cat showing fur texture,22,0.375,43,0.999
6,A black-and-white portrait of a Persian cat showing fur texture,22,0.375,44,0.9991
6,A black-and-white portrait of a Persian cat showing fur texture,22,0.375,45,0.9991
6,A black-and-white portrait of a Persian cat showing fur texture,22,0.375,46,0.9979
6,A black-and-white portrait of a Persian cat showing fur texture,22,0.5,42,0.9979
6,A black-and-white portrait of a Persian cat showing fur texture,22,0.5,43,0.9988
6,A black-and-white portrait of a Persian cat showing fur texture,22,0.5,44,0.9989
6,A black-and-white portrait of a Persian cat showing fur texture,22,0.5,45,0.9989
6,A black-and-white portrait of a Persian cat showing fur texture,22,0.5,46,0.9978
6,A black-and-white portrait of a Persian cat showing fur texture,22,0.625,42,0.9932
6,A black-and-white portrait of a Persian cat showing fur texture,22,0.625,43,0.9968
6,A black-and-white portrait of a Persian cat showing fur texture,22,0.625,44,0.9969
6,A black-and-white portrait of a Persian cat showing fur texture,22,0.625,45,0.996
6,A black-and-white portrait of a Persian cat showing fur texture,22,0.625,46,0.9956
6,A black-and-white portrait of a Persian cat showing fur texture,22,0.6875,42,0.9795
6,A black-and-white portrait of a Persian cat showing fur texture,22,0.6875,43,0.992
6,A black-and-white portrait of a Persian cat showing fur texture,22,0.6875,44,0.9909
6,A black-and-white portrait of a Persian cat showing fur texture,22,0.6875,45,0.9876
6,A black-and-white portrait of a Persian cat showing fur texture,22,0.6875,46,0.9893
6,A black-and-white portrait of a Persian cat showing fur texture,22,0.75,42,0.9273
6,A black-and-white portrait of a Persian cat showing fur texture,22,0.75,43,0.9711
6,A black-and-white portrait of a Persian cat showing fur texture,22,0.75,44,0.9667
6,A black-and-white portrait of a Persian cat showing fur texture,22,0.75,45,0.9521
6,A black-and-white portrait of a Persian cat showing fur texture,22,0.75,46,0.9631
6,A black-and-white portrait of a Persian cat showing fur texture,22,0.8125,42,0.5734
6,A black-and-white portrait of a Persian cat showing fur texture,22,0.8125,43,0.8529
6,A black-and-white portrait of a Persian cat showing fur texture,22,0.8125,44,0.8381
6,A black-and-white portrait of a Persian cat showing fur texture,22,0.8125,45,0.7693
6,A black-and-white portrait of a Persian cat showing fur texture,22,0.8125,46,0.8144
6,A black-and-white portrait of a Persian cat showing fur texture,22,0.875,42,0.3288
6,A black-and-white portrait of a Persian cat showing fur texture,22,0.875,43,0.5085
6,A black-and-white portrait of a Persian cat showing fur texture,22,0.875,44,0.594
6,A black-and-white portrait of a Persian cat showing fur texture,22,0.875,45,0.5397
6,A black-and-white portrait of a Persian cat showing fur texture,22,0.875,46,0.4945
6,A black-and-white portrait of a Persian cat showing fur texture,24,0.0,42,0.9986
6,A black-and-white portrait of a Persian cat showing fur texture,24,0.0,43,0.9992
6,A black-and-white portrait of a Persian cat showing fur texture,24,0.0,44,0.9993
6,A black-and-white portrait of a Persian cat showing fur texture,24,0.0,45,0.9993
6,A black-and-white portrait of a Persian cat showing fur texture,24,0.0,46,0.9981
6,A black-and-white portrait of a Persian cat showing fur texture,24,0.25,42,0.9987
6,A black-and-white portrait of a Persian cat showing fur texture,24,0.25,43,0.9992
6,A black-and-white portrait of a Persian cat showing fur texture,24,0.25,44,0.9993
6,A black-and-white portrait of a Persian cat showing fur texture,24,0.25,45,0.9992
6,A black-and-white portrait of a Persian cat showing fur texture,24,0.25,46,0.9981
6,A black-and-white portrait of a Persian cat showing fur texture,24,0.375,42,0.9985
6,A black-and-white portrait of a Persian cat showing fur texture,24,0.375,43,0.9991
6,A black-and-white portrait of a Persian cat showing fur texture,24,0.375,44,0.9992
6,A black-and-white portrait of a Persian cat showing fur texture,24,0.375,45,0.9992
6,A black-and-white portrait of a Persian cat showing fur texture,24,0.375,46,0.9982
6,A black-and-white portrait of a Persian cat showing fur texture,24,0.5,42,0.9981
6,A black-and-white portrait of a Persian cat showing fur texture,24,0.5,43,0.9987
6,A black-and-white portrait of a Persian cat showing fur texture,24,0.5,44,0.9989
6,A black-and-white portrait of a Persian cat showing fur texture,24,0.5,45,0.9988
6,A black-and-white portrait of a Persian cat showing fur texture,24,0.5,46,0.9977
6,A black-and-white portrait of a Persian cat showing fur texture,24,0.625,42,0.9933
6,A black-and-white portrait of a Persian cat showing fur texture,24,0.625,43,0.9958
6,A black-and-white portrait of a Persian cat showing fur texture,24,0.625,44,0.9959
6,A black-and-white portrait of a Persian cat showing fur texture,24,0.625,45,0.9948
6,A black-and-white portrait of a Persian cat showing fur texture,24,0.625,46,0.9947
6,A black-and-white portrait of a Persian cat showing fur texture,24,0.6875,42,0.9786
6,A black-and-white portrait of a Persian cat showing fur texture,24,0.6875,43,0.988
6,A black-and-white portrait of a Persian cat showing fur texture,24,0.6875,44,0.9868
6,A black-and-white portrait of a Persian cat showing fur texture,24,0.6875,45,0.9823
6,A black-and-white portrait of a Persian cat showing fur texture,24,0.6875,46,0.9868
6,A black-and-white portrait of a Persian cat showing fur texture,24,0.75,42,0.9095
6,A black-and-white portrait of a Persian cat showing fur texture,24,0.75,43,0.9569
6,A black-and-white portrait of a Persian cat showing fur texture,24,0.75,44,0.9504
6,A black-and-white portrait of a Persian cat showing fur texture,24,0.75,45,0.9317
6,A black-and-white portrait of a Persian cat showing fur texture,24,0.75,46,0.9426
6,A black-and-white portrait of a Persian cat showing fur texture,24,0.8125,42,0.6106
6,A black-and-white portrait of a Persian cat showing fur texture,24,0.8125,43,0.8166
6,A black-and-white portrait of a Persian cat showing fur texture,24,0.8125,44,0.8046
6,A black-and-white portrait of a Persian cat showing fur texture,24,0.8125,45,0.7578
6,A black-and-white portrait of a Persian cat showing fur texture,24,0.8125,46,0.7917
6,A black-and-white portrait of a Persian cat showing fur texture,24,0.875,42,0.3295
6,A black-and-white portrait of a Persian cat showing fur texture,24,0.875,43,0.5476
6,A black-and-white portrait of a Persian cat showing fur texture,24,0.875,44,0.5924
6,A black-and-white portrait of a Persian cat showing fur texture,24,0.875,45,0.5438
6,A black-and-white portrait of a Persian cat showing fur texture,24,0.875,46,0.4608
6,A black-and-white portrait of a Persian cat showing fur texture,26,0.0,42,0.9997
6,A black-and-white portrait of a Persian cat showing fur texture,26,0.0,43,0.9997
6,A black-and-white portrait of a Persian cat showing fur texture,26,0.0,44,0.9997
6,A black-and-white portrait of a Persian cat showing fur texture,26,0.0,45,0.9998
6,A black-and-white portrait of a Persian cat showing fur texture,26,0.0,46,0.9994
6,A black-and-white portrait of a Persian cat showing fur texture,26,0.25,42,0.9997
6,A black-and-white portrait of a Persian cat showing fur texture,26,0.25,43,0.9997
6,A black-and-white portrait of a Persian cat showing fur texture,26,0.25,44,0.9997
6,A black-and-white portrait of a Persian cat showing fur texture,26,0.25,45,0.9997
6,A black-and-white portrait of a Persian cat showing fur texture,26,0.25,46,0.9992
6,A black-and-white portrait of a Persian cat showing fur texture,26,0.375,42,0.9995
6,A black-and-white portrait of a Persian cat showing fur texture,26,0.375,43,0.9995
6,A black-and-white portrait of a Persian cat showing fur texture,26,0.375,44,0.9996
6,A black-and-white portrait of a Persian cat showing fur texture,26,0.375,45,0.9996
6,A black-and-white portrait of a Persian cat showing fur texture,26,0.375,46,0.9989
6,A black-and-white portrait of a Persian cat showing fur texture,26,0.5,42,0.9981
6,A black-and-white portrait of a Persian cat showing fur texture,26,0.5,43,0.9984
6,A black-and-white portrait of a Persian cat showing fur texture,26,0.5,44,0.9987
6,A black-and-white portrait of a Persian cat showing fur texture,26,0.5,45,0.9985
6,A black-and-white portrait of a Persian cat showing fur texture,26,0.5,46,0.9975
6,A black-and-white portrait of a Persian cat showing fur texture,26,0.625,42,0.9791
6,A black-and-white portrait of a Persian cat showing fur texture,26,0.625,43,0.9902
6,A black-and-white portrait of a Persian cat showing fur texture,26,0.625,44,0.9903
6,A black-and-white portrait of a Persian cat showing fur texture,26,0.625,45,0.9859
6,A black-and-white portrait of a Persian cat showing fur texture,26,0.625,46,0.9739
6,A black-and-white portrait of a Persian cat showing fur texture,26,0.6875,42,0.9229
6,A black-and-white portrait of a Persian cat showing fur texture,26,0.6875,43,0.9689
6,A black-and-white portrait of a Persian cat showing fur texture,26,0.6875,44,0.9681
6,A black-and-white portrait of a Persian cat showing fur texture,26,0.6875,45,0.9534
6,A black-and-white portrait of a Persian cat showing fur texture,26,0.6875,46,0.955
6,A black-and-white portrait of a Persian cat showing fur texture,26,0.75,42,0.7314
6,A black-and-white portrait of a Persian cat showing fur texture,26,0.75,43,0.9122
6,A black-and-white portrait of a Persian cat showing fur texture,26,0.75,44,0.9056
6,A black-and-white portrait of a Persian cat showing fur texture,26,0.75,45,0.8733
6,A black-and-white portrait of a Persian cat showing fur texture,26,0.75,46,0.8931
6,A black-and-white portrait of a Persian cat showing fur texture,26,0.8125,42,0.5259
6,A black-and-white portrait of a Persian cat showing fur texture,26,0.8125,43,0.7926
6,A black-and-white portrait of a Persian cat showing fur texture,26,0.8125,44,0.7761
6,A black-and-white portrait of a Persian cat showing fur texture,26,0.8125,45,0.737
6,A black-and-white portrait of a Persian cat showing fur texture,26,0.8125,46,0.7789
6,A black-and-white portrait of a Persian cat showing fur texture,26,0.875,42,0.3522
6,A black-and-white portrait of a Persian cat showing fur texture,26,0.875,43,0.5801
6,A black-and-white portrait of a Persian cat showing fur texture,26,0.875,44,0.597
6,A black-and-white portrait of a Persian cat showing fur texture,26,0.875,45,0.5598
6,A black-and-white portrait of a Persian cat showing fur texture,26,0.875,46,0.4302
7,A cat resting on a couch,2,0.0,42,0.9801
7,A cat resting on a couch,2,0.0,43,0.9877
7,A cat resting on a couch,2,0.0,44,0.9966
7,A cat resting on a couch,2,0.0,45,0.9884
7,A cat resting on a couch,2,0.0,46,0.9969
7,A cat resting on a couch,2,0.25,42,0.9451
7,A cat resting on a couch,2,0.25,43,0.9919
7,A cat resting on a couch,2,0.25,44,0.9973
7,A cat resting on a couch,2,0.25,45,0.9828
7,A cat resting on a couch,2,0.25,46,0.9961
7,A cat resting on a couch,2,0.375,42,0.9621
7,A cat resting on a couch,2,0.375,43,0.9922
7,A cat resting on a couch,2,0.375,44,0.9947
7,A cat resting on a couch,2,0.375,45,0.9737
7,A cat resting on a couch,2,0.375,46,0.997
7,A cat resting on a couch,2,0.5,42,0.9465
7,A cat resting on a couch,2,0.5,43,0.9396
7,A cat resting on a couch,2,0.5,44,0.9605
7,A cat resting on a couch,2,0.5,45,0.9543
7,A cat resting on a couch,2,0.5,46,0.9895
7,A cat resting on a couch,2,0.625,42,0.8514
7,A cat resting on a couch,2,0.625,43,0.9491
7,A cat resting on a couch,2,0.625,44,0.9682
7,A cat resting on a couch,2,0.625,45,0.9452
7,A cat resting on a couch,2,0.625,46,0.9821
7,A cat resting on a couch,2,0.6875,42,0.7778
7,A cat resting on a couch,2,0.6875,43,0.8806
7,A cat resting on a couch,2,0.6875,44,0.7344
7,A cat resting on a couch,2,0.6875,45,0.8375
7,A cat resting on a couch,2,0.6875,46,0.9249
7,A cat resting on a couch,2,0.75,42,0.696
7,A cat resting on a couch,2,0.75,43,0.7056
7,A cat resting on a couch,2,0.75,44,0.8233
7,A cat resting on a couch,2,0.75,45,0.7169
7,A cat resting on a couch,2,0.75,46,0.8262
7,A cat resting on a couch,2,0.8125,42,0.3101
7,A cat resting on a couch,2,0.8125,43,0.6464
7,A cat resting on a couch,2,0.8125,44,0.6131
7,A cat resting on a couch,2,0.8125,45,0.3794
7,A cat resting on a couch,2,0.8125,46,0.6175
7,A cat resting on a couch,2,0.875,42,0.1288
7,A cat resting on a couch,2,0.875,43,0.2604
7,A cat resting on a couch,2,0.875,44,0.2474
7,A cat resting on a couch,2,0.875,45,0.1012
7,A cat resting on a couch,2,0.875,46,0.2084
7,A cat resting on a couch,4,0.0,42,0.9974
7,A cat resting on a couch,4,0.0,43,0.9974
7,A cat resting on a couch,4,0.0,44,0.9985
7,A cat resting on a couch,4,0.0,45,0.9803
7,A cat resting on a couch,4,0.0,46,0.9981
7,A cat resting on a couch,4,0.25,42,0.9977
7,A cat resting on a couch,4,0.25,43,0.9975
7,A cat resting on a couch,4,0.25,44,0.9976
7,A cat resting on a couch,4,0.25,45,0.9796
7,A cat resting on a couch,4,0.25,46,0.9982
7,A cat resting on a couch,4,0.375,42,0.9953
7,A cat resting on a couch,4,0.375,43,0.9973
7,A cat resting on a couch,4,0.375,44,0.993
7,A cat resting on a couch,4,0.375,45,0.9865
7,A cat resting on a couch,4,0.375,46,0.9979
7,A cat resting on a couch,4,0.5,42,0.9824
7,A cat resting on a couch,4,0.5,43,0.9952
7,A cat resting on a couch,4,0.5,44,0.9945
7,A cat resting on a couch,4,0.5,45,0.9827
7,A cat resting on a couch,4,0.5,46,0.9974
7,A cat resting on a couch,4,0.625,42,0.9355
7,A cat resting on a couch,4,0.625,43,0.9515
7,A cat resting on a couch,4,0.625,44,0.9891
7,A cat resting on a couch,4,0.625,45,0.9518
7,A cat resting on a couch,4,0.625,46,0.9906
7,A cat resting on a couch,4,0.6875,42,0.9033
7,A cat resting on a couch,4,0.6875,43,0.9661
7,A cat resting on a couch,4,0.6875,44,0.9217
7,A cat resting on a couch,4,0.6875,45,0.8967
7,A cat resting on a couch,4,0.6875,46,0.9755
7,A cat resting on a couch,4,0.75,42,0.7791
7,A cat resting on a couch,4,0.75,43,0.8846
7,A cat resting on a couch,4,0.75,44,0.8721
7,A cat resting on a couch,4,0.75,45,0.8044
7,A cat resting on a couch,4,0.75,46,0.8933
7,A cat resting on a couch,4,0.8125,42,0.3939
7,A cat resting on a couch,4,0.8125,43,0.7491
7,A cat resting on a couch,4,0.8125,44,0.7558
7,A cat resting on a couch,4,0.8125,45,0.4416
7,A cat resting on a couch,4,0.8125,46,0.6706
7,A cat resting on a couch,4,0.875,42,0.1528
7,A cat resting on a couch,4,0.875,43,0.2378
7,A cat resting on a couch,4,0.875,44,0.3071
7,A cat resting on a couch,4,0.875,45,0.1101
7,A cat resting on a couch,4,0.875,46,0.1969
7,A cat resting on a couch,6,0.0,42,0.996
7,A cat resting on a couch,6,0.0,43,0.9985
7,A cat resting on a couch,6,0.0,44,0.9985
7,A cat resting on a couch,6,0.0,45,0.9922
7,A cat resting on a couch,6,0.0,46,0.9985
7,A cat resting on a couch,6,0.25,42,0.9975
7,A cat resting on a couch,6,0.25,43,0.9982
7,A cat resting on a couch,6,0.25,44,0.9983
7,A cat resting on a couch,6,0.25,45,0.9903
7,A cat resting on a couch,6,0.25,46,0.9982
7,A cat resting on a couch,6,0.375,42,0.9971
7,A cat resting on a couch,6,0.375,43,0.9981
7,A cat resting on a couch,6,0.375,44,0.9983
7,A cat resting on a couch,6,0.375,45,0.9901
7,A cat resting on a couch,6,0.375,46,0.9982
7,A cat resting on a couch,6,0.5,42,0.9715
7,A cat resting on a couch,6,0.5,43,0.9978
7,A cat resting on a couch,6,0.5,44,0.9978
7,A cat resting on a couch,6,0.5,45,0.9862
7,A cat resting on a couch,6,0.5,46,0.9972
7,A cat resting on a couch,6,0.625,42,0.9432
7,A cat resting on a couch,6,0.625,43,0.9893
7,A cat resting on a couch,6,0.625,44,0.9903
7,A cat resting on a couch,6,0.625,45,0.9706
7,A cat resting on a couch,6,0.625,46,0.9946
7,A cat resting on a couch,6,0.6875,42,0.9292
7,A cat resting on a couch,6,0.6875,43,0.9743
7,A cat resting on a couch,6,0.6875,44,0.9858
7,A cat resting on a couch,6,0.6875,45,0.9405
7,A cat resting on a couch,6,0.6875,46,0.9825
7,A cat resting on a couch,6,0.75,42,0.85
7,A cat resting on a couch,6,0.75,43,0.9137
7,A cat resting on a couch,6,0.75,44,0.925
7,A cat resting on a couch,6,0.75,45,0.8644
7,A cat resting on a couch,6,0.75,46,0.9325
7,A cat resting on a couch,6,0.8125,42,0.4266
7,A cat resting on a couch,6,0.8125,43,0.7918
7,A cat resting on a couch,6,0.8125,44,0.8132
7,A cat resting on a couch,6,0.8125,45,0.5106
7,A cat resting on a couch,6,0.8125,46,0.7317
7,A cat resting on a couch,6,0.875,42,0.1442
7,A cat resting on a couch,6,0.875,43,0.2558
7,A cat resting on a couch,6,0.875,44,0.3228
7,A cat resting on a couch,6,0.875,45,0.1127
7,A cat resting on a couch,6,0.875,46,0.1962
7,A cat resting on a couch,8,0.0,42,0.9979
7,A cat resting on a couch,8,0.0,43,0.9985
7,A cat resting on a couch,8,0.0,44,0.9986
7,A cat resting on a couch,8,0.0,45,0.9919
7,A cat resting on a couch,8,0.0,46,0.9986
7,A cat resting on a couch,8,0.25,42,0.9974
7,A cat resting on a couch,8,0.25,43,0.9982
7,A cat resting on a couch,8,0.25,44,0.9986
7,A cat resting on a couch,8,0.25,45,0.9917
7,A cat resting on a couch,8,0.25,46,0.9986
7,A cat resting on a couch,8,0.375,42,0.9973
7,A cat resting on a couch,8,0.375,43,0.9984
7,A cat resting on a couch,8,0.375,44,0.9985
7,A cat resting on a couch,8,0.375,45,0.9893
7,A cat resting on a couch,8,0.375,46,0.9986
7,A cat resting on a couch,8,0.5,42,0.9964
7,A cat resting on a couch,8,0.5,43,0.9979
7,A cat resting on a couch,8,0.5,44,0.9982
7,A cat resting on a couch,8,0.5,45,0.9905
7,A cat resting on a couch,8,0.5,46,0.9979
7,A cat resting on a couch,8,0.625,42,0.9867
7,A cat resting on a couch,8,0.625,43,0.9932
7,A cat resting on a couch,8,0.625,44,0.9961
7,A cat resting on a couch,8,0.625,45,0.9761
7,A cat resting on a couch,8,0.625,46,0.9956
7,A cat resting on a couch,8,0.6875,42,0.9062
7,A cat resting on a couch,8,0.6875,43,0.9801
7,A cat resting on a couch,8,0.6875,44,0.9853
7,A cat resting on a couch,8,0.6875,45,0.9471
7,A cat resting on a couch,8,0.6875,46,0.9821
7,A cat resting on a couch,8,0.75,42,0.887
7,A cat resting on a couch,8,0.75,43,0.9464
7,A cat resting on a couch,8,0.75,44,0.9441
7,A cat resting on a couch,8,0.75,45,0.8449
7,A cat resting on a couch,8,0.75,46,0.9366
7,A cat resting on a couch,8,0.8125,42,0.4494
7,A cat resting on a couch,8,0.8125,43,0.8177
7,A cat resting on a couch,8,0.8125,44,0.8377
7,A cat resting on a couch,8,0.8125,45,0.5077
7,A cat resting on a couch,8,0.8125,46,0.7554
7,A cat resting on a couch,8,0.875,42,0.1431
7,A cat resting on a couch,8,0.875,43,0.2874
7,A cat resting on a couch,8,0.875,44,0.3506
7,A cat resting on a couch,8,0.875,45,0.1408
7,A cat resting on a couch,8,0.875,46,0.2362
7,A cat resting on a couch,10,0.0,42,0.9975
7,A cat resting on a couch,10,0.0,43,0.9986
7,A cat resting on a couch,10,0.0,44,0.9987
7,A cat resting on a couch,10,0.0,45,0.9975
7,A cat resting on a couch,10,0.0,46,0.9987
7,A cat resting on a couch,10,0.25,42,0.9978
7,A cat resting on a couch,10,0.25,43,0.9984
7,A cat resting on a couch,10,0.25,44,0.9987
7,A cat resting on a couch,10,0.25,45,0.9946
7,A cat resting on a couch,10,0.25,46,0.9987
7,A cat resting on a couch,10,0.375,42,0.9976
7,A cat resting on a couch,10,0.375,43,0.9981
7,A cat resting on a couch,10,0.375,44,0.9987
7,A cat resting on a couch,10,0.375,45,0.9959
7,A cat resting on a couch,10,0.375,46,0.9986
7,A cat resting on a couch,10,0.5,42,0.9943
7,A cat resting on a couch,10,0.5,43,0.9981
7,A cat resting on a couch,10,0.5,44,0.9984
7,A cat resting on a couch,10,0.5,45,0.9962
7,A cat resting on a couch,10,0.5,46,0.9983
7,A cat resting on a couch,10,0.625,42,0.9919
7,A cat resting on a couch,10,0.625,43,0.9915
7,A cat resting on a couch,10,0.625,44,0.9962
7,A cat resting on a couch,10,0.625,45,0.9825
7,A cat resting on a couch,10,0.625,46,0.9952
7,A cat resting on a couch,10,0.6875,42,0.9683
7,A cat resting on a couch,10,0.6875,43,0.9843
7,A cat resting on a couch,10,0.6875,44,0.9916
7,A cat resting on a couch,10,0.6875,45,0.9571
7,A cat resting on a couch,10,0.6875,46,0.9881
7,A cat resting on a couch,10,0.75,42,0.886
7,A cat resting on a couch,10,0.75,43,0.9551
7,A cat resting on a couch,10,0.75,44,0.9641
7,A cat resting on a couch,10,0.75,45,0.8735
7,A cat resting on a couch,10,0.75,46,0.9549
7,A cat resting on a couch,10,0.8125,42,0.5062
7,A cat resting on a couch,10,0.8125,43,0.8258
7,A cat resting on a couch,10,0.8125,44,0.8637
7,A cat resting on a couch,10,0.8125,45,0.5212
7,A cat resting on a couch,10,0.8125,46,0.7713
7,A cat resting on a couch,10,0.875,42,0.1639
7,A cat resting on a couch,10,0.875,43,0.3301
7,A cat resting on a couch,10,0.875,44,0.3734
7,A cat resting on a couch,10,0.875,45,0.16
7,A cat resting on a couch,10,0.875,46,0.2876
7,A cat resting on a couch,12,0.0,42,0.998
7,A cat resting on a couch,12,0.0,43,0.9987
7,A cat resting on a couch,12,0.0,44,0.9989
7,A cat resting on a couch,12,0.0,45,0.9959
7,A cat resting on a couch,12,0.0,46,0.9988
7,A cat resting on a couch,12,0.25,42,0.9977
7,A cat resting on a couch,12,0.25,43,0.9987
7,A cat resting on a couch,12,0.25,44,0.9988
7,A cat resting on a couch,12,0.25,45,0.9968
7,A cat resting on a couch,12,0.25,46,0.9987
7,A cat resting on a couch,12,0.375,42,0.9982
7,A cat resting on a couch,12,0.375,43,0.9986
7,A cat resting on a couch,12,0.375,44,0.9988
7,A cat resting on a couch,12,0.375,45,0.9969
7,A cat resting on a couch,12,0.375,46,0.9987
7,A cat resting on a couch,12,0.5,42,0.9977
7,A cat resting on a couch,12,0.5,43,0.9984
7,A cat resting on a couch,12,0.5,44,0.9986
7,A cat resting on a couch,12,0.5,45,0.9946
7,A cat resting on a couch,12,0.5,46,0.9983
7,A cat resting on a couch,12,0.625,42,0.9911
7,A cat resting on a couch,12,0.625,43,0.9958
7,A cat resting on a couch,12,0.625,44,0.9967
7,A cat resting on a couch,12,0.625,45,0.9887
7,A cat resting on a couch,12,0.625,46,0.9962
7,A cat resting on a couch,12,0.6875,42,0.9787
7,A cat resting on a couch,12,0.6875,43,0.9869
7,A cat resting on a couch,12,0.6875,44,0.9925
7,A cat resting on a couch,12,0.6875,45,0.9635
7,A cat resting on a couch,12,0.6875,46,0.9903
7,A cat resting on a couch,12,0.75,42,0.9009
7,A cat resting on a couch,12,0.75,43,0.9692
7,A cat resting on a couch,12,0.75,44,0.9714
7,A cat resting on a couch,12,0.75,45,0.877
7,A cat resting on a couch,12,0.75,46,0.9601
7,A cat resting on a couch,12,0.8125,42,0.522
7,A cat resting on a couch,12,0.8125,43,0.8524
7,A cat resting on a couch,12,0.8125,44,0.8672
7,A cat resting on a couch,12,0.8125,45,0.5387
7,A cat resting on a couch,12,0.8125,46,0.7971
7,A cat resting on a couch,12,0.875,42,0.1833
7,A cat resting on a couch,12,0.875,43,0.3633
7,A cat resting on a couch,12,0.875,44,0.371
7,A cat resting on a couch,12,0.875,45,0.182
7,A cat resting on a couch,12,0.875,46,0.3334
7,A cat resting on a couch,14,0.0,42,0.9981
7,A cat resting on a couch,14,0.0,43,0.9988
7,A cat resting on a couch,14,0.0,44,0.9988
7,A cat resting on a couch,14,0.0,45,0.9981
7,A cat resting on a couch,14,0.0,46,0.9987
7,A cat resting on a couch,14,0.25,42,0.9983
7,A cat resting on a couch,14,0.25,43,0.9987
7,A cat resting on a couch,14,0.25,44,0.9988
7,A cat resting on a couch,14,0.25,45,0.9982
7,A cat resting on a couch,14,0.25,46,0.9988
7,A cat resting on a couch,14,0.375,42,0.9981
7,A cat resting on a couch,14,0.375,43,0.9987
7,A cat resting on a couch,14,0.375,44,0.9989
7,A cat resting on a couch,14,0.375,45,0.9981
7,A cat resting on a couch,14,0.375,46,0.9988
7,A cat resting on a couch,14,0.5,42,0.9974
7,A cat resting on a couch,14,0.5,43,0.9984
7,A cat resting on a couch,14,0.5,44,0.9987
7,A cat resting on a couch,14,0.5,45,0.9965
7,A cat resting on a couch,14,0.5,46,0.9984
7,A cat resting on a couch,14,0.625,42,0.9924
7,A cat resting on a couch,14,0.625,43,0.9963
7,A cat resting on a couch,14,0.625,44,0.9971
7,A cat resting on a couch,14,0.625,45,0.9891
7,A cat resting on a couch,14,0.625,46,0.9967
7,A cat resting on a couch,14,0.6875,42,0.9774
7,A cat resting on a couch,14,0.6875,43,0.9908
7,A cat resting on a couch,14,0.6875,44,0.9932
7,A cat resting on a couch,14,0.6875,45,0.974
7,A cat resting on a couch,14,0.6875,46,0.9893
7,A cat resting on a couch,14,0.75,42,0.9032
7,A cat resting on a couch,14,0.75,43,0.9713
7,A cat resting on a couch,14,0.75,44,0.9759
7,A cat resting on a couch,14,0.75,45,0.9106
7,A cat resting on a couch,14,0.75,46,0.9641
7,A cat resting on a couch,14,0.8125,42,0.5259
7,A cat resting on a couch,14,0.8125,43,0.8605
7,A cat resting on a couch,14,0.8125,44,0.8621
7,A cat resting on a couch,14,0.8125,45,0.5561
7,A cat resting on a couch,14,0.8125,46,0.797
7,A cat resting on a couch,14,0.875,42,0.1979
7,A cat resting on a couch,14,0.875,43,0.3851
7,A cat resting on a couch,14,0.875,44,0.3702
7,A cat resting on a couch,14,0.875,45,0.209
7,A cat resting on a couch,14,0.875,46,0.3775
7,A cat resting on a couch,16,0.0,42,0.9983
7,A cat resting on a couch,16,0.0,43,0.9988
7,A cat resting on a couch,16,0.0,44,0.999
7,A cat resting on a couch,16,0.0,45,0.9984
7,A cat resting on a couch,16,0.0,46,0.9989
7,A cat resting on a couch,16,0.25,42,0.9984
7,A cat resting on a couch,16,0.25,43,0.9988
7,A cat resting on a couch,16,0.25,44,0.999
7,A cat resting on a couch,16,0.25,45,0.9982
7,A cat resting on a couch,16,0.25,46,0.9988
7,A cat resting on a couch,16,0.375,42,0.9983
7,A cat resting on a couch,16,0.375,43,0.9988
7,A cat resting on a couch,16,0.375,44,0.9988
7,A cat resting on a couch,16,0.375,45,0.9981
7,A cat resting on a couch,16,0.375,46,0.9989
7,A cat resting on a couch,16,0.5,42,0.9979
7,A cat resting on a couch,16,0.5,43,0.9986
7,A cat resting on a couch,16,0.5,44,0.9987
7,A cat resting on a couch,16,0.5,45,0.9979
7,A cat resting on a couch,16,0.5,46,0.9985
7,A cat resting on a couch,16,0.625,42,0.9931
7,A cat resting on a couch,16,0.625,43,0.9968
7,A cat resting on a couch,16,0.625,44,0.9972
7,A cat resting on a couch,16,0.625,45,0.9933
7,A cat resting on a couch,16,0.625,46,0.9965
7,A cat resting on a couch,16,0.6875,42,0.9796
7,A cat resting on a couch,16,0.6875,43,0.9925
7,A cat resting on a couch,16,0.6875,44,0.9932
7,A cat resting on a couch,16,0.6875,45,0.9802
7,A cat resting on a couch,16,0.6875,46,0.9897
7,A cat resting on a couch,16,0.75,42,0.8831
7,A cat resting on a couch,16,0.75,43,0.9731
7,A cat resting on a couch,16,0.75,44,0.9766
7,A cat resting on a couch,16,0.75,45,0.923
7,A cat resting on a couch,16,0.75,46,0.9617
7,A cat resting on a couch,16,0.8125,42,0.5164
7,A cat resting on a couch,16,0.8125,43,0.8696
7,A cat resting on a couch,16,0.8125,44,0.8494
7,A cat resting on a couch,16,0.8125,45,0.5522
7,A cat resting on a couch,16,0.8125,46,0.7924
7,A cat resting on a couch,16,0.875,42,0.2189
7,A cat resting on a couch,16,0.875,43,0.4398
7,A cat resting on a couch,16,0.875,44,0.3956
7,A cat resting on a couch,16,0.875,45,0.2221
7,A cat resting on a couch,16,0.875,46,0.4132
7,A cat resting on a couch,18,0.0,42,0.9983
7,A cat resting on a couch,18,0.0,43,0.9989
7,A cat resting on a couch,18,0.0,44,0.999
7,A cat resting on a couch,18,0.0,45,0.9983
7,A cat resting on a couch,18,0.0,46,0.9988
7,A cat resting on a couch,18,0.25,42,0.9984
7,A cat resting on a couch,18,0.25,43,0.9989
7,A cat resting on a couch,18,0.25,44,0.9989
7,A cat resting on a couch,18,0.25,45,0.9984
7,A cat resting on a couch,18,0.25,46,0.999
7,A cat resting on a couch,18,0.375,42,0.9984
7,A cat resting on a couch,18,0.375,43,0.9989
7,A cat resting on a couch,18,0.375,44,0.9989
7,A cat resting on a couch,18,0.375,45,0.9985
7,A cat resting on a couch,18,0.375,46,0.9988
7,A cat resting on a couch,18,0.5,42,0.9979
7,A cat resting on a couch,18,0.5,43,0.9986
7,A cat resting on a couch,18,0.5,44,0.9987
7,A cat resting on a couch,18,0.5,45,0.9979
7,A cat resting on a couch,18,0.5,46,0.9984
7,A cat resting on a couch,18,0.625,42,0.992
7,A cat resting on a couch,18,0.625,43,0.9971
7,A cat resting on a couch,18,0.625,44,0.9971
7,A cat resting on a couch,18,0.625,45,0.9944
7,A cat resting on a couch,18,0.625,46,0.9964
7,A cat resting on a couch,18,0.6875,42,0.9802
7,A cat resting on a couch,18,0.6875,43,0.9933
7,A cat resting on a couch,18,0.6875,44,0.993
7,A cat resting on a couch,18,0.6875,45,0.9805
7,A cat resting on a couch,18,0.6875,46,0.9906
7,A cat resting on a couch,18,0.75,42,0.8896
7,A cat resting on a couch,18,0.75,43,0.9765
7,A cat resting on a couch,18,0.75,44,0.9745
7,A cat resting on a couch,18,0.75,45,0.9169
7,A cat resting on a couch,18,0.75,46,0.9611
7,A cat resting on a couch,18,0.8125,42,0.5286
7,A cat resting on a couch,18,0.8125,43,0.8801
7,A cat resting on a couch,18,0.8125,44,0.8357
7,A cat resting on a couch,18,0.8125,45,0.5489
7,A cat resting on a couch,18,0.8125,46,0.7955
7,A cat resting on a couch,18,0.875,42,0.2454
7,A cat resting on a couch,18,0.875,43,0.4396
7,A cat resting on a couch,18,0.875,44,0.4227
7,A cat resting on a couch,18,0.875,45,0.2392
7,A cat resting on a couch,18,0.875,46,0.4395
7,A cat resting on a couch,20,0.0,42,0.9985
7,A cat resting on a couch,20,0.0,43,0.9989
7,A cat resting on a couch,20,0.0,44,0.999
7,A cat resting on a couch,20,0.0,45,0.9986
7,A cat resting on a couch,20,0.0,46,0.9989
7,A cat resting on a couch,20,0.25,42,0.9985
7,A cat resting on a couch,20,0.25,43,0.999
7,A cat resting on a couch,20,0.25,44,0.999
7,A cat resting on a couch,20,0.25,45,0.9986
7,A cat resting on a couch,20,0.25,46,0.9989
7,A cat resting on a couch,20,0.375,42,0.9984
7,A cat resting on a couch,20,0.375,43,0.9989
7,A cat resting on a couch,20,0.375,44,0.999
7,A cat resting on a couch,20,0.375,45,0.9986
7,A cat resting on a couch,20,0.375,46,0.9988
7,A cat resting on a couch,20,0.5,42,0.998
7,A cat resting on a couch,20,0.5,43,0.9987
7,A cat resting on a couch,20,0.5,44,0.9987
7,A cat resting on a couch,20,0.5,45,0.998
7,A cat resting on a couch,20,0.5,46,0.9986
7,A cat resting on a couch,20,0.625,42,0.9932
7,A cat resting on a couch,20,0.625,43,0.997
7,A cat resting on a couch,20,0.625,44,0.997
7,A cat resting on a couch,20,0.625,45,0.9942
7,A cat resting on a couch,20,0.625,46,0.9963
7,A cat resting on a couch,20,0.6875,42,0.9782
7,A cat resting on a couch,20,0.6875,43,0.9926
7,A cat resting on a couch,20,0.6875,44,0.9922
7,A cat resting on a couch,20,0.6875,45,0.9813
7,A cat resting on a couch,20,0.6875,46,0.9897
7,A cat resting on a couch,20,0.75,42,0.8906
7,A cat resting on a couch,20,0.75,43,0.9743
7,A cat resting on a couch,20,0.75,44,0.971
7,A cat resting on a couch,20,0.75,45,0.9057
7,A cat resting on a couch,20,0.75,46,0.9602
7,A cat resting on a couch,20,0.8125,42,0.5456
7,A cat resting on a couch,20,0.8125,43,0.8684
7,A cat resting on a couch,20,0.8125,44,0.8281
7,A cat resting on a couch,20,0.8125,45,0.5683
7,A cat resting on a couch,20,0.8125,46,0.8051
7,A cat resting on a couch,20,0.875,42,0.2701
7,A cat resting on a couch,20,0.875,43,0.461
7,A cat resting on a couch,20,0.875,44,0.4211
7,A cat resting on a couch,20,0.875,45,0.258
7,A cat resting on a couch,20,0.875,46,0.4503
7,A cat resting on a couch,22,0.0,42,0.9987
7,A cat resting on a couch,22,0.0,43,0.9991
7,A cat resting on a couch,22,0.0,44,0.9991
7,A cat resting on a couch,22,0.0,45,0.9988
7,A cat resting on a couch,22,0.0,46,0.999
7,A cat resting on a couch,22,0.25,42,0.9987
7,A cat resting on a couch,22,0.25,43,0.9991
7,A cat resting on a couch,22,0.25,44,0.9991
7,A cat resting on a couch,22,0.25,45,0.9987
7,A cat resting on a couch,22,0.25,46,0.9989
7,A cat resting on a couch,22,0.375,42,0.9986
7,A cat resting on a couch,22,0.375,43,0.999
7,A cat resting on a couch,22,0.375,44,0.9989
7,A cat resting on a couch,22,0.375,45,0.9985
7,A cat resting on a couch,22,0.375,46,0.9989
7,A cat resting on a couch,22,0.5,42,0.9981
7,A cat resting on a couch,22,0.5,43,0.9987
7,A cat resting on a couch,22,0.5,44,0.9987
7,A cat resting on a couch,22,0.5,45,0.9981
7,A cat resting on a couch,22,0.5,46,0.9986
7,A cat resting on a couch,22,0.625,42,0.9923
7,A cat resting on a couch,22,0.625,43,0.9966
7,A cat resting on a couch,22,0.625,44,0.9963
7,A cat resting on a couch,22,0.625,45,0.9933
7,A cat resting on a couch,22,0.625,46,0.9956
7,A cat resting on a couch,22,0.6875,42,0.9732
7,A cat resting on a couch,22,0.6875,43,0.9909
7,A cat resting on a couch,22,0.6875,44,0.99
7,A cat resting on a couch,22,0.6875,45,0.9781
7,A cat resting on a couch,22,0.6875,46,0.9869
7,A cat resting on a couch,22,0.75,42,0.8767
7,A cat resting on a couch,22,0.75,43,0.968
7,A cat resting on a couch,22,0.75,44,0.9631
7,A cat resting on a couch,22,0.75,45,0.8849
7,A cat resting on a couch,22,0.75,46,0.9485
7,A cat resting on a couch,22,0.8125,42,0.5579
7,A cat resting on a couch,22,0.8125,43,0.85
7,A cat resting on a couch,22,0.8125,44,0.8053
7,A cat resting on a couch,22,0.8125,45,0.5759
7,A cat resting on a couch,22,0.8125,46,0.7886
7,A cat resting on a couch,22,0.875,42,0.2899
7,A cat resting on a couch,22,0.875,43,0.4927
7,A cat resting on a couch,22,0.875,44,0.4156
7,A cat resting on a couch,22,0.875,45,0.2728
7,A cat resting on a couch,22,0.875,46,0.4625
7,A cat resting on a couch,24,0.0,42,0.999
7,A cat resting on a couch,24,0.0,43,0.9992
7,A cat resting on a couch,24,0.0,44,0.9992
7,A cat resting on a couch,24,0.0,45,0.999
7,A cat resting on a couch,24,0.0,46,0.9992
7,A cat resting on a couch,24,0.25,42,0.9989
7,A cat resting on a couch,24,0.25,43,0.9992
7,A cat resting on a couch,24,0.25,44,0.9992
7,A cat resting on a couch,24,0.25,45,0.999
7,A cat resting on a couch,24,0.25,46,0.9992
7,A cat resting on a couch,24,0.375,42,0.9988
7,A cat resting on a couch,24,0.375,43,0.9991
7,A cat resting on a couch,24,0.375,44,0.9991
7,A cat resting on a couch,24,0.375,45,0.9988
7,A cat resting on a couch,24,0.375,46,0.999
7,A cat resting on a couch,24,0.5,42,0.9982
7,A cat resting on a couch,24,0.5,43,0.9987
7,A cat resting on a couch,24,0.5,44,0.9986
7,A cat resting on a couch,24,0.5,45,0.9982
7,A cat resting on a couch,24,0.5,46,0.9985
7,A cat resting on a couch,24,0.625,42,0.9894
7,A cat resting on a couch,24,0.625,43,0.9952
7,A cat resting on a couch,24,0.625,44,0.9948
7,A cat resting on a couch,24,0.625,45,0.9902
7,A cat resting on a couch,24,0.625,46,0.9931
7,A cat resting on a couch,24,0.6875,42,0.9613
7,A cat resting on a couch,24,0.6875,43,0.9856
7,A cat resting on a couch,24,0.6875,44,0.9842
7,A cat resting on a couch,24,0.6875,45,0.9637
7,A cat resting on a couch,24,0.6875,46,0.9766
7,A cat resting on a couch,24,0.75,42,0.8371
7,A cat resting on a couch,24,0.75,43,0.9482
7,A cat resting on a couch,24,0.75,44,0.9412
7,A cat resting on a couch,24,0.75,45,0.8418
7,A cat resting on a couch,24,0.75,46,0.9142
7,A cat resting on a couch,24,0.8125,42,0.5175
7,A cat resting on a couch,24,0.8125,43,0.8086
7,A cat resting on a couch,24,0.8125,44,0.7751
7,A cat resting on a couch,24,0.8125,45,0.5458
7,A cat resting on a couch,24,0.8125,46,0.7439
7,A cat resting on a couch,24,0.875,42,0.2413
7,A cat resting on a couch,24,0.875,43,0.5514
7,A cat resting on a couch,24,0.875,44,0.4476
7,A cat resting on a couch,24,0.875,45,0.2601
7,A cat resting on a couch,24,0.875,46,0.508
7,A cat resting on a couch,26,0.0,42,0.9998
7,A cat resting on a couch,26,0.0,43,0.9997
7,A cat resting on a couch,26,0.0,44,0.9997
7,A cat resting on a couch,26,0.0,45,0.9998
7,A cat resting on a couch,26,0.0,46,0.9997
7,A cat resting on a couch,26,0.25,42,0.9998
7,A cat resting on a couch,26,0.25,43,0.9997
7,A cat resting on a couch,26,0.25,44,0.9997
7,A cat resting on a couch,26,0.25,45,0.9998
7,A cat resting on a couch,26,0.25,46,0.9997
7,A cat resting on a couch,26,0.375,42,0.9995
7,A cat resting on a couch,26,0.375,43,0.9995
7,A cat resting on a couch,26,0.375,44,0.9994
7,A cat resting on a couch,26,0.375,45,0.9996
7,A cat resting on a couch,26,0.375,46,0.9995
7,A cat resting on a couch,26,0.5,42,0.9975
7,A cat resting on a couch,26,0.5,43,0.9982
7,A cat resting on a couch,26,0.5,44,0.9982
7,A cat resting on a couch,26,0.5,45,0.9972
7,A cat resting on a couch,26,0.5,46,0.9979
7,A cat resting on a couch,26,0.625,42,0.97
7,A cat resting on a couch,26,0.625,43,0.988
7,A cat resting on a couch,26,0.625,44,0.9873
7,A cat resting on a couch,26,0.625,45,0.966
7,A cat resting on a couch,26,0.625,46,0.9823
7,A cat resting on a couch,26,0.6875,42,0.8945
7,A cat resting on a couch,26,0.6875,43,0.9617
7,A cat resting on a couch,26,0.6875,44,0.9601
7,A cat resting on a couch,26,0.6875,45,0.8867
7,A cat resting on a couch,26,0.6875,46,0.9418
7,A cat resting on a couch,26,0.75,42,0.7112
7,A cat resting on a couch,26,0.75,43,0.8915
7,A cat resting on a couch,26,0.75,44,0.8895
7,A cat resting on a couch,26,0.75,45,0.7145
7,A cat resting on a couch,26,0.75,46,0.8437
7,A cat resting on a couch,26,0.8125,42,0.464
7,A cat resting on a couch,26,0.8125,43,0.7581
7,A cat resting on a couch,26,0.8125,44,0.7499
7,A cat resting on a couch,26,0.8125,45,0.4939
7,A cat resting on a couch,26,0.8125,46,0.7083
7,A cat resting on a couch,26,0.875,42,0.2125
7,A cat resting on a couch,26,0.875,43,0.5482
7,A cat resting on a couch,26,0.875,44,0.4805
7,A cat resting on a couch,26,0.875,45,0.2588
7,A cat resting on a couch,26,0.875,46,0.535
8,An orange tabby cat sitting in an outdoor yard,2,0.0,42,0.9958
8,An orange tabby cat sitting in an outdoor yard,2,0.0,43,0.9983
8,An orange tabby cat sitting in an outdoor yard,2,0.0,44,0.9974
8,An orange tabby cat sitting in an outdoor yard,2,0.0,45,0.9962
8,An orange tabby cat sitting in an outdoor yard,2,0.0,46,0.9983
8,An orange tabby cat sitting in an outdoor yard,2,0.25,42,0.9952
8,An orange tabby cat sitting in an outdoor yard,2,0.25,43,0.9978
8,An orange tabby cat sitting in an outdoor yard,2,0.25,44,0.9977
8,An orange tabby cat sitting in an outdoor yard,2,0.25,45,0.9959
8,An orange tabby cat sitting in an outdoor yard,2,0.25,46,0.9967
8,An orange tabby cat sitting in an outdoor yard,2,0.375,42,0.9954
8,An orange tabby cat sitting in an outdoor yard,2,0.375,43,0.998
8,An orange tabby cat sitting in an outdoor yard,2,0.375,44,0.9973
8,An orange tabby cat sitting in an outdoor yard,2,0.375,45,0.9946
8,An orange tabby cat sitting in an outdoor yard,2,0.375,46,0.997
8,An orange tabby cat sitting in an outdoor yard,2,0.5,42,0.9949
8,An orange tabby cat sitting in an outdoor yard,2,0.5,43,0.9978
8,An orange tabby cat sitting in an outdoor yard,2,0.5,44,0.9862
8,An orange tabby cat sitting in an outdoor yard,2,0.5,45,0.9969
8,An orange tabby cat sitting in an outdoor yard,2,0.5,46,0.994
8,An orange tabby cat sitting in an outdoor yard,2,0.625,42,0.9856
8,An orange tabby cat sitting in an outdoor yard,2,0.625,43,0.9884
8,An orange tabby cat sitting in an outdoor yard,2,0.625,44,0.9862
8,An orange tabby cat sitting in an outdoor yard,2,0.625,45,0.99
8,An orange tabby cat sitting in an outdoor yard,2,0.625,46,0.9935
8,An orange tabby cat sitting in an outdoor yard,2,0.6875,42,0.9631
8,An orange tabby cat sitting in an outdoor yard,2,0.6875,43,0.9737
8,An orange tabby cat sitting in an outdoor yard,2,0.6875,44,0.9495
8,An orange tabby cat sitting in an outdoor yard,2,0.6875,45,0.9778
8,An orange tabby cat sitting in an outdoor yard,2,0.6875,46,0.9584
8,An orange tabby cat sitting in an outdoor yard,2,0.75,42,0.8869
8,An orange tabby cat sitting in an outdoor yard,2,0.75,43,0.9222
8,An orange tabby cat sitting in an outdoor yard,2,0.75,44,0.9003
8,An orange tabby cat sitting in an outdoor yard,2,0.75,45,0.9018
8,An orange tabby cat sitting in an outdoor yard,2,0.75,46,0.9001
8,An orange tabby cat sitting in an outdoor yard,2,0.8125,42,0.7144
8,An orange tabby cat sitting in an outdoor yard,2,0.8125,43,0.6979
8,An orange tabby cat sitting in an outdoor yard,2,0.8125,44,0.7508
8,An orange tabby cat sitting in an outdoor yard,2,0.8125,45,0.7091
8,An orange tabby cat sitting in an outdoor yard,2,0.8125,46,0.6634
8,An orange tabby cat sitting in an outdoor yard,2,0.875,42,0.2558
8,An orange tabby cat sitting in an outdoor yard,2,0.875,43,0.26
8,An orange tabby cat sitting in an outdoor yard,2,0.875,44,0.3467
8,An orange tabby cat sitting in an outdoor yard,2,0.875,45,0.2426
8,An orange tabby cat sitting in an outdoor yard,2,0.875,46,0.2368
8,An orange tabby cat sitting in an outdoor yard,4,0.0,42,0.9959
8,An orange tabby cat sitting in an outdoor yard,4,0.0,43,0.9985
8,An orange tabby cat sitting in an outdoor yard,4,0.0,44,0.9979
8,An orange tabby cat sitting in an outdoor yard,4,0.0,45,0.9987
8,An orange tabby cat sitting in an outdoor yard,4,0.0,46,0.9983
8,An orange tabby cat sitting in an outdoor yard,4,0.25,42,0.9955
8,An orange tabby cat sitting in an outdoor yard,4,0.25,43,0.9985
8,An orange tabby cat sitting in an outdoor yard,4,0.25,44,0.9979
8,An orange tabby cat sitting in an outdoor yard,4,0.25,45,0.9981
8,An orange tabby cat sitting in an outdoor yard,4,0.25,46,0.9985
8,An orange tabby cat sitting in an outdoor yard,4,0.375,42,0.9955
8,An orange tabby cat sitting in an outdoor yard,4,0.375,43,0.9985
8,An orange tabby cat sitting in an outdoor yard,4,0.375,44,0.9968
8,An orange tabby cat sitting in an outdoor yard,4,0.375,45,0.9981
8,An orange tabby cat sitting in an outdoor yard,4,0.375,46,0.9981
8,An orange tabby cat sitting in an outdoor yard,4,0.5,42,0.996
8,An orange tabby cat sitting in an outdoor yard,4,0.5,43,0.9978
8,An orange tabby cat sitting in an outdoor yard,4,0.5,44,0.9962
8,An orange tabby cat sitting in an outdoor yard,4,0.5,45,0.9981
8,An orange tabby cat sitting in an outdoor yard,4,0.5,46,0.9978
8,An orange tabby cat sitting in an outdoor yard,4,0.625,42,0.9895
8,An orange tabby cat sitting in an outdoor yard,4,0.625,43,0.9812
8,An orange tabby cat sitting in an outdoor yard,4,0.625,44,0.9909
8,An orange tabby cat sitting in an outdoor yard,4,0.625,45,0.9918
8,An orange tabby cat sitting in an outdoor yard,4,0.625,46,0.9934
8,An orange tabby cat sitting in an outdoor yard,4,0.6875,42,0.9826
8,An orange tabby cat sitting in an outdoor yard,4,0.6875,43,0.9735
8,An orange tabby cat sitting in an outdoor yard,4,0.6875,44,0.9797
8,An orange tabby cat sitting in an outdoor yard,4,0.6875,45,0.9847
8,An orange tabby cat sitting in an outdoor yard,4,0.6875,46,0.9809
8,An orange tabby cat sitting in an outdoor yard,4,0.75,42,0.9235
8,An orange tabby cat sitting in an outdoor yard,4,0.75,43,0.9534
8,An orange tabby cat sitting in an outdoor yard,4,0.75,44,0.9346
8,An orange tabby cat sitting in an outdoor yard,4,0.75,45,0.9413
8,An orange tabby cat sitting in an outdoor yard,4,0.75,46,0.9405
8,An orange tabby cat sitting in an outdoor yard,4,0.8125,42,0.7594
8,An orange tabby cat sitting in an outdoor yard,4,0.8125,43,0.7559
8,An orange tabby cat sitting in an outdoor yard,4,0.8125,44,0.769
8,An orange tabby cat sitting in an outdoor yard,4,0.8125,45,0.7638
8,An orange tabby cat sitting in an outdoor yard,4,0.8125,46,0.7024
8,An orange tabby cat sitting in an outdoor yard,4,0.875,42,0.2728
8,An orange tabby cat sitting in an outdoor yard,4,0.875,43,0.2605
8,An orange tabby cat sitting in an outdoor yard,4,0.875,44,0.3325
8,An orange tabby cat sitting in an outdoor yard,4,0.875,45,0.2501
8,An orange tabby cat sitting in an outdoor yard,4,0.875,46,0.2741
8,An orange tabby cat sitting in an outdoor yard,6,0.0,42,0.9971
8,An orange tabby cat sitting in an outdoor yard,6,0.0,43,0.9986
8,An orange tabby cat sitting in an outdoor yard,6,0.0,44,0.998
8,An orange tabby cat sitting in an outdoor yard,6,0.0,45,0.9976
8,An orange tabby cat sitting in an outdoor yard,6,0.0,46,0.9984
8,An orange tabby cat sitting in an outdoor yard,6,0.25,42,0.995
8,An orange tabby cat sitting in an outdoor yard,6,0.25,43,0.9985
8,An orange tabby cat sitting in an outdoor yard,6,0.25,44,0.9985
8,An orange tabby cat sitting in an outdoor yard,6,0.25,45,0.9985
8,An orange tabby cat sitting in an outdoor yard,6,0.25,46,0.9985
8,An orange tabby cat sitting in an outdoor yard,6,0.375,42,0.9985
8,An orange tabby cat sitting in an outdoor yard,6,0.375,43,0.9985
8,An orange tabby cat sitting in an outdoor yard,6,0.375,44,0.998
8,An orange tabby cat sitting in an outdoor yard,6,0.375,45,0.9976
8,An orange tabby cat sitting in an outdoor yard,6,0.375,46,0.9983
8,An orange tabby cat sitting in an outdoor yard,6,0.5,42,0.9927
8,An orange tabby cat sitting in an outdoor yard,6,0.5,43,0.998
8,An orange tabby cat sitting in an outdoor yard,6,0.5,44,0.9967
8,An orange tabby cat sitting in an outdoor yard,6,0.5,45,0.9971
8,An orange tabby cat sitting in an outdoor yard,6,0.5,46,0.9983
8,An orange tabby cat sitting in an outdoor yard,6,0.625,42,0.9918
8,An orange tabby cat sitting in an outdoor yard,6,0.625,43,0.9956
8,An orange tabby cat sitting in an outdoor yard,6,0.625,44,0.9955
8,An orange tabby cat sitting in an outdoor yard,6,0.625,45,0.9926
8,An orange tabby cat sitting in an outdoor yard,6,0.625,46,0.9954
8,An orange tabby cat sitting in an outdoor yard,6,0.6875,42,0.9834
8,An orange tabby cat sitting in an outdoor yard,6,0.6875,43,0.9908
8,An orange tabby cat sitting in an outdoor yard,6,0.6875,44,0.9861
8,An orange tabby cat sitting in an outdoor yard,6,0.6875,45,0.9842
8,An orange tabby cat sitting in an outdoor yard,6,0.6875,46,0.988
8,An orange tabby cat sitting in an outdoor yard,6,0.75,42,0.964
8,An orange tabby cat sitting in an outdoor yard,6,0.75,43,0.9682
8,An orange tabby cat sitting in an outdoor yard,6,0.75,44,0.9506
8,An orange tabby cat sitting in an outdoor yard,6,0.75,45,0.9525
8,An orange tabby cat sitting in an outdoor yard,6,0.75,46,0.9485
8,An orange tabby cat sitting in an outdoor yard,6,0.8125,42,0.7658
8,An orange tabby cat sitting in an outdoor yard,6,0.8125,43,0.797
8,An orange tabby cat sitting in an outdoor yard,6,0.8125,44,0.7669
8,An orange tabby cat sitting in an outdoor yard,6,0.8125,45,0.7757
8,An orange tabby cat sitting in an outdoor yard,6,0.8125,46,0.7589
8,An orange tabby cat sitting in an outdoor yard,6,0.875,42,0.3081
8,An orange tabby cat sitting in an outdoor yard,6,0.875,43,0.2801
8,An orange tabby cat sitting in an outdoor yard,6,0.875,44,0.3531
8,An orange tabby cat sitting in an outdoor yard,6,0.875,45,0.2928
8,An orange tabby cat sitting in an outdoor yard,6,0.875,46,0.312
8,An orange tabby cat sitting in an outdoor yard,8,0.0,42,0.9987
8,An orange tabby cat sitting in an outdoor yard,8,0.0,43,0.9987
8,An orange tabby cat sitting in an outdoor yard,8,0.0,44,0.9981
8,An orange tabby cat sitting in an outdoor yard,8,0.0,45,0.9984
8,An orange tabby cat sitting in an outdoor yard,8,0.0,46,0.9986
8,An orange tabby cat sitting in an outdoor yard,8,0.25,42,0.9989
8,An orange tabby cat sitting in an outdoor yard,8,0.25,43,0.9986
8,An orange tabby cat sitting in an outdoor yard,8,0.25,44,0.9981
8,An orange tabby cat sitting in an outdoor yard,8,0.25,45,0.9986
8,An orange tabby cat sitting in an outdoor yard,8,0.25,46,0.9986
8,An orange tabby cat sitting in an outdoor yard,8,0.375,42,0.9983
8,An orange tabby cat sitting in an outdoor yard,8,0.375,43,0.9986
8,An orange tabby cat sitting in an outdoor yard,8,0.375,44,0.9986
8,An orange tabby cat sitting in an outdoor yard,8,0.375,45,0.9986
8,An orange tabby cat sitting in an outdoor yard,8,0.375,46,0.9986
8,An orange tabby cat sitting in an outdoor yard,8,0.5,42,0.9958
8,An orange tabby cat sitting in an outdoor yard,8,0.5,43,0.9983
8,An orange tabby cat sitting in an outdoor yard,8,0.5,44,0.9971
8,An orange tabby cat sitting in an outdoor yard,8,0.5,45,0.9983
8,An orange tabby cat sitting in an outdoor yard,8,0.5,46,0.9984
8,An orange tabby cat sitting in an outdoor yard,8,0.625,42,0.9942
8,An orange tabby cat sitting in an outdoor yard,8,0.625,43,0.9964
8,An orange tabby cat sitting in an outdoor yard,8,0.625,44,0.9961
8,An orange tabby cat sitting in an outdoor yard,8,0.625,45,0.9955
8,An orange tabby cat sitting in an outdoor yard,8,0.625,46,0.9964
8,An orange tabby cat sitting in an outdoor yard,8,0.6875,42,0.9867
8,An orange tabby cat sitting in an outdoor yard,8,0.6875,43,0.9914
8,An orange tabby cat sitting in an outdoor yard,8,0.6875,44,0.9886
8,An orange tabby cat sitting in an outdoor yard,8,0.6875,45,0.9879
8,An orange tabby cat sitting in an outdoor yard,8,0.6875,46,0.9875
8,An orange tabby cat sitting in an outdoor yard,8,0.75,42,0.9447
8,An orange tabby cat sitting in an outdoor yard,8,0.75,43,0.9687
8,An orange tabby cat sitting in an outdoor yard,8,0.75,44,0.9621
8,An orange tabby cat sitting in an outdoor yard,8,0.75,45,0.9527
8,An orange tabby cat sitting in an outdoor yard,8,0.75,46,0.9582
8,An orange tabby cat sitting in an outdoor yard,8,0.8125,42,0.7644
8,An orange tabby cat sitting in an outdoor yard,8,0.8125,43,0.8259
8,An orange tabby cat sitting in an outdoor yard,8,0.8125,44,0.7967
8,An orange tabby cat sitting in an outdoor yard,8,0.8125,45,0.7834
8,An orange tabby cat sitting in an outdoor yard,8,0.8125,46,0.7754
8,An orange tabby cat sitting in an outdoor yard,8,0.875,42,0.295
8,An orange tabby cat sitting in an outdoor yard,8,0.875,43,0.2966
8,An orange tabby cat sitting in an outdoor yard,8,0.875,44,0.3739
8,An orange tabby cat sitting in an outdoor yard,8,0.875,45,0.296
8,An orange tabby cat sitting in an outdoor yard,8,0.875,46,0.3568
8,An orange tabby cat sitting in an outdoor yard,10,0.0,42,0.9989
8,An orange tabby cat sitting in an outdoor yard,10,0.0,43,0.9987
8,An orange tabby cat sitting in an outdoor yard,10,0.0,44,0.9987
8,An orange tabby cat sitting in an outdoor yard,10,0.0,45,0.9987
8,An orange tabby cat sitting in an outdoor yard,10,0.0,46,0.9988
8,An orange tabby cat sitting in an outdoor yard,10,0.25,42,0.9989
8,An orange tabby cat sitting in an outdoor yard,10,0.25,43,0.9987
8,An orange tabby cat sitting in an outdoor yard,10,0.25,44,0.9982
8,An orange tabby cat sitting in an outdoor yard,10,0.25,45,0.9988
8,An orange tabby cat sitting in an outdoor yard,10,0.25,46,0.9987
8,An orange tabby cat sitting in an outdoor yard,10,0.375,42,0.9985
8,An orange tabby cat sitting in an outdoor yard,10,0.375,43,0.9987
8,An orange tabby cat sitting in an outdoor yard,10,0.375,44,0.9982
8,An orange tabby cat sitting in an outdoor yard,10,0.375,45,0.9983
8,An orange tabby cat sitting in an outdoor yard,10,0.375,46,0.9987
8,An orange tabby cat sitting in an outdoor yard,10,0.5,42,0.9981
8,An orange tabby cat sitting in an outdoor yard,10,0.5,43,0.9984
8,An orange tabby cat sitting in an outdoor yard,10,0.5,44,0.9978
8,An orange tabby cat sitting in an outdoor yard,10,0.5,45,0.9984
8,An orange tabby cat sitting in an outdoor yard,10,0.5,46,0.9985
8,An orange tabby cat sitting in an outdoor yard,10,0.625,42,0.9964
8,An orange tabby cat sitting in an outdoor yard,10,0.625,43,0.9966
8,An orange tabby cat sitting in an outdoor yard,10,0.625,44,0.9962
8,An orange tabby cat sitting in an outdoor yard,10,0.625,45,0.9956
8,An orange tabby cat sitting in an outdoor yard,10,0.625,46,0.9966
8,An orange tabby cat sitting in an outdoor yard,10,0.6875,42,0.9891
8,An orange tabby cat sitting in an outdoor yard,10,0.6875,43,0.9919
8,An orange tabby cat sitting in an outdoor yard,10,0.6875,44,0.9916
8,An orange tabby cat sitting in an outdoor yard,10,0.6875,45,0.9886
8,An orange tabby cat sitting in an outdoor yard,10,0.6875,46,0.9913
8,An orange tabby cat sitting in an outdoor yard,10,0.75,42,0.9657
8,An orange tabby cat sitting in an outdoor yard,10,0.75,43,0.9708
8,An orange tabby cat sitting in an outdoor yard,10,0.75,44,0.9708
8,An orange tabby cat sitting in an outdoor yard,10,0.75,45,0.9597
8,An orange tabby cat sitting in an outdoor yard,10,0.75,46,0.9631
8,An orange tabby cat sitting in an outdoor yard,10,0.8125,42,0.7908
8,An orange tabby cat sitting in an outdoor yard,10,0.8125,43,0.8531
8,An orange tabby cat sitting in an outdoor yard,10,0.8125,44,0.803
8,An orange tabby cat sitting in an outdoor yard,10,0.8125,45,0.776
8,An orange tabby cat sitting in an outdoor yard,10,0.8125,46,0.8129
8,An orange tabby cat sitting in an outdoor yard,10,0.875,42,0.32
8,An orange tabby cat sitting in an outdoor yard,10,0.875,43,0.3409
8,An orange tabby cat sitting in an outdoor yard,10,0.875,44,0.3849
8,An orange tabby cat sitting in an outdoor yard,10,0.875,45,0.3197
8,An orange tabby cat sitting in an outdoor yard,10,0.875,46,0.3939
8,An orange tabby cat sitting in an outdoor yard,12,0.0,42,0.999
8,An orange tabby cat sitting in an outdoor yard,12,0.0,43,0.9988
8,An orange tabby cat sitting in an outdoor yard,12,0.0,44,0.9986
8,An orange tabby cat sitting in an outdoor yard,12,0.0,45,0.9985
8,An orange tabby cat sitting in an outdoor yard,12,0.0,46,0.9989
8,An orange tabby cat sitting in an outdoor yard,12,0.25,42,0.9987
8,An orange tabby cat sitting in an outdoor yard,12,0.25,43,0.9988
8,An orange tabby cat sitting in an outdoor yard,12,0.25,44,0.9987
8,An orange tabby cat sitting in an outdoor yard,12,0.25,45,0.9987
8,An orange tabby cat sitting in an outdoor yard,12,0.25,46,0.9988
8,An orange tabby cat sitting in an outdoor yard,12,0.375,42,0.9989
8,An orange tabby cat sitting in an outdoor yard,12,0.375,43,0.9988
8,An orange tabby cat sitting in an outdoor yard,12,0.375,44,0.9984
8,An orange tabby cat sitting in an outdoor yard,12,0.375,45,0.9986
8,An orange tabby cat sitting in an outdoor yard,12,0.375,46,0.9988
8,An orange tabby cat sitting in an outdoor yard,12,0.5,42,0.9983
8,An orange tabby cat sitting in an outdoor yard,12,0.5,43,0.9985
8,An orange tabby cat sitting in an outdoor yard,12,0.5,44,0.9985
8,An orange tabby cat sitting in an outdoor yard,12,0.5,45,0.9984
8,An orange tabby cat sitting in an outdoor yard,12,0.5,46,0.9986
8,An orange tabby cat sitting in an outdoor yard,12,0.625,42,0.9964
8,An orange tabby cat sitting in an outdoor yard,12,0.625,43,0.997
8,An orange tabby cat sitting in an outdoor yard,12,0.625,44,0.9964
8,An orange tabby cat sitting in an outdoor yard,12,0.625,45,0.9962
8,An orange tabby cat sitting in an outdoor yard,12,0.625,46,0.9968
8,An orange tabby cat sitting in an outdoor yard,12,0.6875,42,0.9917
8,An orange tabby cat sitting in an outdoor yard,12,0.6875,43,0.9927
8,An orange tabby cat sitting in an outdoor yard,12,0.6875,44,0.992
8,An orange tabby cat sitting in an outdoor yard,12,0.6875,45,0.9896
8,An orange tabby cat sitting in an outdoor yard,12,0.6875,46,0.9924
8,An orange tabby cat sitting in an outdoor yard,12,0.75,42,0.9666
8,An orange tabby cat sitting in an outdoor yard,12,0.75,43,0.9718
8,An orange tabby cat sitting in an outdoor yard,12,0.75,44,0.9724
8,An orange tabby cat sitting in an outdoor yard,12,0.75,45,0.9589
8,An orange tabby cat sitting in an outdoor yard,12,0.75,46,0.9667
8,An orange tabby cat sitting in an outdoor yard,12,0.8125,42,0.7985
8,An orange tabby cat sitting in an outdoor yard,12,0.8125,43,0.8511
8,An orange tabby cat sitting in an outdoor yard,12,0.8125,44,0.8215
8,An orange tabby cat sitting in an outdoor yard,12,0.8125,45,0.7766
8,An orange tabby cat sitting in an outdoor yard,12,0.8125,46,0.8339
8,An orange tabby cat sitting in an outdoor yard,12,0.875,42,0.3581
8,An orange tabby cat sitting in an outdoor yard,12,0.875,43,0.364
8,An orange tabby cat sitting in an outdoor yard,12,0.875,44,0.4216
8,An orange tabby cat sitting in an outdoor yard,12,0.875,45,0.3415
8,An orange tabby cat sitting in an outdoor yard,12,0.875,46,0.4367
8,An orange tabby cat sitting in an outdoor yard,14,0.0,42,0.9988
8,An orange tabby cat sitting in an outdoor yard,14,0.0,43,0.9989
8,An orange tabby cat sitting in an outdoor yard,14,0.0,44,0.9989
8,An orange tabby cat sitting in an outdoor yard,14,0.0,45,0.9988
8,An orange tabby cat sitting in an outdoor yard,14,0.0,46,0.9989
8,An orange tabby cat sitting in an outdoor yard,14,0.25,42,0.999
8,An orange tabby cat sitting in an outdoor yard,14,0.25,43,0.9988
8,An orange tabby cat sitting in an outdoor yard,14,0.25,44,0.9985
8,An orange tabby cat sitting in an outdoor yard,14,0.25,45,0.9988
8,An orange tabby cat sitting in an outdoor yard,14,0.25,46,0.9989
8,An orange tabby cat sitting in an outdoor yard,14,0.375,42,0.9986
8,An orange tabby cat sitting in an outdoor yard,14,0.375,43,0.9988
8,An orange tabby cat sitting in an outdoor yard,14,0.375,44,0.9984
8,An orange tabby cat sitting in an outdoor yard,14,0.375,45,0.9989
8,An orange tabby cat sitting in an outdoor yard,14,0.375,46,0.9989
8,An orange tabby cat sitting in an outdoor yard,14,0.5,42,0.9987
8,An orange tabby cat sitting in an outdoor yard,14,0.5,43,0.9986
8,An orange tabby cat sitting in an outdoor yard,14,0.5,44,0.9983
8,An orange tabby cat sitting in an outdoor yard,14,0.5,45,0.9984
8,An orange tabby cat sitting in an outdoor yard,14,0.5,46,0.9986
8,An orange tabby cat sitting in an outdoor yard,14,0.625,42,0.9968
8,An orange tabby cat sitting in an outdoor yard,14,0.625,43,0.9972
8,An orange tabby cat sitting in an outdoor yard,14,0.625,44,0.9966
8,An orange tabby cat sitting in an outdoor yard,14,0.625,45,0.9958
8,An orange tabby cat sitting in an outdoor yard,14,0.625,46,0.9969
8,An orange tabby cat sitting in an outdoor yard,14,0.6875,42,0.9914
8,An orange tabby cat sitting in an outdoor yard,14,0.6875,43,0.9933
8,An orange tabby cat sitting in an outdoor yard,14,0.6875,44,0.9928
8,An orange tabby cat sitting in an outdoor yard,14,0.6875,45,0.989
8,An orange tabby cat sitting in an outdoor yard,14,0.6875,46,0.9926
8,An orange tabby cat sitting in an outdoor yard,14,0.75,42,0.9676
8,An orange tabby cat sitting in an outdoor yard,14,0.75,43,0.9756
8,An orange tabby cat sitting in an outdoor yard,14,0.75,44,0.9726
8,An orange tabby cat sitting in an outdoor yard,14,0.75,45,0.9561
8,An orange tabby cat sitting in an outdoor yard,14,0.75,46,0.9731
8,An orange tabby cat sitting in an outdoor yard,14,0.8125,42,0.812
8,An orange tabby cat sitting in an outdoor yard,14,0.8125,43,0.8585
8,An orange tabby cat sitting in an outdoor yard,14,0.8125,44,0.8356
8,An orange tabby cat sitting in an outdoor yard,14,0.8125,45,0.7911
8,An orange tabby cat sitting in an outdoor yard,14,0.8125,46,0.8616
8,An orange tabby cat sitting in an outdoor yard,14,0.875,42,0.3959
8,An orange tabby cat sitting in an outdoor yard,14,0.875,43,0.4036
8,An orange tabby cat sitting in an outdoor yard,14,0.875,44,0.4528
8,An orange tabby cat sitting in an outdoor yard,14,0.875,45,0.3801
8,An orange tabby cat sitting in an outdoor yard,14,0.875,46,0.4645
8,An orange tabby cat sitting in an outdoor yard,16,0.0,42,0.9991
8,An orange tabby cat sitting in an outdoor yard,16,0.0,43,0.9989
8,An orange tabby cat sitting in an outdoor yard,16,0.0,44,0.9989
8,An orange tabby cat sitting in an outdoor yard,16,0.0,45,0.9989
8,An orange tabby cat sitting in an outdoor yard,16,0.0,46,0.999
8,An orange tabby cat sitting in an outdoor yard,16,0.25,42,0.9991
8,An orange tabby cat sitting in an outdoor yard,16,0.25,43,0.9987
8,An orange tabby cat sitting in an outdoor yard,16,0.25,44,0.9989
8,An orange tabby cat sitting in an outdoor yard,16,0.25,45,0.9989
8,An orange tabby cat sitting in an outdoor yard,16,0.25,46,0.999
8,An orange tabby cat sitting in an outdoor yard,16,0.375,42,0.9989
8,An orange tabby cat sitting in an outdoor yard,16,0.375,43,0.9989
8,An orange tabby cat sitting in an outdoor yard,16,0.375,44,0.9989
8,An orange tabby cat sitting in an outdoor yard,16,0.375,45,0.9989
8,An orange tabby cat sitting in an outdoor yard,16,0.375,46,0.999
8,An orange tabby cat sitting in an outdoor yard,16,0.5,42,0.9987
8,An orange tabby cat sitting in an outdoor yard,16,0.5,43,0.9987
8,An orange tabby cat sitting in an outdoor yard,16,0.5,44,0.9985
8,An orange tabby cat sitting in an outdoor yard,16,0.5,45,0.9986
8,An orange tabby cat sitting in an outdoor yard,16,0.5,46,0.9987
8,An orange tabby cat sitting in an outdoor yard,16,0.625,42,0.9969
8,An orange tabby cat sitting in an outdoor yard,16,0.625,43,0.9973
8,An orange tabby cat sitting in an outdoor yard,16,0.625,44,0.9966
8,An orange tabby cat sitting in an outdoor yard,16,0.625,45,0.9962
8,An orange tabby cat sitting in an outdoor yard,16,0.625,46,0.9971
8,An orange tabby cat sitting in an outdoor yard,16,0.6875,42,0.9917
8,An orange tabby cat sitting in an outdoor yard,16,0.6875,43,0.9937
8,An orange tabby cat sitting in an outdoor yard,16,0.6875,44,0.9927
8,An orange tabby cat sitting in an outdoor yard,16,0.6875,45,0.9889
8,An orange tabby cat sitting in an outdoor yard,16,0.6875,46,0.993
8,An orange tabby cat sitting in an outdoor yard,16,0.75,42,0.9636
8,An orange tabby cat sitting in an outdoor yard,16,0.75,43,0.9781
8,An orange tabby cat sitting in an outdoor yard,16,0.75,44,0.9745
8,An orange tabby cat sitting in an outdoor yard,16,0.75,45,0.9553
8,An orange tabby cat sitting in an outdoor yard,16,0.75,46,0.9741
8,An orange tabby cat sitting in an outdoor yard,16,0.8125,42,0.821
8,An orange tabby cat sitting in an outdoor yard,16,0.8125,43,0.8831
8,An orange tabby cat sitting in an outdoor yard,16,0.8125,44,0.853
8,An orange tabby cat sitting in an outdoor yard,16,0.8125,45,0.8016
8,An orange tabby cat sitting in an outdoor yard,16,0.8125,46,0.8779
8,An orange tabby cat sitting in an outdoor yard,16,0.875,42,0.4348
8,An orange tabby cat sitting in an outdoor yard,16,0.875,43,0.4704
8,An orange tabby cat sitting in an outdoor yard,16,0.875,44,0.4868
8,An orange tabby cat sitting in an outdoor yard,16,0.875,45,0.4023
8,An orange tabby cat sitting in an outdoor yard,16,0.875,46,0.4952
8,An orange tabby cat sitting in an outdoor yard,18,0.0,42,0.9991
8,An orange tabby cat sitting in an outdoor yard,18,0.0,43,0.999
8,An orange tabby cat sitting in an outdoor yard,18,0.0,44,0.9989
8,An orange tabby cat sitting in an outdoor yard,18,0.0,45,0.999
8,An orange tabby cat sitting in an outdoor yard,18,0.0,46,0.9991
8,An orange tabby cat sitting in an outdoor yard,18,0.25,42,0.9991
8,An orange tabby cat sitting in an outdoor yard,18,0.25,43,0.9989
8,An orange tabby cat sitting in an outdoor yard,18,0.25,44,0.9989
8,An orange tabby cat sitting in an outdoor yard,18,0.25,45,0.999
8,An orange tabby cat sitting in an outdoor yard,18,0.25,46,0.9991
8,An orange tabby cat sitting in an outdoor yard,18,0.375,42,0.9991
8,An orange tabby cat sitting in an outdoor yard,18,0.375,43,0.9988
8,An orange tabby cat sitting in an outdoor yard,18,0.375,44,0.9989
8,An orange tabby cat sitting in an outdoor yard,18,0.375,45,0.9989
8,An orange tabby cat sitting in an outdoor yard,18,0.375,46,0.999
8,An orange tabby cat sitting in an outdoor yard,18,0.5,42,0.9987
8,An orange tabby cat sitting in an outdoor yard,18,0.5,43,0.9987
8,An orange tabby cat sitting in an outdoor yard,18,0.5,44,0.9987
8,An orange tabby cat sitting in an outdoor yard,18,0.5,45,0.9987
8,An orange tabby cat sitting in an outdoor yard,18,0.5,46,0.9988
8,An orange tabby cat sitting in an outdoor yard,18,0.625,42,0.9968
8,An orange tabby cat sitting in an outdoor yard,18,0.625,43,0.9973
8,An orange tabby cat sitting in an outdoor yard,18,0.625,44,0.9971
8,An orange tabby cat sitting in an outdoor yard,18,0.625,45,0.9961
8,An orange tabby cat sitting in an outdoor yard,18,0.625,46,0.9972
8,An orange tabby cat sitting in an outdoor yard,18,0.6875,42,0.9912
8,An orange tabby cat sitting in an outdoor yard,18,0.6875,43,0.9938
8,An orange tabby cat sitting in an outdoor yard,18,0.6875,44,0.9928
8,An orange tabby cat sitting in an outdoor yard,18,0.6875,45,0.9884
8,An orange tabby cat sitting in an outdoor yard,18,0.6875,46,0.9927
8,An orange tabby cat sitting in an outdoor yard,18,0.75,42,0.9653
8,An orange tabby cat sitting in an outdoor yard,18,0.75,43,0.9793
8,An orange tabby cat sitting in an outdoor yard,18,0.75,44,0.9743
8,An orange tabby cat sitting in an outdoor yard,18,0.75,45,0.9551
8,An orange tabby cat sitting in an outdoor yard,18,0.75,46,0.9757
8,An orange tabby cat sitting in an outdoor yard,18,0.8125,42,0.8271
8,An orange tabby cat sitting in an outdoor yard,18,0.8125,43,0.9009
8,An orange tabby cat sitting in an outdoor yard,18,0.8125,44,0.8616
8,An orange tabby cat sitting in an outdoor yard,18,0.8125,45,0.8024
8,An orange tabby cat sitting in an outdoor yard,18,0.8125,46,0.8853
8,An orange tabby cat sitting in an outdoor yard,18,0.875,42,0.4751
8,An orange tabby cat sitting in an outdoor yard,18,0.875,43,0.5626
8,An orange tabby cat sitting in an outdoor yard,18,0.875,44,0.498
8,An orange tabby cat sitting in an outdoor yard,18,0.875,45,0.4136
8,An orange tabby cat sitting in an outdoor yard,18,0.875,46,0.5164
8,An orange tabby cat sitting in an outdoor yard,20,0.0,42,0.9992
8,An orange tabby cat sitting in an outdoor yard,20,0.0,43,0.999
8,An orange tabby cat sitting in an outdoor yard,20,0.0,44,0.9991
8,An orange tabby cat sitting in an outdoor yard,20,0.0,45,0.999
8,An orange tabby cat sitting in an outdoor yard,20,0.0,46,0.9991
8,An orange tabby cat sitting in an outdoor yard,20,0.25,42,0.9992
8,An orange tabby cat sitting in an outdoor yard,20,0.25,43,0.9989
8,An orange tabby cat sitting in an outdoor yard,20,0.25,44,0.999
8,An orange tabby cat sitting in an outdoor yard,20,0.25,45,0.999
8,An orange tabby cat sitting in an outdoor yard,20,0.25,46,0.9991
8,An orange tabby cat sitting in an outdoor yard,20,0.375,42,0.9991
8,An orange tabby cat sitting in an outdoor yard,20,0.375,43,0.999
8,An orange tabby cat sitting in an outdoor yard,20,0.375,44,0.999
8,An orange tabby cat sitting in an outdoor yard,20,0.375,45,0.999
8,An orange tabby cat sitting in an outdoor yard,20,0.375,46,0.9991
8,An orange tabby cat sitting in an outdoor yard,20,0.5,42,0.9988
8,An orange tabby cat sitting in an outdoor yard,20,0.5,43,0.9986
8,An orange tabby cat sitting in an outdoor yard,20,0.5,44,0.9988
8,An orange tabby cat sitting in an outdoor yard,20,0.5,45,0.9987
8,An orange tabby cat sitting in an outdoor yard,20,0.5,46,0.9989
8,An orange tabby cat sitting in an outdoor yard,20,0.625,42,0.9967
8,An orange tabby cat sitting in an outdoor yard,20,0.625,43,0.9972
8,An orange tabby cat sitting in an outdoor yard,20,0.625,44,0.9969
8,An orange tabby cat sitting in an outdoor yard,20,0.625,45,0.9956
8,An orange tabby cat sitting in an outdoor yard,20,0.625,46,0.997
8,An orange tabby cat sitting in an outdoor yard,20,0.6875,42,0.9907
8,An orange tabby cat sitting in an outdoor yard,20,0.6875,43,0.9932
8,An orange tabby cat sitting in an outdoor yard,20,0.6875,44,0.9925
8,An orange tabby cat sitting in an outdoor yard,20,0.6875,45,0.987
8,An orange tabby cat sitting in an outdoor yard,20,0.6875,46,0.9924
8,An orange tabby cat sitting in an outdoor yard,20,0.75,42,0.9654
8,An orange tabby cat sitting in an outdoor yard,20,0.75,43,0.977
8,An orange tabby cat sitting in an outdoor yard,20,0.75,44,0.9728
8,An orange tabby cat sitting in an outdoor yard,20,0.75,45,0.953
8,An orange tabby cat sitting in an outdoor yard,20,0.75,46,0.9728
8,An orange tabby cat sitting in an outdoor yard,20,0.8125,42,0.8337
8,An orange tabby cat sitting in an outdoor yard,20,0.8125,43,0.8936
8,An orange tabby cat sitting in an outdoor yard,20,0.8125,44,0.8646
8,An orange tabby cat sitting in an outdoor yard,20,0.8125,45,0.7992
8,An orange tabby cat sitting in an outdoor yard,20,0.8125,46,0.8812
8,An orange tabby cat sitting in an outdoor yard,20,0.875,42,0.5046
8,An orange tabby cat sitting in an outdoor yard,20,0.875,43,0.5523
8,An orange tabby cat sitting in an outdoor yard,20,0.875,44,0.5014
8,An orange tabby cat sitting in an outdoor yard,20,0.875,45,0.4174
8,An orange tabby cat sitting in an outdoor yard,20,0.875,46,0.5104
8,An orange tabby cat sitting in an outdoor yard,22,0.0,42,0.9993
8,An orange tabby cat sitting in an outdoor yard,22,0.0,43,0.9991
8,An orange tabby cat sitting in an outdoor yard,22,0.0,44,0.9992
8,An orange tabby cat sitting in an outdoor yard,22,0.0,45,0.9991
8,An orange tabby cat sitting in an outdoor yard,22,0.0,46,0.9992
8,An orange tabby cat sitting in an outdoor yard,22,0.25,42,0.9993
8,An orange tabby cat sitting in an outdoor yard,22,0.25,43,0.9991
8,An orange tabby cat sitting in an outdoor yard,22,0.25,44,0.9991
8,An orange tabby cat sitting in an outdoor yard,22,0.25,45,0.9991
8,An orange tabby cat sitting in an outdoor yard,22,0.25,46,0.9992
8,An orange tabby cat sitting in an outdoor yard,22,0.375,42,0.9992
8,An orange tabby cat sitting in an outdoor yard,22,0.375,43,0.9991
8,An orange tabby cat sitting in an outdoor yard,22,0.375,44,0.9991
8,An orange tabby cat sitting in an outdoor yard,22,0.375,45,0.9991
8,An orange tabby cat sitting in an outdoor yard,22,0.375,46,0.9992
8,An orange tabby cat sitting in an outdoor yard,22,0.5,42,0.9989
8,An orange tabby cat sitting in an outdoor yard,22,0.5,43,0.9986
8,An orange tabby cat sitting in an outdoor yard,22,0.5,44,0.9988
8,An orange tabby cat sitting in an outdoor yard,22,0.5,45,0.9987
8,An orange tabby cat sitting in an outdoor yard,22,0.5,46,0.9989
8,An orange tabby cat sitting in an outdoor yard,22,0.625,42,0.9965
8,An orange tabby cat sitting in an outdoor yard,22,0.625,43,0.9969
8,An orange tabby cat sitting in an outdoor yard,22,0.625,44,0.9966
8,An orange tabby cat sitting in an outdoor yard,22,0.625,45,0.9952
8,An orange tabby cat sitting in an outdoor yard,22,0.625,46,0.9967
8,An orange tabby cat sitting in an outdoor yard,22,0.6875,42,0.9901
8,An orange tabby cat sitting in an outdoor yard,22,0.6875,43,0.992
8,An orange tabby cat sitting in an outdoor yard,22,0.6875,44,0.991
8,An orange tabby cat sitting in an outdoor yard,22,0.6875,45,0.9856
8,An orange tabby cat sitting in an outdoor yard,22,0.6875,46,0.9907
8,An orange tabby cat sitting in an outdoor yard,22,0.75,42,0.963
8,An orange tabby cat sitting in an outdoor yard,22,0.75,43,0.9721
8,An orange tabby cat sitting in an outdoor yard,22,0.75,44,0.9679
8,An orange tabby cat sitting in an outdoor yard,22,0.75,45,0.9462
8,An orange tabby cat sitting in an outdoor yard,22,0.75,46,0.966
8,An orange tabby cat sitting in an outdoor yard,22,0.8125,42,0.8297
8,An orange tabby cat sitting in an outdoor yard,22,0.8125,43,0.8668
8,An orange tabby cat sitting in an outdoor yard,22,0.8125,44,0.848
8,An orange tabby cat sitting in an outdoor yard,22,0.8125,45,0.7788
8,An orange tabby cat sitting in an outdoor yard,22,0.8125,46,0.8588
8,An orange tabby cat sitting in an outdoor yard,22,0.875,42,0.5119
8,An orange tabby cat sitting in an outdoor yard,22,0.875,43,0.5228
8,An orange tabby cat sitting in an outdoor yard,22,0.875,44,0.486
8,An orange tabby cat sitting in an outdoor yard,22,0.875,45,0.4174
8,An orange tabby cat sitting in an outdoor yard,22,0.875,46,0.4931
8,An orange tabby cat sitting in an outdoor yard,24,0.0,42,0.9994
8,An orange tabby cat sitting in an outdoor yard,24,0.0,43,0.9993
8,An orange tabby cat sitting in an outdoor yard,24,0.0,44,0.9993
8,An orange tabby cat sitting in an outdoor yard,24,0.0,45,0.9993
8,An orange tabby cat sitting in an outdoor yard,24,0.0,46,0.9994
8,An orange tabby cat sitting in an outdoor yard,24,0.25,42,0.9994
8,An orange tabby cat sitting in an outdoor yard,24,0.25,43,0.9992
8,An orange tabby cat sitting in an outdoor yard,24,0.25,44,0.9993
8,An orange tabby cat sitting in an outdoor yard,24,0.25,45,0.9992
8,An orange tabby cat sitting in an outdoor yard,24,0.25,46,0.9994
8,An orange tabby cat sitting in an outdoor yard,24,0.375,42,0.9993
8,An orange tabby cat sitting in an outdoor yard,24,0.375,43,0.9992
8,An orange tabby cat sitting in an outdoor yard,24,0.375,44,0.9992
8,An orange tabby cat sitting in an outdoor yard,24,0.375,45,0.9992
8,An orange tabby cat sitting in an outdoor yard,24,0.375,46,0.9993
8,An orange tabby cat sitting in an outdoor yard,24,0.5,42,0.9988
8,An orange tabby cat sitting in an outdoor yard,24,0.5,43,0.9988
8,An orange tabby cat sitting in an outdoor yard,24,0.5,44,0.9988
8,An orange tabby cat sitting in an outdoor yard,24,0.5,45,0.9986
8,An orange tabby cat sitting in an outdoor yard,24,0.5,46,0.9989
8,An orange tabby cat sitting in an outdoor yard,24,0.625,42,0.9956
8,An orange tabby cat sitting in an outdoor yard,24,0.625,43,0.9962
8,An orange tabby cat sitting in an outdoor yard,24,0.625,44,0.996
8,An orange tabby cat sitting in an outdoor yard,24,0.625,45,0.9941
8,An orange tabby cat sitting in an outdoor yard,24,0.625,46,0.9959
8,An orange tabby cat sitting in an outdoor yard,24,0.6875,42,0.9866
8,An orange tabby cat sitting in an outdoor yard,24,0.6875,43,0.9891
8,An orange tabby cat sitting in an outdoor yard,24,0.6875,44,0.9883
8,An orange tabby cat sitting in an outdoor yard,24,0.6875,45,0.9812
8,An orange tabby cat sitting in an outdoor yard,24,0.6875,46,0.9875
8,An orange tabby cat sitting in an outdoor yard,24,0.75,42,0.9487
8,An orange tabby cat sitting in an outdoor yard,24,0.75,43,0.9615
8,An orange tabby cat sitting in an outdoor yard,24,0.75,44,0.9576
8,An orange tabby cat sitting in an outdoor yard,24,0.75,45,0.9305
8,An orange tabby cat sitting in an outdoor yard,24,0.75,46,0.9548
8,An orange tabby cat sitting in an outdoor yard,24,0.8125,42,0.7933
8,An orange tabby cat sitting in an outdoor yard,24,0.8125,43,0.8342
8,An orange tabby cat sitting in an outdoor yard,24,0.8125,44,0.8268
8,An orange tabby cat sitting in an outdoor yard,24,0.8125,45,0.7406
8,An orange tabby cat sitting in an outdoor yard,24,0.8125,46,0.8276
8,An orange tabby cat sitting in an outdoor yard,24,0.875,42,0.4183
8,An orange tabby cat sitting in an outdoor yard,24,0.875,43,0.5123
8,An orange tabby cat sitting in an outdoor yard,24,0.875,44,0.5244
8,An orange tabby cat sitting in an outdoor yard,24,0.875,45,0.4457
8,An orange tabby cat sitting in an outdoor yard,24,0.875,46,0.5009
8,An orange tabby cat sitting in an outdoor yard,26,0.0,42,0.9998
8,An orange tabby cat sitting in an outdoor yard,26,0.0,43,0.9998
8,An orange tabby cat sitting in an outdoor yard,26,0.0,44,0.9998
8,An orange tabby cat sitting in an outdoor yard,26,0.0,45,0.9998
8,An orange tabby cat sitting in an outdoor yard,26,0.0,46,0.9998
8,An orange tabby cat sitting in an outdoor yard,26,0.25,42,0.9998
8,An orange tabby cat sitting in an outdoor yard,26,0.25,43,0.9997
8,An orange tabby cat sitting in an outdoor yard,26,0.25,44,0.9998
8,An orange tabby cat sitting in an outdoor yard,26,0.25,45,0.9998
8,An orange tabby cat sitting in an outdoor yard,26,0.25,46,0.9998
8,An orange tabby cat sitting in an outdoor yard,26,0.375,42,0.9996
8,An orange tabby cat sitting in an outdoor yard,26,0.375,43,0.9996
8,An orange tabby cat sitting in an outdoor yard,26,0.375,44,0.9995
8,An orange tabby cat sitting in an outdoor yard,26,0.375,45,0.9996
8,An orange tabby cat sitting in an outdoor yard,26,0.375,46,0.9996
8,An orange tabby cat sitting in an outdoor yard,26,0.5,42,0.9986
8,An orange tabby cat sitting in an outdoor yard,26,0.5,43,0.9986
8,An orange tabby cat sitting in an outdoor yard,26,0.5,44,0.9986
8,An orange tabby cat sitting in an outdoor yard,26,0.5,45,0.9984
8,An orange tabby cat sitting in an outdoor yard,26,0.5,46,0.9988
8,An orange tabby cat sitting in an outdoor yard,26,0.625,42,0.9919
8,An orange tabby cat sitting in an outdoor yard,26,0.625,43,0.9931
8,An orange tabby cat sitting in an outdoor yard,26,0.625,44,0.9928
8,An orange tabby cat sitting in an outdoor yard,26,0.625,45,0.9894
8,An orange tabby cat sitting in an outdoor yard,26,0.625,46,0.9932
8,An orange tabby cat sitting in an outdoor yard,26,0.6875,42,0.9739
8,An orange tabby cat sitting in an outdoor yard,26,0.6875,43,0.9788
8,An orange tabby cat sitting in an outdoor yard,26,0.6875,44,0.9776
8,An orange tabby cat sitting in an outdoor yard,26,0.6875,45,0.9646
8,An orange tabby cat sitting in an outdoor yard,26,0.6875,46,0.9781
8,An orange tabby cat sitting in an outdoor yard,26,0.75,42,0.9167
8,An orange tabby cat sitting in an outdoor yard,26,0.75,43,0.9344
8,An orange tabby cat sitting in an outdoor yard,26,0.75,44,0.9297
8,An orange tabby cat sitting in an outdoor yard,26,0.75,45,0.8895
8,An orange tabby cat sitting in an outdoor yard,26,0.75,46,0.9309
8,An orange tabby cat sitting in an outdoor yard,26,0.8125,42,0.7664
8,An orange tabby cat sitting in an outdoor yard,26,0.8125,43,0.821
8,An orange tabby cat sitting in an outdoor yard,26,0.8125,44,0.8045
8,An orange tabby cat sitting in an outdoor yard,26,0.8125,45,0.7056
8,An orange tabby cat sitting in an outdoor yard,26,0.8125,46,0.8134
8,An orange tabby cat sitting in an outdoor yard,26,0.875,42,0.4082
8,An orange tabby cat sitting in an outdoor yard,26,0.875,43,0.5571
8,An orange tabby cat sitting in an outdoor yard,26,0.875,44,0.5301
8,An orange tabby cat sitting in an outdoor yard,26,0.875,45,0.4317
8,An orange tabby cat sitting in an outdoor yard,26,0.875,46,0.5683
9,A Labrador Retriever walking down a street,2,0.0,42,0.9744
9,A Labrador Retriever walking down a street,2,0.0,43,0.9965
9,A Labrador Retriever walking down a street,2,0.0,44,0.9968
9,A Labrador Retriever walking down a street,2,0.0,45,0.9982
9,A Labrador Retriever walking down a street,2,0.0,46,0.9963
9,A Labrador Retriever walking down a street,2,0.25,42,0.9837
9,A Labrador Retriever walking down a street,2,0.25,43,0.9962
9,A Labrador Retriever walking down a street,2,0.25,44,0.9955
9,A Labrador Retriever walking down a street,2,0.25,45,0.9955
9,A Labrador Retriever walking down a street,2,0.25,46,0.9953
9,A Labrador Retriever walking down a street,2,0.375,42,0.9802
9,A Labrador Retriever walking down a street,2,0.375,43,0.986
9,A Labrador Retriever walking down a street,2,0.375,44,0.9877
9,A Labrador Retriever walking down a street,2,0.375,45,0.9979
9,A Labrador Retriever walking down a street,2,0.375,46,0.994
9,A Labrador Retriever walking down a street,2,0.5,42,0.9646
9,A Labrador Retriever walking down a street,2,0.5,43,0.9891
9,A Labrador Retriever walking down a street,2,0.5,44,0.9963
9,A Labrador Retriever walking down a street,2,0.5,45,0.9964
9,A Labrador Retriever walking down a street,2,0.5,46,0.9944
9,A Labrador Retriever walking down a street,2,0.625,42,0.9811
9,A Labrador Retriever walking down a street,2,0.625,43,0.9728
9,A Labrador Retriever walking down a street,2,0.625,44,0.9698
9,A Labrador Retriever walking down a street,2,0.625,45,0.9839
9,A Labrador Retriever walking down a street,2,0.625,46,0.9826
9,A Labrador Retriever walking down a street,2,0.6875,42,0.9737
9,A Labrador Retriever walking down a street,2,0.6875,43,0.9306
9,A Labrador Retriever walking down a street,2,0.6875,44,0.9468
9,A Labrador Retriever walking down a street,2,0.6875,45,0.936
9,A Labrador Retriever walking down a street,2,0.6875,46,0.9627
9,A Labrador Retriever walking down a street,2,0.75,42,0.9026
9,A Labrador Retriever walking down a street,2,0.75,43,0.8504
9,A Labrador Retriever walking down a street,2,0.75,44,0.8743
9,A Labrador Retriever walking down a street,2,0.75,45,0.886
9,A Labrador Retriever walking down a street,2,0.75,46,0.8904
9,A Labrador Retriever walking down a street,2,0.8125,42,0.7872
9,A Labrador Retriever walking down a street,2,0.8125,43,0.7962
9,A Labrador Retriever walking down a street,2,0.8125,44,0.7817
9,A Labrador Retriever walking down a street,2,0.8125,45,0.808
9,A Labrador Retriever walking down a street,2,0.8125,46,0.7388
9,A Labrador Retriever walking down a street,2,0.875,42,0.2635
9,A Labrador Retriever walking down a street,2,0.875,43,0.2938
9,A Labrador Retriever walking down a street,2,0.875,44,0.3089
9,A Labrador Retriever walking down a street,2,0.875,45,0.2973
9,A Labrador Retriever walking down a street,2,0.875,46,0.234
9,A Labrador Retriever walking down a street,4,0.0,42,0.9982
9,A Labrador Retriever walking down a street,4,0.0,43,0.998
9,A Labrador Retriever walking down a street,4,0.0,44,0.9978
9,A Labrador Retriever walking down a street,4,0.0,45,0.9976
9,A Labrador Retriever walking down a street,4,0.0,46,0.9969
9,A Labrador Retriever walking down a street,4,0.25,42,0.9898
9,A Labrador Retriever walking down a street,4,0.25,43,0.9979
9,A Labrador Retriever walking down a street,4,0.25,44,0.9971
9,A Labrador Retriever walking down a street,4,0.25,45,0.9984
9,A Labrador Retriever walking down a street,4,0.25,46,0.9964
9,A Labrador Retriever walking down a street,4,0.375,42,0.9984
9,A Labrador Retriever walking down a street,4,0.375,43,0.997
9,A Labrador Retriever walking down a street,4,0.375,44,0.9974
9,A Labrador Retriever walking down a street,4,0.375,45,0.998
9,A Labrador Retriever walking down a street,4,0.375,46,0.9961
9,A Labrador Retriever walking down a street,4,0.5,42,0.9903
9,A Labrador Retriever walking down a street,4,0.5,43,0.9964
9,A Labrador Retriever walking down a street,4,0.5,44,0.9948
9,A Labrador Retriever walking down a street,4,0.5,45,0.9965
9,A Labrador Retriever walking down a street,4,0.5,46,0.9959
9,A Labrador Retriever walking down a street,4,0.625,42,0.975
9,A Labrador Retriever walking down a street,4,0.625,43,0.9909
9,A Labrador Retriever walking down a street,4,0.625,44,0.9863
9,A Labrador Retriever walking down a street,4,0.625,45,0.9933
9,A Labrador Retriever walking down a street,4,0.625,46,0.9852
9,A Labrador Retriever walking down a street,4,0.6875,42,0.958
9,A Labrador Retriever walking down a street,4,0.6875,43,0.9771
9,A Labrador Retriever walking down a street,4,0.6875,44,0.9689
9,A Labrador Retriever walking down a street,4,0.6875,45,0.9827
9,A Labrador Retriever walking down a street,4,0.6875,46,0.9754
9,A Labrador Retriever walking down a street,4,0.75,42,0.9292
9,A Labrador Retriever walking down a street,4,0.75,43,0.9192
9,A Labrador Retriever walking down a street,4,0.75,44,0.9157
9,A Labrador Retriever walking down a street,4,0.75,45,0.9521
9,A Labrador Retriever walking down a street,4,0.75,46,0.929
9,A Labrador Retriever walking down a street,4,0.8125,42,0.794
9,A Labrador Retriever walking down a street,4,0.8125,43,0.8178
9,A Labrador Retriever walking down a street,4,0.8125,44,0.8066
9,A Labrador Retriever walking down a street,4,0.8125,45,0.8431
9,A Labrador Retriever walking down a street,4,0.8125,46,0.774
9,A Labrador Retriever walking down a street,4,0.875,42,0.2422
9,A Labrador Retriever walking down a street,4,0.875,43,0.3312
9,A Labrador Retriever walking down a street,4,0.875,44,0.3363
9,A Labrador Retriever walking down a street,4,0.875,45,0.3165
9,A Labrador Retriever walking down a street,4,0.875,46,0.2835
9,A Labrador Retriever walking down a street,6,0.0,42,0.9987
9,A Labrador Retriever walking down a street,6,0.0,43,0.9982
9,A Labrador Retriever walking down a street,6,0.0,44,0.9981
9,A Labrador Retriever walking down a street,6,0.0,45,0.9987
9,A Labrador Retriever walking down a street,6,0.0,46,0.9971
9,A Labrador Retriever walking down a street,6,0.25,42,0.9985
9,A Labrador Retriever walking down a street,6,0.25,43,0.9982
9,A Labrador Retriever walking down a street,6,0.25,44,0.9978
9,A Labrador Retriever walking down a street,6,0.25,45,0.9985
9,A Labrador Retriever walking down a street,6,0.25,46,0.9972
9,A Labrador Retriever walking down a street,6,0.375,42,0.9985
9,A Labrador Retriever walking down a street,6,0.375,43,0.9982
9,A Labrador Retriever walking down a street,6,0.375,44,0.9964
9,A Labrador Retriever walking down a street,6,0.375,45,0.9983
9,A Labrador Retriever walking down a street,6,0.375,46,0.997
9,A Labrador Retriever walking down a street,6,0.5,42,0.9977
9,A Labrador Retriever walking down a street,6,0.5,43,0.9978
9,A Labrador Retriever walking down a street,6,0.5,44,0.9975
9,A Labrador Retriever walking down a street,6,0.5,45,0.9981
9,A Labrador Retriever walking down a street,6,0.5,46,0.9977
9,A Labrador Retriever walking down a street,6,0.625,42,0.9911
9,A Labrador Retriever walking down a street,6,0.625,43,0.9946
9,A Labrador Retriever walking down a street,6,0.625,44,0.9928
9,A Labrador Retriever walking down a street,6,0.625,45,0.9945
9,A Labrador Retriever walking down a street,6,0.625,46,0.9926
9,A Labrador Retriever walking down a street,6,0.6875,42,0.9727
9,A Labrador Retriever walking down a street,6,0.6875,43,0.9886
9,A Labrador Retriever walking down a street,6,0.6875,44,0.984
9,A Labrador Retriever walking down a street,6,0.6875,45,0.9856
9,A Labrador Retriever walking down a street,6,0.6875,46,0.9804
9,A Labrador Retriever walking down a street,6,0.75,42,0.9653
9,A Labrador Retriever walking down a street,6,0.75,43,0.9625
9,A Labrador Retriever walking down a street,6,0.75,44,0.9542
9,A Labrador Retriever walking down a street,6,0.75,45,0.9649
9,A Labrador Retriever walking down a street,6,0.75,46,0.9373
9,A Labrador Retriever walking down a street,6,0.8125,42,0.8307
9,A Labrador Retriever walking down a street,6,0.8125,43,0.8726
9,A Labrador Retriever walking down a street,6,0.8125,44,0.8329
9,A Labrador Retriever walking down a street,6,0.8125,45,0.8592
9,A Labrador Retriever walking down a street,6,0.8125,46,0.7998
9,A Labrador Retriever walking down a street,6,0.875,42,0.2591
9,A Labrador Retriever walking down a street,6,0.875,43,0.3655
9,A Labrador Retriever walking down a street,6,0.875,44,0.3607
9,A Labrador Retriever walking down a street,6,0.875,45,0.3231
9,A Labrador Retriever walking down a street,6,0.875,46,0.3419
9,A Labrador Retriever walking down a street,8,0.0,42,0.9987
9,A Labrador Retriever walking down a street,8,0.0,43,0.9984
9,A Labrador Retriever walking down a street,8,0.0,44,0.9984
9,A Labrador Retriever walking down a street,8,0.0,45,0.9986
9,A Labrador Retriever walking down a street,8,0.0,46,0.9974
9,A Labrador Retriever walking down a street,8,0.25,42,0.9988
9,A Labrador Retriever walking down a street,8,0.25,43,0.9983
9,A Labrador Retriever walking down a street,8,0.25,44,0.9984
9,A Labrador Retriever walking down a street,8,0.25,45,0.9987
9,A Labrador Retriever walking down a street,8,0.25,46,0.9982
9,A Labrador Retriever walking down a street,8,0.375,42,0.9986
9,A Labrador Retriever walking down a street,8,0.375,43,0.9981
9,A Labrador Retriever walking down a street,8,0.375,44,0.998
9,A Labrador Retriever walking down a street,8,0.375,45,0.9984
9,A Labrador Retriever walking down a street,8,0.375,46,0.9972
9,A Labrador Retriever walking down a street,8,0.5,42,0.9984
9,A Labrador Retriever walking down a street,8,0.5,43,0.9981
9,A Labrador Retriever walking down a street,8,0.5,44,0.998
9,A Labrador Retriever walking down a street,8,0.5,45,0.9974
9,A Labrador Retriever walking down a street,8,0.5,46,0.9968
9,A Labrador Retriever walking down a street,8,0.625,42,0.9967
9,A Labrador Retriever walking down a street,8,0.625,43,0.9963
9,A Labrador Retriever walking down a street,8,0.625,44,0.995
9,A Labrador Retriever walking down a street,8,0.625,45,0.9963
9,A Labrador Retriever walking down a street,8,0.625,46,0.9944
9,A Labrador Retriever walking down a street,8,0.6875,42,0.9909
9,A Labrador Retriever walking down a street,8,0.6875,43,0.9909
9,A Labrador Retriever walking down a street,8,0.6875,44,0.9852
9,A Labrador Retriever walking down a street,8,0.6875,45,0.9898
9,A Labrador Retriever walking down a street,8,0.6875,46,0.9887
9,A Labrador Retriever walking down a street,8,0.75,42,0.9697
9,A Labrador Retriever walking down a street,8,0.75,43,0.9713
9,A Labrador Retriever walking down a street,8,0.75,44,0.9609
9,A Labrador Retriever walking down a street,8,0.75,45,0.9685
9,A Labrador Retriever walking down a street,8,0.75,46,0.9606
9,A Labrador Retriever walking down a street,8,0.8125,42,0.8438
9,A Labrador Retriever walking down a street,8,0.8125,43,0.906
9,A Labrador Retriever walking down a street,8,0.8125,44,0.8648
9,A Labrador Retriever walking down a street,8,0.8125,45,0.8661
9,A Labrador Retriever walking down a street,8,0.8125,46,0.8332
9,A Labrador Retriever walking down a street,8,0.875,42,0.2892
9,A Labrador Retriever walking down a street,8,0.875,43,0.3756
9,A Labrador Retriever walking down a street,8,0.875,44,0.3594
9,A Labrador Retriever walking down a street,8,0.875,45,0.3495
9,A Labrador Retriever walking down a street,8,0.875,46,0.3818
9,A Labrador Retriever walking down a street,10,0.0,42,0.9988
9,A Labrador Retriever walking down a street,10,0.0,43,0.9985
9,A Labrador Retriever walking down a street,10,0.0,44,0.9986
9,A Labrador Retriever walking down a street,10,0.0,45,0.9988
9,A Labrador Retriever walking down a street,10,0.0,46,0.9988
9,A Labrador Retriever walking down a street,10,0.25,42,0.9988
9,A Labrador Retriever walking down a street,10,0.25,43,0.9984
9,A Labrador Retriever walking down a street,10,0.25,44,0.9987
9,A Labrador Retriever walking down a street,10,0.25,45,0.9986
9,A Labrador Retriever walking down a street,10,0.25,46,0.9986
9,A Labrador Retriever walking down a street,10,0.375,42,0.9987
9,A Labrador Retriever walking down a street,10,0.375,43,0.9985
9,A Labrador Retriever walking down a street,10,0.375,44,0.9984
9,A Labrador Retriever walking down a street,10,0.375,45,0.9986
9,A Labrador Retriever walking down a street,10,0.375,46,0.9974
9,A Labrador Retriever walking down a street,10,0.5,42,0.9985
9,A Labrador Retriever walking down a street,10,0.5,43,0.9981
9,A Labrador Retriever walking down a street,10,0.5,44,0.9983
9,A Labrador Retriever walking down a street,10,0.5,45,0.9984
9,A Labrador Retriever walking down a street,10,0.5,46,0.9982
9,A Labrador Retriever walking down a street,10,0.625,42,0.9969
9,A Labrador Retriever walking down a street,10,0.625,43,0.9965
9,A Labrador Retriever walking down a street,10,0.625,44,0.9967
9,A Labrador Retriever walking down a street,10,0.625,45,0.9965
9,A Labrador Retriever walking down a street,10,0.625,46,0.995
9,A Labrador Retriever walking down a street,10,0.6875,42,0.9911
9,A Labrador Retriever walking down a street,10,0.6875,43,0.9925
9,A Labrador Retriever walking down a street,10,0.6875,44,0.9899
9,A Labrador Retriever walking down a street,10,0.6875,45,0.991
9,A Labrador Retriever walking down a street,10,0.6875,46,0.9897
9,A Labrador Retriever walking down a street,10,0.75,42,0.9726
9,A Labrador Retriever walking down a street,10,0.75,43,0.9772
9,A Labrador Retriever walking down a street,10,0.75,44,0.9702
9,A Labrador Retriever walking down a street,10,0.75,45,0.972
9,A Labrador Retriever walking down a street,10,0.75,46,0.9688
9,A Labrador Retriever walking down a street,10,0.8125,42,0.847
9,A Labrador Retriever walking down a street,10,0.8125,43,0.9121
9,A Labrador Retriever walking down a street,10,0.8125,44,0.8776
9,A Labrador Retriever walking down a street,10,0.8125,45,0.8695
9,A Labrador Retriever walking down a street,10,0.8125,46,0.8536
9,A Labrador Retriever walking down a street,10,0.875,42,0.316
9,A Labrador Retriever walking down a street,10,0.875,43,0.3982
9,A Labrador Retriever walking down a street,10,0.875,44,0.3865
9,A Labrador Retriever walking down a street,10,0.875,45,0.3964
9,A Labrador Retriever walking down a street,10,0.875,46,0.4059
9,A Labrador Retriever walking down a street,12,0.0,42,0.9987
9,A Labrador Retriever walking down a street,12,0.0,43,0.9985
9,A Labrador Retriever walking down a street,12,0.0,44,0.9987
9,A Labrador Retriever walking down a street,12,0.0,45,0.9988
9,A Labrador Retriever walking down a street,12,0.0,46,0.9988
9,A Labrador Retriever walking down a street,12,0.25,42,0.9988
9,A Labrador Retriever walking down a street,12,0.25,43,0.9985
9,A Labrador Retriever walking down a street,12,0.25,44,0.9987
9,A Labrador Retriever walking down a street,12,0.25,45,0.9988
9,A Labrador Retriever walking down a street,12,0.25,46,0.9988
9,A Labrador Retriever walking down a street,12,0.375,42,0.9988
9,A Labrador Retriever walking down a street,12,0.375,43,0.9985
9,A Labrador Retriever walking down a street,12,0.375,44,0.9987
9,A Labrador Retriever walking down a street,12,0.375,45,0.9987
9,A Labrador Retriever walking down a street,12,0.375,46,0.9984
9,A Labrador Retriever walking down a street,12,0.5,42,0.9985
9,A Labrador Retriever walking down a street,12,0.5,43,0.9983
9,A Labrador Retriever walking down a street,12,0.5,44,0.9984
9,A Labrador Retriever walking down a street,12,0.5,45,0.9985
9,A Labrador Retriever walking down a street,12,0.5,46,0.9986
9,A Labrador Retriever walking down a street,12,0.625,42,0.9969
9,A Labrador Retriever walking down a street,12,0.625,43,0.997
9,A Labrador Retriever walking down a street,12,0.625,44,0.996
9,A Labrador Retriever walking down a street,12,0.625,45,0.9969
9,A Labrador Retriever walking down a street,12,0.625,46,0.9956
9,A Labrador Retriever walking down a street,12,0.6875,42,0.9923
9,A Labrador Retriever walking down a street,12,0.6875,43,0.9935
9,A Labrador Retriever walking down a street,12,0.6875,44,0.9928
9,A Labrador Retriever walking down a street,12,0.6875,45,0.992
9,A Labrador Retriever walking down a street,12,0.6875,46,0.9915
9,A Labrador Retriever walking down a street,12,0.75,42,0.974
9,A Labrador Retriever walking down a street,12,0.75,43,0.9809
9,A Labrador Retriever walking down a street,12,0.75,44,0.9771
9,A Labrador Retriever walking down a street,12,0.75,45,0.9748
9,A Labrador Retriever walking down a street,12,0.75,46,0.9733
9,A Labrador Retriever walking down a street,12,0.8125,42,0.8422
9,A Labrador Retriever walking down a street,12,0.8125,43,0.9198
9,A Labrador Retriever walking down a street,12,0.8125,44,0.8807
9,A Labrador Retriever walking down a street,12,0.8125,45,0.8833
9,A Labrador Retriever walking down a street,12,0.8125,46,0.8624
9,A Labrador Retriever walking down a street,12,0.875,42,0.3036
9,A Labrador Retriever walking down a street,12,0.875,43,0.438
9,A Labrador Retriever walking down a street,12,0.875,44,0.4122
9,A Labrador Retriever walking down a street,12,0.875,45,0.4364
9,A Labrador Retriever walking down a street,12,0.875,46,0.425
9,A Labrador Retriever walking down a street,14,0.0,42,0.9988
9,A Labrador Retriever walking down a street,14,0.0,43,0.9986
9,A Labrador Retriever walking down a street,14,0.0,44,0.9988
9,A Labrador Retriever walking down a street,14,0.0,45,0.9988
9,A Labrador Retriever walking down a street,14,0.0,46,0.9989
9,A Labrador Retriever walking down a street,14,0.25,42,0.9988
9,A Labrador Retriever walking down a street,14,0.25,43,0.9986
9,A Labrador Retriever walking down a street,14,0.25,44,0.9988
9,A Labrador Retriever walking down a street,14,0.25,45,0.9989
9,A Labrador Retriever walking down a street,14,0.25,46,0.9989
9,A Labrador Retriever walking down a street,14,0.375,42,0.9988
9,A Labrador Retriever walking down a street,14,0.375,43,0.9985
9,A Labrador Retriever walking down a street,14,0.375,44,0.9987
9,A Labrador Retriever walking down a street,14,0.375,45,0.9987
9,A Labrador Retriever walking down a street,14,0.375,46,0.9987
9,A Labrador Retriever walking down a street,14,0.5,42,0.9986
9,A Labrador Retriever walking down a street,14,0.5,43,0.9984
9,A Labrador Retriever walking down a street,14,0.5,44,0.9985
9,A Labrador Retriever walking down a street,14,0.5,45,0.9985
9,A Labrador Retriever walking down a street,14,0.5,46,0.9985
9,A Labrador Retriever walking down a street,14,0.625,42,0.997
9,A Labrador Retriever walking down a street,14,0.625,43,0.9968
9,A Labrador Retriever walking down a street,14,0.625,44,0.997
9,A Labrador Retriever walking down a street,14,0.625,45,0.9973
9,A Labrador Retriever walking down a street,14,0.625,46,0.9959
9,A Labrador Retriever walking down a street,14,0.6875,42,0.9928
9,A Labrador Retriever walking down a street,14,0.6875,43,0.9932
9,A Labrador Retriever walking down a street,14,0.6875,44,0.9933
9,A Labrador Retriever walking down a street,14,0.6875,45,0.9935
9,A Labrador Retriever walking down a street,14,0.6875,46,0.9918
9,A Labrador Retriever walking down a street,14,0.75,42,0.9735
9,A Labrador Retriever walking down a street,14,0.75,43,0.9809
9,A Labrador Retriever walking down a street,14,0.75,44,0.9791
9,A Labrador Retriever walking down a street,14,0.75,45,0.9763
9,A Labrador Retriever walking down a street,14,0.75,46,0.9756
9,A Labrador Retriever walking down a street,14,0.8125,42,0.8307
9,A Labrador Retriever walking down a street,14,0.8125,43,0.924
9,A Labrador Retriever walking down a street,14,0.8125,44,0.8873
9,A Labrador Retriever walking down a street,14,0.8125,45,0.8726
9,A Labrador Retriever walking down a street,14,0.8125,46,0.8714
9,A Labrador Retriever walking down a street,14,0.875,42,0.3046
9,A Labrador Retriever walking down a street,14,0.875,43,0.4813
9,A Labrador Retriever walking down a street,14,0.875,44,0.4232
9,A Labrador Retriever walking down a street,14,0.875,45,0.4732
9,A Labrador Retriever walking down a street,14,0.875,46,0.4614
9,A Labrador Retriever walking down a street,16,0.0,42,0.9989
9,A Labrador Retriever walking down a street,16,0.0,43,0.9985
9,A Labrador Retriever walking down a street,16,0.0,44,0.9989
9,A Labrador Retriever walking down a street,16,0.0,45,0.9988
9,A Labrador Retriever walking down a street,16,0.0,46,0.999
9,A Labrador Retriever walking down a street,16,0.25,42,0.9988
9,A Labrador Retriever walking down a street,16,0.25,43,0.9986
9,A Labrador Retriever walking down a street,16,0.25,44,0.9989
9,A Labrador Retriever walking down a street,16,0.25,45,0.9988
9,A Labrador Retriever walking down a street,16,0.25,46,0.999
9,A Labrador Retriever walking down a street,16,0.375,42,0.9988
9,A Labrador Retriever walking down a street,16,0.375,43,0.9986
9,A Labrador Retriever walking down a street,16,0.375,44,0.9989
9,A Labrador Retriever walking down a street,16,0.375,45,0.9988
9,A Labrador Retriever walking down a street,16,0.375,46,0.9989
9,A Labrador Retriever walking down a street,16,0.5,42,0.9986
9,A Labrador Retriever walking down a street,16,0.5,43,0.9985
9,A Labrador Retriever walking down a street,16,0.5,44,0.9986
9,A Labrador Retriever walking down a street,16,0.5,45,0.9986
9,A Labrador Retriever walking down a street,16,0.5,46,0.9987
9,A Labrador Retriever walking down a street,16,0.625,42,0.9969
9,A Labrador Retriever walking down a street,16,0.625,43,0.9973
9,A Labrador Retriever walking down a street,16,0.625,44,0.9972
9,A Labrador Retriever walking down a street,16,0.625,45,0.9973
9,A Labrador Retriever walking down a street,16,0.625,46,0.9972
9,A Labrador Retriever walking down a street,16,0.6875,42,0.9925
9,A Labrador Retriever walking down a street,16,0.6875,43,0.9947
9,A Labrador Retriever walking down a street,16,0.6875,44,0.9934
9,A Labrador Retriever walking down a street,16,0.6875,45,0.9936
9,A Labrador Retriever walking down a street,16,0.6875,46,0.994
9,A Labrador Retriever walking down a street,16,0.75,42,0.9729
9,A Labrador Retriever walking down a street,16,0.75,43,0.9845
9,A Labrador Retriever walking down a street,16,0.75,44,0.9797
9,A Labrador Retriever walking down a street,16,0.75,45,0.9776
9,A Labrador Retriever walking down a street,16,0.75,46,0.9782
9,A Labrador Retriever walking down a street,16,0.8125,42,0.8211
9,A Labrador Retriever walking down a street,16,0.8125,43,0.9279
9,A Labrador Retriever walking down a street,16,0.8125,44,0.8841
9,A Labrador Retriever walking down a street,16,0.8125,45,0.8666
9,A Labrador Retriever walking down a street,16,0.8125,46,0.8753
9,A Labrador Retriever walking down a street,16,0.875,42,0.2849
9,A Labrador Retriever walking down a street,16,0.875,43,0.532
9,A Labrador Retriever walking down a street,16,0.875,44,0.4588
9,A Labrador Retriever walking down a street,16,0.875,45,0.5043
9,A Labrador Retriever walking down a street,16,0.875,46,0.5007
9,A Labrador Retriever walking down a street,18,0.0,42,0.9989
9,A Labrador Retriever walking down a street,18,0.0,43,0.9986
9,A Labrador Retriever walking down a street,18,0.0,44,0.9989
9,A Labrador Retriever walking down a street,18,0.0,45,0.9989
9,A Labrador Retriever walking down a street,18,0.0,46,0.9991
9,A Labrador Retriever walking down a street,18,0.25,42,0.9989
9,A Labrador Retriever walking down a street,18,0.25,43,0.9987
9,A Labrador Retriever walking down a street,18,0.25,44,0.999
9,A Labrador Retriever walking down a street,18,0.25,45,0.999
9,A Labrador Retriever walking down a street,18,0.25,46,0.9991
9,A Labrador Retriever walking down a street,18,0.375,42,0.9989
9,A Labrador Retriever walking down a street,18,0.375,43,0.9987
9,A Labrador Retriever walking down a street,18,0.375,44,0.9989
9,A Labrador Retriever walking down a street,18,0.375,45,0.999
9,A Labrador Retriever walking down a street,18,0.375,46,0.999
9,A Labrador Retriever walking down a street,18,0.5,42,0.9986
9,A Labrador Retriever walking down a street,18,0.5,43,0.9986
9,A Labrador Retriever walking down a street,18,0.5,44,0.9986
9,A Labrador Retriever walking down a street,18,0.5,45,0.9987
9,A Labrador Retriever walking down a street,18,0.5,46,0.9988
9,A Labrador Retriever walking down a street,18,0.625,42,0.9966
9,A Labrador Retriever walking down a street,18,0.625,43,0.9973
9,A Labrador Retriever walking down a street,18,0.625,44,0.9972
9,A Labrador Retriever walking down a street,18,0.625,45,0.9974
9,A Labrador Retriever walking down a street,18,0.625,46,0.9974
9,A Labrador Retriever walking down a street,18,0.6875,42,0.992
9,A Labrador Retriever walking down a street,18,0.6875,43,0.9944
9,A Labrador Retriever walking down a street,18,0.6875,44,0.9936
9,A Labrador Retriever walking down a street,18,0.6875,45,0.9933
9,A Labrador Retriever walking down a street,18,0.6875,46,0.9941
9,A Labrador Retriever walking down a street,18,0.75,42,0.9702
9,A Labrador Retriever walking down a street,18,0.75,43,0.9841
9,A Labrador Retriever walking down a street,18,0.75,44,0.9786
9,A Labrador Retriever walking down a street,18,0.75,45,0.977
9,A Labrador Retriever walking down a street,18,0.75,46,0.98
9,A Labrador Retriever walking down a street,18,0.8125,42,0.8138
9,A Labrador Retriever walking down a street,18,0.8125,43,0.9261
9,A Labrador Retriever walking down a street,18,0.8125,44,0.8786
9,A Labrador Retriever walking down a street,18,0.8125,45,0.8733
9,A Labrador Retriever walking down a street,18,0.8125,46,0.8898
9,A Labrador Retriever walking down a street,18,0.875,42,0.2706
9,A Labrador Retriever walking down a street,18,0.875,43,0.5905
9,A Labrador Retriever walking down a street,18,0.875,44,0.4917
9,A Labrador Retriever walking down a street,18,0.875,45,0.5354
9,A Labrador Retriever walking down a street,18,0.875,46,0.5472
9,A Labrador Retriever walking down a street,20,0.0,42,0.9989
9,A Labrador Retriever walking down a street,20,0.0,43,0.9987
9,A Labrador Retriever walking down a street,20,0.0,44,0.999
9,A Labrador Retriever walking down a street,20,0.0,45,0.999
9,A Labrador Retriever walking down a street,20,0.0,46,0.9991
9,A Labrador Retriever walking down a street,20,0.25,42,0.9989
9,A Labrador Retriever walking down a street,20,0.25,43,0.9986
9,A Labrador Retriever walking down a street,20,0.25,44,0.999
9,A Labrador Retriever walking down a street,20,0.25,45,0.9991
9,A Labrador Retriever walking down a street,20,0.25,46,0.9991
9,A Labrador Retriever walking down a street,20,0.375,42,0.9989
9,A Labrador Retriever walking down a street,20,0.375,43,0.9988
9,A Labrador Retriever walking down a street,20,0.375,44,0.999
9,A Labrador Retriever walking down a street,20,0.375,45,0.999
9,A Labrador Retriever walking down a street,20,0.375,46,0.999
9,A Labrador Retriever walking down a street,20,0.5,42,0.9986
9,A Labrador Retriever walking down a street,20,0.5,43,0.9986
9,A Labrador Retriever walking down a street,20,0.5,44,0.9986
9,A Labrador Retriever walking down a street,20,0.5,45,0.9988
9,A Labrador Retriever walking down a street,20,0.5,46,0.9989
9,A Labrador Retriever walking down a street,20,0.625,42,0.9964
9,A Labrador Retriever walking down a street,20,0.625,43,0.9973
9,A Labrador Retriever walking down a street,20,0.625,44,0.9971
9,A Labrador Retriever walking down a street,20,0.625,45,0.9972
9,A Labrador Retriever walking down a street,20,0.625,46,0.9974
9,A Labrador Retriever walking down a street,20,0.6875,42,0.9908
9,A Labrador Retriever walking down a street,20,0.6875,43,0.9941
9,A Labrador Retriever walking down a street,20,0.6875,44,0.9931
9,A Labrador Retriever walking down a street,20,0.6875,45,0.9929
9,A Labrador Retriever walking down a street,20,0.6875,46,0.9937
9,A Labrador Retriever walking down a street,20,0.75,42,0.9651
9,A Labrador Retriever walking down a street,20,0.75,43,0.9824
9,A Labrador Retriever walking down a street,20,0.75,44,0.9765
9,A Labrador Retriever walking down a street,20,0.75,45,0.9749
9,A Labrador Retriever walking down a street,20,0.75,46,0.9798
9,A Labrador Retriever walking down a street,20,0.8125,42,0.8161
9,A Labrador Retriever walking down a street,20,0.8125,43,0.9189
9,A Labrador Retriever walking down a street,20,0.8125,44,0.8757
9,A Labrador Retriever walking down a street,20,0.8125,45,0.8788
9,A Labrador Retriever walking down a street,20,0.8125,46,0.8996
9,A Labrador Retriever walking down a street,20,0.875,42,0.2586
9,A Labrador Retriever walking down a street,20,0.875,43,0.6157
9,A Labrador Retriever walking down a street,20,0.875,44,0.518
9,A Labrador Retriever walking down a street,20,0.875,45,0.5454
9,A Labrador Retriever walking down a street,20,0.875,46,0.5575
9,A Labrador Retriever walking down a street,22,0.0,42,0.999
9,A Labrador Retriever walking down a street,22,0.0,43,0.9989
9,A Labrador Retriever walking down a street,22,0.0,44,0.9991
9,A Labrador Retriever walking down a street,22,0.0,45,0.9991
9,A Labrador Retriever walking down a street,22,0.0,46,0.9992
9,A Labrador Retriever walking down a street,22,0.25,42,0.9989
9,A Labrador Retriever walking down a street,22,0.25,43,0.9989
9,A Labrador Retriever walking down a street,22,0.25,44,0.9991
9,A Labrador Retriever walking down a street,22,0.25,45,0.9991
9,A Labrador Retriever walking down a street,22,0.25,46,0.9992
9,A Labrador Retriever walking down a street,22,0.375,42,0.9989
9,A Labrador Retriever walking down a street,22,0.375,43,0.9988
9,A Labrador Retriever walking down a street,22,0.375,44,0.9991
9,A Labrador Retriever walking down a street,22,0.375,45,0.9991
9,A Labrador Retriever walking down a street,22,0.375,46,0.9992
9,A Labrador Retriever walking down a street,22,0.5,42,0.9986
9,A Labrador Retriever walking down a street,22,0.5,43,0.9987
9,A Labrador Retriever walking down a street,22,0.5,44,0.9988
9,A Labrador Retriever walking down a street,22,0.5,45,0.9988
9,A Labrador Retriever walking down a street,22,0.5,46,0.9989
9,A Labrador Retriever walking down a street,22,0.625,42,0.9959
9,A Labrador Retriever walking down a street,22,0.625,43,0.997
9,A Labrador Retriever walking down a street,22,0.625,44,0.9969
9,A Labrador Retriever walking down a street,22,0.625,45,0.9968
9,A Labrador Retriever walking down a street,22,0.625,46,0.997
9,A Labrador Retriever walking down a street,22,0.6875,42,0.9882
9,A Labrador Retriever walking down a street,22,0.6875,43,0.993
9,A Labrador Retriever walking down a street,22,0.6875,44,0.992
9,A Labrador Retriever walking down a street,22,0.6875,45,0.9914
9,A Labrador Retriever walking down a street,22,0.6875,46,0.9924
9,A Labrador Retriever walking down a street,22,0.75,42,0.9563
9,A Labrador Retriever walking down a street,22,0.75,43,0.9783
9,A Labrador Retriever walking down a street,22,0.75,44,0.9731
9,A Labrador Retriever walking down a street,22,0.75,45,0.9709
9,A Labrador Retriever walking down a street,22,0.75,46,0.9734
9,A Labrador Retriever walking down a street,22,0.8125,42,0.7936
9,A Labrador Retriever walking down a street,22,0.8125,43,0.9026
9,A Labrador Retriever walking down a street,22,0.8125,44,0.8699
9,A Labrador Retriever walking down a street,22,0.8125,45,0.8757
9,A Labrador Retriever walking down a street,22,0.8125,46,0.8778
9,A Labrador Retriever walking down a street,22,0.875,42,0.2759
9,A Labrador Retriever walking down a street,22,0.875,43,0.6167
9,A Labrador Retriever walking down a street,22,0.875,44,0.5413
9,A Labrador Retriever walking down a street,22,0.875,45,0.5448
9,A Labrador Retriever walking down a street,22,0.875,46,0.5493
9,A Labrador Retriever walking down a street,24,0.0,42,0.9991
9,A Labrador Retriever walking down a street,24,0.0,43,0.9991
9,A Labrador Retriever walking down a street,24,0.0,44,0.9993
9,A Labrador Retriever walking down a street,24,0.0,45,0.9993
9,A Labrador Retriever walking down a street,24,0.0,46,0.9994
9,A Labrador Retriever walking down a street,24,0.25,42,0.9991
9,A Labrador Retriever walking down a street,24,0.25,43,0.999
9,A Labrador Retriever walking down a street,24,0.25,44,0.9992
9,A Labrador Retriever walking down a street,24,0.25,45,0.9992
9,A Labrador Retriever walking down a street,24,0.25,46,0.9993
9,A Labrador Retriever walking down a street,24,0.375,42,0.999
9,A Labrador Retriever walking down a street,24,0.375,43,0.999
9,A Labrador Retriever walking down a street,24,0.375,44,0.9992
9,A Labrador Retriever walking down a street,24,0.375,45,0.9992
9,A Labrador Retriever walking down a street,24,0.375,46,0.9993
9,A Labrador Retriever walking down a street,24,0.5,42,0.9985
9,A Labrador Retriever walking down a street,24,0.5,43,0.9987
9,A Labrador Retriever walking down a street,24,0.5,44,0.9988
9,A Labrador Retriever walking down a street,24,0.5,45,0.9988
9,A Labrador Retriever walking down a street,24,0.5,46,0.9989
9,A Labrador Retriever walking down a street,24,0.625,42,0.9941
9,A Labrador Retriever walking down a street,24,0.625,43,0.9961
9,A Labrador Retriever walking down a street,24,0.625,44,0.9959
9,A Labrador Retriever walking down a street,24,0.625,45,0.9954
9,A Labrador Retriever walking down a street,24,0.625,46,0.996
9,A Labrador Retriever walking down a street,24,0.6875,42,0.9814
9,A Labrador Retriever walking down a street,24,0.6875,43,0.9895
9,A Labrador Retriever walking down a street,24,0.6875,44,0.9885
9,A Labrador Retriever walking down a street,24,0.6875,45,0.9861
9,A Labrador Retriever walking down a street,24,0.6875,46,0.9887
9,A Labrador Retriever walking down a street,24,0.75,42,0.9328
9,A Labrador Retriever walking down a street,24,0.75,43,0.9645
9,A Labrador Retriever walking down a street,24,0.75,44,0.9602
9,A Labrador Retriever walking down a street,24,0.75,45,0.9526
9,A Labrador Retriever walking down a street,24,0.75,46,0.9616
9,A Labrador Retriever walking down a street,24,0.8125,42,0.7482
9,A Labrador Retriever walking down a street,24,0.8125,43,0.8608
9,A Labrador Retriever walking down a street,24,0.8125,44,0.8434
9,A Labrador Retriever walking down a street,24,0.8125,45,0.8348
9,A Labrador Retriever walking down a street,24,0.8125,46,0.8496
9,A Labrador Retriever walking down a street,24,0.875,42,0.3439
9,A Labrador Retriever walking down a street,24,0.875,43,0.6039
9,A Labrador Retriever walking down a street,24,0.875,44,0.5619
9,A Labrador Retriever walking down a street,24,0.875,45,0.5473
9,A Labrador Retriever walking down a street,24,0.875,46,0.571
9,A Labrador Retriever walking down a street,26,0.0,42,0.9997
9,A Labrador Retriever walking down a street,26,0.0,43,0.9997
9,A Labrador Retriever walking down a street,26,0.0,44,0.9997
9,A Labrador Retriever walking down a street,26,0.0,45,0.9997
9,A Labrador Retriever walking down a street,26,0.0,46,0.9998
9,A Labrador Retriever walking down a street,26,0.25,42,0.9997
9,A Labrador Retriever walking down a street,26,0.25,43,0.9997
9,A Labrador Retriever walking down a street,26,0.25,44,0.9997
9,A Labrador Retriever walking down a street,26,0.25,45,0.9997
9,A Labrador Retriever walking down a street,26,0.25,46,0.9998
9,A Labrador Retriever walking down a street,26,0.375,42,0.9994
9,A Labrador Retriever walking down a street,26,0.375,43,0.9996
9,A Labrador Retriever walking down a street,26,0.375,44,0.9995
9,A Labrador Retriever walking down a street,26,0.375,45,0.9995
9,A Labrador Retriever walking down a street,26,0.375,46,0.9996
9,A Labrador Retriever walking down a street,26,0.5,42,0.9978
9,A Labrador Retriever walking down a street,26,0.5,43,0.9986
9,A Labrador Retriever walking down a street,26,0.5,44,0.9986
9,A Labrador Retriever walking down a street,26,0.5,45,0.9984
9,A Labrador Retriever walking down a street,26,0.5,46,0.9987
9,A Labrador Retriever walking down a street,26,0.625,42,0.9846
9,A Labrador Retriever walking down a street,26,0.625,43,0.9925
9,A Labrador Retriever walking down a street,26,0.625,44,0.992
9,A Labrador Retriever walking down a street,26,0.625,45,0.9895
9,A Labrador Retriever walking down a street,26,0.625,46,0.9926
9,A Labrador Retriever walking down a street,26,0.6875,42,0.9503
9,A Labrador Retriever walking down a street,26,0.6875,43,0.9776
9,A Labrador Retriever walking down a street,26,0.6875,44,0.9762
9,A Labrador Retriever walking down a street,26,0.6875,45,0.9674
9,A Labrador Retriever walking down a street,26,0.6875,46,0.9771
9,A Labrador Retriever walking down a street,26,0.75,42,0.8597
9,A Labrador Retriever walking down a street,26,0.75,43,0.9348
9,A Labrador Retriever walking down a street,26,0.75,44,0.9305
9,A Labrador Retriever walking down a street,26,0.75,45,0.9071
9,A Labrador Retriever walking down a street,26,0.75,46,0.9341
9,A Labrador Retriever walking down a street,26,0.8125,42,0.6791
9,A Labrador Retriever walking down a street,26,0.8125,43,0.8414
9,A Labrador Retriever walking down a street,26,0.8125,44,0.8287
9,A Labrador Retriever walking down a street,26,0.8125,45,0.7923
9,A Labrador Retriever walking down a street,26,0.8125,46,0.8312
9,A Labrador Retriever walking down a street,26,0.875,42,0.3888
9,A Labrador Retriever walking down a street,26,0.875,43,0.6335
9,A Labrador Retriever walking down a street,26,0.875,44,0.6095
9,A Labrador Retriever walking down a street,26,0.875,45,0.5346
9,A Labrador Retriever walking down a street,26,0.875,46,0.6062
